done,split,idx_in_split,overlay_path,image_path,mask_path,checker,check_date,notes
"","training","1","data/CLP_dataset/clp2k/annotations_overlay/training/bai-xueshi_contending-greenery-among-thousands-of-peaks_1.jpg","data/CLP_dataset/clp2k/images/training/bai-xueshi_contending-greenery-among-thousands-of-peaks_1.jpg","data/CLP_dataset/clp2k/annotations/training/bai-xueshi_contending-greenery-among-thousands-of-peaks_1.png","","",""
"","training","2","data/CLP_dataset/clp2k/annotations_overlay/training/bai-xueshi_contending-greenery-among-thousands-of-peaks_2.jpg","data/CLP_dataset/clp2k/images/training/bai-xueshi_contending-greenery-among-thousands-of-peaks_2.jpg","data/CLP_dataset/clp2k/annotations/training/bai-xueshi_contending-greenery-among-thousands-of-peaks_2.png","","",""
"","training","3","data/CLP_dataset/clp2k/annotations_overlay/training/bai-xueshi_contending-greenery-among-thousands-of-peaks_3.jpg","data/CLP_dataset/clp2k/images/training/bai-xueshi_contending-greenery-among-thousands-of-peaks_3.jpg","data/CLP_dataset/clp2k/annotations/training/bai-xueshi_contending-greenery-among-thousands-of-peaks_3.png","","",""
"","training","4","data/CLP_dataset/clp2k/annotations_overlay/training/bai-xueshi_contending-greenery-among-thousands-of-peaks_5.jpg","data/CLP_dataset/clp2k/images/training/bai-xueshi_contending-greenery-among-thousands-of-peaks_5.jpg","data/CLP_dataset/clp2k/annotations/training/bai-xueshi_contending-greenery-among-thousands-of-peaks_5.png","","",""
"","training","5","data/CLP_dataset/clp2k/annotations_overlay/training/bai-xueshi_contending-greenery-among-thousands-of-peaks_6.jpg","data/CLP_dataset/clp2k/images/training/bai-xueshi_contending-greenery-among-thousands-of-peaks_6.jpg","data/CLP_dataset/clp2k/annotations/training/bai-xueshi_contending-greenery-among-thousands-of-peaks_6.png","","",""
"","training","6","data/CLP_dataset/clp2k/annotations_overlay/training/bai-xueshi_contending-greenery-among-thousands-of-peaks_7.jpg","data/CLP_dataset/clp2k/images/training/bai-xueshi_contending-greenery-among-thousands-of-peaks_7.jpg","data/CLP_dataset/clp2k/annotations/training/bai-xueshi_contending-greenery-among-thousands-of-peaks_7.png","","",""
"","training","7","data/CLP_dataset/clp2k/annotations_overlay/training/bai-xueshi_contending-greenery-among-thousands-of-peaks_8.jpg","data/CLP_dataset/clp2k/images/training/bai-xueshi_contending-greenery-among-thousands-of-peaks_8.jpg","data/CLP_dataset/clp2k/annotations/training/bai-xueshi_contending-greenery-among-thousands-of-peaks_8.png","","",""
"","training","8","data/CLP_dataset/clp2k/annotations_overlay/training/bai-xueshi_contending-greenery-among-thousands-of-peaks_9.jpg","data/CLP_dataset/clp2k/images/training/bai-xueshi_contending-greenery-among-thousands-of-peaks_9.jpg","data/CLP_dataset/clp2k/annotations/training/bai-xueshi_contending-greenery-among-thousands-of-peaks_9.png","","",""
"","training","9","data/CLP_dataset/clp2k/annotations_overlay/training/dai-jin_returning-late-from-a-spring-outing_5.jpg","data/CLP_dataset/clp2k/images/training/dai-jin_returning-late-from-a-spring-outing_5.jpg","data/CLP_dataset/clp2k/annotations/training/dai-jin_returning-late-from-a-spring-outing_5.png","","",""
"","training","10","data/CLP_dataset/clp2k/annotations_overlay/training/dai-jin_returning-late-from-a-spring-outing_6.jpg","data/CLP_dataset/clp2k/images/training/dai-jin_returning-late-from-a-spring-outing_6.jpg","data/CLP_dataset/clp2k/annotations/training/dai-jin_returning-late-from-a-spring-outing_6.png","","",""
"","training","11","data/CLP_dataset/clp2k/annotations_overlay/training/dong-yuan_xiao-xiang_2.jpg","data/CLP_dataset/clp2k/images/training/dong-yuan_xiao-xiang_2.jpg","data/CLP_dataset/clp2k/annotations/training/dong-yuan_xiao-xiang_2.png","","",""
"","training","12","data/CLP_dataset/clp2k/annotations_overlay/training/dong-yuan_xiao-xiang_3.jpg","data/CLP_dataset/clp2k/images/training/dong-yuan_xiao-xiang_3.jpg","data/CLP_dataset/clp2k/annotations/training/dong-yuan_xiao-xiang_3.png","","",""
"","training","13","data/CLP_dataset/clp2k/annotations_overlay/training/fankuan_yanlanqiuxiaotu_17.jpg","data/CLP_dataset/clp2k/images/training/fankuan_yanlanqiuxiaotu_17.jpg","data/CLP_dataset/clp2k/annotations/training/fankuan_yanlanqiuxiaotu_17.png","","",""
"","training","14","data/CLP_dataset/clp2k/annotations_overlay/training/fankuan_yanlanqiuxiaotu_20.jpg","data/CLP_dataset/clp2k/images/training/fankuan_yanlanqiuxiaotu_20.jpg","data/CLP_dataset/clp2k/annotations/training/fankuan_yanlanqiuxiaotu_20.png","","",""
"","training","15","data/CLP_dataset/clp2k/annotations_overlay/training/fankuan_yanlanqiuxiaotu_22.jpg","data/CLP_dataset/clp2k/images/training/fankuan_yanlanqiuxiaotu_22.jpg","data/CLP_dataset/clp2k/annotations/training/fankuan_yanlanqiuxiaotu_22.png","","",""
"","training","16","data/CLP_dataset/clp2k/annotations_overlay/training/fankuan_yanlanqiuxiaotu_23.jpg","data/CLP_dataset/clp2k/images/training/fankuan_yanlanqiuxiaotu_23.jpg","data/CLP_dataset/clp2k/annotations/training/fankuan_yanlanqiuxiaotu_23.png","","",""
"","training","17","data/CLP_dataset/clp2k/annotations_overlay/training/fankuan_yanlanqiuxiaotu_24.jpg","data/CLP_dataset/clp2k/images/training/fankuan_yanlanqiuxiaotu_24.jpg","data/CLP_dataset/clp2k/annotations/training/fankuan_yanlanqiuxiaotu_24.png","","",""
"","training","18","data/CLP_dataset/clp2k/annotations_overlay/training/fankuan_yanlanqiuxiaotu_25.jpg","data/CLP_dataset/clp2k/images/training/fankuan_yanlanqiuxiaotu_25.jpg","data/CLP_dataset/clp2k/annotations/training/fankuan_yanlanqiuxiaotu_25.png","","",""
"","training","19","data/CLP_dataset/clp2k/annotations_overlay/training/fankuan_yanlanqiuxiaotu_27.jpg","data/CLP_dataset/clp2k/images/training/fankuan_yanlanqiuxiaotu_27.jpg","data/CLP_dataset/clp2k/annotations/training/fankuan_yanlanqiuxiaotu_27.png","","",""
"","training","20","data/CLP_dataset/clp2k/annotations_overlay/training/fankuan_yanlanqiuxiaotu_31.jpg","data/CLP_dataset/clp2k/images/training/fankuan_yanlanqiuxiaotu_31.jpg","data/CLP_dataset/clp2k/annotations/training/fankuan_yanlanqiuxiaotu_31.png","","",""
"","training","21","data/CLP_dataset/clp2k/annotations_overlay/training/fankuan_yanlanqiuxiaotu_35.jpg","data/CLP_dataset/clp2k/images/training/fankuan_yanlanqiuxiaotu_35.jpg","data/CLP_dataset/clp2k/annotations/training/fankuan_yanlanqiuxiaotu_35.png","","",""
"","training","22","data/CLP_dataset/clp2k/annotations_overlay/training/fankuan_yanlanqiuxiaotu_36.jpg","data/CLP_dataset/clp2k/images/training/fankuan_yanlanqiuxiaotu_36.jpg","data/CLP_dataset/clp2k/annotations/training/fankuan_yanlanqiuxiaotu_36.png","","",""
"","training","23","data/CLP_dataset/clp2k/annotations_overlay/training/fankuan_yanlanqiuxiaotu_37.jpg","data/CLP_dataset/clp2k/images/training/fankuan_yanlanqiuxiaotu_37.jpg","data/CLP_dataset/clp2k/annotations/training/fankuan_yanlanqiuxiaotu_37.png","","",""
"","training","24","data/CLP_dataset/clp2k/annotations_overlay/training/fankuan_yanlanqiuxiaotu_44.jpg","data/CLP_dataset/clp2k/images/training/fankuan_yanlanqiuxiaotu_44.jpg","data/CLP_dataset/clp2k/annotations/training/fankuan_yanlanqiuxiaotu_44.png","","",""
"","training","25","data/CLP_dataset/clp2k/annotations_overlay/training/fankuan_yanlanqiuxiaotu_46.jpg","data/CLP_dataset/clp2k/images/training/fankuan_yanlanqiuxiaotu_46.jpg","data/CLP_dataset/clp2k/annotations/training/fankuan_yanlanqiuxiaotu_46.png","","",""
"","training","26","data/CLP_dataset/clp2k/annotations_overlay/training/fankuan_yanlanqiuxiaotu_48.jpg","data/CLP_dataset/clp2k/images/training/fankuan_yanlanqiuxiaotu_48.jpg","data/CLP_dataset/clp2k/annotations/training/fankuan_yanlanqiuxiaotu_48.png","","",""
"","training","27","data/CLP_dataset/clp2k/annotations_overlay/training/fankuan_yanlanqiuxiaotu_49.jpg","data/CLP_dataset/clp2k/images/training/fankuan_yanlanqiuxiaotu_49.jpg","data/CLP_dataset/clp2k/annotations/training/fankuan_yanlanqiuxiaotu_49.png","","",""
"","training","28","data/CLP_dataset/clp2k/annotations_overlay/training/fankuan_yanlanqiuxiaotu_50.jpg","data/CLP_dataset/clp2k/images/training/fankuan_yanlanqiuxiaotu_50.jpg","data/CLP_dataset/clp2k/annotations/training/fankuan_yanlanqiuxiaotu_50.png","","",""
"","training","29","data/CLP_dataset/clp2k/annotations_overlay/training/fankuan_yanlanqiuxiaotu_51.jpg","data/CLP_dataset/clp2k/images/training/fankuan_yanlanqiuxiaotu_51.jpg","data/CLP_dataset/clp2k/annotations/training/fankuan_yanlanqiuxiaotu_51.png","","",""
"","training","30","data/CLP_dataset/clp2k/annotations_overlay/training/fankuan_yanlanqiuxiaotu_52.jpg","data/CLP_dataset/clp2k/images/training/fankuan_yanlanqiuxiaotu_52.jpg","data/CLP_dataset/clp2k/annotations/training/fankuan_yanlanqiuxiaotu_52.png","","",""
"","training","31","data/CLP_dataset/clp2k/annotations_overlay/training/fankuan_yanlanqiuxiaotu_53.jpg","data/CLP_dataset/clp2k/images/training/fankuan_yanlanqiuxiaotu_53.jpg","data/CLP_dataset/clp2k/annotations/training/fankuan_yanlanqiuxiaotu_53.png","","",""
"","training","32","data/CLP_dataset/clp2k/annotations_overlay/training/fankuan_yanlanqiuxiaotu_57.jpg","data/CLP_dataset/clp2k/images/training/fankuan_yanlanqiuxiaotu_57.jpg","data/CLP_dataset/clp2k/annotations/training/fankuan_yanlanqiuxiaotu_57.png","","",""
"","training","33","data/CLP_dataset/clp2k/annotations_overlay/training/fankuan_yanlanqiuxiaotu_58.jpg","data/CLP_dataset/clp2k/images/training/fankuan_yanlanqiuxiaotu_58.jpg","data/CLP_dataset/clp2k/annotations/training/fankuan_yanlanqiuxiaotu_58.png","","",""
"","training","34","data/CLP_dataset/clp2k/annotations_overlay/training/fankuan_yanlanqiuxiaotu_60.jpg","data/CLP_dataset/clp2k/images/training/fankuan_yanlanqiuxiaotu_60.jpg","data/CLP_dataset/clp2k/annotations/training/fankuan_yanlanqiuxiaotu_60.png","","",""
"","training","35","data/CLP_dataset/clp2k/annotations_overlay/training/fankuan_yanlanqiuxiaotu_61.jpg","data/CLP_dataset/clp2k/images/training/fankuan_yanlanqiuxiaotu_61.jpg","data/CLP_dataset/clp2k/annotations/training/fankuan_yanlanqiuxiaotu_61.png","","",""
"","training","36","data/CLP_dataset/clp2k/annotations_overlay/training/fankuan_yanlanqiuxiaotu_64.jpg","data/CLP_dataset/clp2k/images/training/fankuan_yanlanqiuxiaotu_64.jpg","data/CLP_dataset/clp2k/annotations/training/fankuan_yanlanqiuxiaotu_64.png","","",""
"","training","37","data/CLP_dataset/clp2k/annotations_overlay/training/fankuan_yanlanqiuxiaotu_65.jpg","data/CLP_dataset/clp2k/images/training/fankuan_yanlanqiuxiaotu_65.jpg","data/CLP_dataset/clp2k/annotations/training/fankuan_yanlanqiuxiaotu_65.png","","",""
"","training","38","data/CLP_dataset/clp2k/annotations_overlay/training/harvard_0.jpg","data/CLP_dataset/clp2k/images/training/harvard_0.jpg","data/CLP_dataset/clp2k/annotations/training/harvard_0.png","","",""
"","training","39","data/CLP_dataset/clp2k/annotations_overlay/training/harvard_1.jpg","data/CLP_dataset/clp2k/images/training/harvard_1.jpg","data/CLP_dataset/clp2k/annotations/training/harvard_1.png","","",""
"","training","40","data/CLP_dataset/clp2k/annotations_overlay/training/harvard_10.jpg","data/CLP_dataset/clp2k/images/training/harvard_10.jpg","data/CLP_dataset/clp2k/annotations/training/harvard_10.png","","",""
"","training","41","data/CLP_dataset/clp2k/annotations_overlay/training/harvard_100.jpg","data/CLP_dataset/clp2k/images/training/harvard_100.jpg","data/CLP_dataset/clp2k/annotations/training/harvard_100.png","","",""
"","training","42","data/CLP_dataset/clp2k/annotations_overlay/training/harvard_11.jpg","data/CLP_dataset/clp2k/images/training/harvard_11.jpg","data/CLP_dataset/clp2k/annotations/training/harvard_11.png","","",""
"","training","43","data/CLP_dataset/clp2k/annotations_overlay/training/harvard_13.jpg","data/CLP_dataset/clp2k/images/training/harvard_13.jpg","data/CLP_dataset/clp2k/annotations/training/harvard_13.png","","",""
"","training","44","data/CLP_dataset/clp2k/annotations_overlay/training/harvard_14.jpg","data/CLP_dataset/clp2k/images/training/harvard_14.jpg","data/CLP_dataset/clp2k/annotations/training/harvard_14.png","","",""
"","training","45","data/CLP_dataset/clp2k/annotations_overlay/training/harvard_15.jpg","data/CLP_dataset/clp2k/images/training/harvard_15.jpg","data/CLP_dataset/clp2k/annotations/training/harvard_15.png","","",""
"","training","46","data/CLP_dataset/clp2k/annotations_overlay/training/harvard_17.jpg","data/CLP_dataset/clp2k/images/training/harvard_17.jpg","data/CLP_dataset/clp2k/annotations/training/harvard_17.png","","",""
"","training","47","data/CLP_dataset/clp2k/annotations_overlay/training/harvard_18.jpg","data/CLP_dataset/clp2k/images/training/harvard_18.jpg","data/CLP_dataset/clp2k/annotations/training/harvard_18.png","","",""
"","training","48","data/CLP_dataset/clp2k/annotations_overlay/training/harvard_19.jpg","data/CLP_dataset/clp2k/images/training/harvard_19.jpg","data/CLP_dataset/clp2k/annotations/training/harvard_19.png","","",""
"","training","49","data/CLP_dataset/clp2k/annotations_overlay/training/harvard_2.jpg","data/CLP_dataset/clp2k/images/training/harvard_2.jpg","data/CLP_dataset/clp2k/annotations/training/harvard_2.png","","",""
"","training","50","data/CLP_dataset/clp2k/annotations_overlay/training/harvard_20.jpg","data/CLP_dataset/clp2k/images/training/harvard_20.jpg","data/CLP_dataset/clp2k/annotations/training/harvard_20.png","","",""
"","training","51","data/CLP_dataset/clp2k/annotations_overlay/training/harvard_23.jpg","data/CLP_dataset/clp2k/images/training/harvard_23.jpg","data/CLP_dataset/clp2k/annotations/training/harvard_23.png","","",""
"","training","52","data/CLP_dataset/clp2k/annotations_overlay/training/harvard_24.jpg","data/CLP_dataset/clp2k/images/training/harvard_24.jpg","data/CLP_dataset/clp2k/annotations/training/harvard_24.png","","",""
"","training","53","data/CLP_dataset/clp2k/annotations_overlay/training/harvard_25.jpg","data/CLP_dataset/clp2k/images/training/harvard_25.jpg","data/CLP_dataset/clp2k/annotations/training/harvard_25.png","","",""
"","training","54","data/CLP_dataset/clp2k/annotations_overlay/training/harvard_26.jpg","data/CLP_dataset/clp2k/images/training/harvard_26.jpg","data/CLP_dataset/clp2k/annotations/training/harvard_26.png","","",""
"","training","55","data/CLP_dataset/clp2k/annotations_overlay/training/harvard_28.jpg","data/CLP_dataset/clp2k/images/training/harvard_28.jpg","data/CLP_dataset/clp2k/annotations/training/harvard_28.png","","",""
"","training","56","data/CLP_dataset/clp2k/annotations_overlay/training/harvard_29.jpg","data/CLP_dataset/clp2k/images/training/harvard_29.jpg","data/CLP_dataset/clp2k/annotations/training/harvard_29.png","","",""
"","training","57","data/CLP_dataset/clp2k/annotations_overlay/training/harvard_3.jpg","data/CLP_dataset/clp2k/images/training/harvard_3.jpg","data/CLP_dataset/clp2k/annotations/training/harvard_3.png","","",""
"","training","58","data/CLP_dataset/clp2k/annotations_overlay/training/harvard_30.jpg","data/CLP_dataset/clp2k/images/training/harvard_30.jpg","data/CLP_dataset/clp2k/annotations/training/harvard_30.png","","",""
"","training","59","data/CLP_dataset/clp2k/annotations_overlay/training/harvard_31.jpg","data/CLP_dataset/clp2k/images/training/harvard_31.jpg","data/CLP_dataset/clp2k/annotations/training/harvard_31.png","","",""
"","training","60","data/CLP_dataset/clp2k/annotations_overlay/training/harvard_32.jpg","data/CLP_dataset/clp2k/images/training/harvard_32.jpg","data/CLP_dataset/clp2k/annotations/training/harvard_32.png","","",""
"","training","61","data/CLP_dataset/clp2k/annotations_overlay/training/harvard_33.jpg","data/CLP_dataset/clp2k/images/training/harvard_33.jpg","data/CLP_dataset/clp2k/annotations/training/harvard_33.png","","",""
"","training","62","data/CLP_dataset/clp2k/annotations_overlay/training/harvard_34.jpg","data/CLP_dataset/clp2k/images/training/harvard_34.jpg","data/CLP_dataset/clp2k/annotations/training/harvard_34.png","","",""
"","training","63","data/CLP_dataset/clp2k/annotations_overlay/training/harvard_36.jpg","data/CLP_dataset/clp2k/images/training/harvard_36.jpg","data/CLP_dataset/clp2k/annotations/training/harvard_36.png","","",""
"","training","64","data/CLP_dataset/clp2k/annotations_overlay/training/harvard_37.jpg","data/CLP_dataset/clp2k/images/training/harvard_37.jpg","data/CLP_dataset/clp2k/annotations/training/harvard_37.png","","",""
"","training","65","data/CLP_dataset/clp2k/annotations_overlay/training/harvard_38.jpg","data/CLP_dataset/clp2k/images/training/harvard_38.jpg","data/CLP_dataset/clp2k/annotations/training/harvard_38.png","","",""
"","training","66","data/CLP_dataset/clp2k/annotations_overlay/training/harvard_4.jpg","data/CLP_dataset/clp2k/images/training/harvard_4.jpg","data/CLP_dataset/clp2k/annotations/training/harvard_4.png","","",""
"","training","67","data/CLP_dataset/clp2k/annotations_overlay/training/harvard_40.jpg","data/CLP_dataset/clp2k/images/training/harvard_40.jpg","data/CLP_dataset/clp2k/annotations/training/harvard_40.png","","",""
"","training","68","data/CLP_dataset/clp2k/annotations_overlay/training/harvard_41.jpg","data/CLP_dataset/clp2k/images/training/harvard_41.jpg","data/CLP_dataset/clp2k/annotations/training/harvard_41.png","","",""
"","training","69","data/CLP_dataset/clp2k/annotations_overlay/training/harvard_42.jpg","data/CLP_dataset/clp2k/images/training/harvard_42.jpg","data/CLP_dataset/clp2k/annotations/training/harvard_42.png","","",""
"","training","70","data/CLP_dataset/clp2k/annotations_overlay/training/harvard_43.jpg","data/CLP_dataset/clp2k/images/training/harvard_43.jpg","data/CLP_dataset/clp2k/annotations/training/harvard_43.png","","",""
"","training","71","data/CLP_dataset/clp2k/annotations_overlay/training/harvard_45.jpg","data/CLP_dataset/clp2k/images/training/harvard_45.jpg","data/CLP_dataset/clp2k/annotations/training/harvard_45.png","","",""
"","training","72","data/CLP_dataset/clp2k/annotations_overlay/training/harvard_46.jpg","data/CLP_dataset/clp2k/images/training/harvard_46.jpg","data/CLP_dataset/clp2k/annotations/training/harvard_46.png","","",""
"","training","73","data/CLP_dataset/clp2k/annotations_overlay/training/harvard_47.jpg","data/CLP_dataset/clp2k/images/training/harvard_47.jpg","data/CLP_dataset/clp2k/annotations/training/harvard_47.png","","",""
"","training","74","data/CLP_dataset/clp2k/annotations_overlay/training/harvard_48.jpg","data/CLP_dataset/clp2k/images/training/harvard_48.jpg","data/CLP_dataset/clp2k/annotations/training/harvard_48.png","","",""
"","training","75","data/CLP_dataset/clp2k/annotations_overlay/training/harvard_49.jpg","data/CLP_dataset/clp2k/images/training/harvard_49.jpg","data/CLP_dataset/clp2k/annotations/training/harvard_49.png","","",""
"","training","76","data/CLP_dataset/clp2k/annotations_overlay/training/harvard_5.jpg","data/CLP_dataset/clp2k/images/training/harvard_5.jpg","data/CLP_dataset/clp2k/annotations/training/harvard_5.png","","",""
"","training","77","data/CLP_dataset/clp2k/annotations_overlay/training/harvard_50.jpg","data/CLP_dataset/clp2k/images/training/harvard_50.jpg","data/CLP_dataset/clp2k/annotations/training/harvard_50.png","","",""
"","training","78","data/CLP_dataset/clp2k/annotations_overlay/training/harvard_51.jpg","data/CLP_dataset/clp2k/images/training/harvard_51.jpg","data/CLP_dataset/clp2k/annotations/training/harvard_51.png","","",""
"","training","79","data/CLP_dataset/clp2k/annotations_overlay/training/harvard_52.jpg","data/CLP_dataset/clp2k/images/training/harvard_52.jpg","data/CLP_dataset/clp2k/annotations/training/harvard_52.png","","",""
"","training","80","data/CLP_dataset/clp2k/annotations_overlay/training/harvard_53.jpg","data/CLP_dataset/clp2k/images/training/harvard_53.jpg","data/CLP_dataset/clp2k/annotations/training/harvard_53.png","","",""
"","training","81","data/CLP_dataset/clp2k/annotations_overlay/training/harvard_55.jpg","data/CLP_dataset/clp2k/images/training/harvard_55.jpg","data/CLP_dataset/clp2k/annotations/training/harvard_55.png","","",""
"","training","82","data/CLP_dataset/clp2k/annotations_overlay/training/harvard_56.jpg","data/CLP_dataset/clp2k/images/training/harvard_56.jpg","data/CLP_dataset/clp2k/annotations/training/harvard_56.png","","",""
"","training","83","data/CLP_dataset/clp2k/annotations_overlay/training/harvard_57.jpg","data/CLP_dataset/clp2k/images/training/harvard_57.jpg","data/CLP_dataset/clp2k/annotations/training/harvard_57.png","","",""
"","training","84","data/CLP_dataset/clp2k/annotations_overlay/training/harvard_58.jpg","data/CLP_dataset/clp2k/images/training/harvard_58.jpg","data/CLP_dataset/clp2k/annotations/training/harvard_58.png","","",""
"","training","85","data/CLP_dataset/clp2k/annotations_overlay/training/harvard_59.jpg","data/CLP_dataset/clp2k/images/training/harvard_59.jpg","data/CLP_dataset/clp2k/annotations/training/harvard_59.png","","",""
"","training","86","data/CLP_dataset/clp2k/annotations_overlay/training/harvard_6.jpg","data/CLP_dataset/clp2k/images/training/harvard_6.jpg","data/CLP_dataset/clp2k/annotations/training/harvard_6.png","","",""
"","training","87","data/CLP_dataset/clp2k/annotations_overlay/training/harvard_60.jpg","data/CLP_dataset/clp2k/images/training/harvard_60.jpg","data/CLP_dataset/clp2k/annotations/training/harvard_60.png","","",""
"","training","88","data/CLP_dataset/clp2k/annotations_overlay/training/harvard_61.jpg","data/CLP_dataset/clp2k/images/training/harvard_61.jpg","data/CLP_dataset/clp2k/annotations/training/harvard_61.png","","",""
"","training","89","data/CLP_dataset/clp2k/annotations_overlay/training/harvard_62.jpg","data/CLP_dataset/clp2k/images/training/harvard_62.jpg","data/CLP_dataset/clp2k/annotations/training/harvard_62.png","","",""
"","training","90","data/CLP_dataset/clp2k/annotations_overlay/training/harvard_64.jpg","data/CLP_dataset/clp2k/images/training/harvard_64.jpg","data/CLP_dataset/clp2k/annotations/training/harvard_64.png","","",""
"","training","91","data/CLP_dataset/clp2k/annotations_overlay/training/harvard_65.jpg","data/CLP_dataset/clp2k/images/training/harvard_65.jpg","data/CLP_dataset/clp2k/annotations/training/harvard_65.png","","",""
"","training","92","data/CLP_dataset/clp2k/annotations_overlay/training/harvard_66.jpg","data/CLP_dataset/clp2k/images/training/harvard_66.jpg","data/CLP_dataset/clp2k/annotations/training/harvard_66.png","","",""
"","training","93","data/CLP_dataset/clp2k/annotations_overlay/training/harvard_67.jpg","data/CLP_dataset/clp2k/images/training/harvard_67.jpg","data/CLP_dataset/clp2k/annotations/training/harvard_67.png","","",""
"","training","94","data/CLP_dataset/clp2k/annotations_overlay/training/harvard_68.jpg","data/CLP_dataset/clp2k/images/training/harvard_68.jpg","data/CLP_dataset/clp2k/annotations/training/harvard_68.png","","",""
"","training","95","data/CLP_dataset/clp2k/annotations_overlay/training/harvard_69.jpg","data/CLP_dataset/clp2k/images/training/harvard_69.jpg","data/CLP_dataset/clp2k/annotations/training/harvard_69.png","","",""
"","training","96","data/CLP_dataset/clp2k/annotations_overlay/training/harvard_7.jpg","data/CLP_dataset/clp2k/images/training/harvard_7.jpg","data/CLP_dataset/clp2k/annotations/training/harvard_7.png","","",""
"","training","97","data/CLP_dataset/clp2k/annotations_overlay/training/harvard_70.jpg","data/CLP_dataset/clp2k/images/training/harvard_70.jpg","data/CLP_dataset/clp2k/annotations/training/harvard_70.png","","",""
"","training","98","data/CLP_dataset/clp2k/annotations_overlay/training/harvard_71.jpg","data/CLP_dataset/clp2k/images/training/harvard_71.jpg","data/CLP_dataset/clp2k/annotations/training/harvard_71.png","","",""
"","training","99","data/CLP_dataset/clp2k/annotations_overlay/training/harvard_72.jpg","data/CLP_dataset/clp2k/images/training/harvard_72.jpg","data/CLP_dataset/clp2k/annotations/training/harvard_72.png","","",""
"","training","100","data/CLP_dataset/clp2k/annotations_overlay/training/harvard_73.jpg","data/CLP_dataset/clp2k/images/training/harvard_73.jpg","data/CLP_dataset/clp2k/annotations/training/harvard_73.png","","",""
"","training","101","data/CLP_dataset/clp2k/annotations_overlay/training/harvard_74.jpg","data/CLP_dataset/clp2k/images/training/harvard_74.jpg","data/CLP_dataset/clp2k/annotations/training/harvard_74.png","","",""
"","training","102","data/CLP_dataset/clp2k/annotations_overlay/training/harvard_75.jpg","data/CLP_dataset/clp2k/images/training/harvard_75.jpg","data/CLP_dataset/clp2k/annotations/training/harvard_75.png","","",""
"","training","103","data/CLP_dataset/clp2k/annotations_overlay/training/harvard_76.jpg","data/CLP_dataset/clp2k/images/training/harvard_76.jpg","data/CLP_dataset/clp2k/annotations/training/harvard_76.png","","",""
"","training","104","data/CLP_dataset/clp2k/annotations_overlay/training/harvard_77.jpg","data/CLP_dataset/clp2k/images/training/harvard_77.jpg","data/CLP_dataset/clp2k/annotations/training/harvard_77.png","","",""
"","training","105","data/CLP_dataset/clp2k/annotations_overlay/training/harvard_79.jpg","data/CLP_dataset/clp2k/images/training/harvard_79.jpg","data/CLP_dataset/clp2k/annotations/training/harvard_79.png","","",""
"","training","106","data/CLP_dataset/clp2k/annotations_overlay/training/harvard_8.jpg","data/CLP_dataset/clp2k/images/training/harvard_8.jpg","data/CLP_dataset/clp2k/annotations/training/harvard_8.png","","",""
"","training","107","data/CLP_dataset/clp2k/annotations_overlay/training/harvard_80.jpg","data/CLP_dataset/clp2k/images/training/harvard_80.jpg","data/CLP_dataset/clp2k/annotations/training/harvard_80.png","","",""
"","training","108","data/CLP_dataset/clp2k/annotations_overlay/training/harvard_81.jpg","data/CLP_dataset/clp2k/images/training/harvard_81.jpg","data/CLP_dataset/clp2k/annotations/training/harvard_81.png","","",""
"","training","109","data/CLP_dataset/clp2k/annotations_overlay/training/harvard_82.jpg","data/CLP_dataset/clp2k/images/training/harvard_82.jpg","data/CLP_dataset/clp2k/annotations/training/harvard_82.png","","",""
"","training","110","data/CLP_dataset/clp2k/annotations_overlay/training/harvard_83.jpg","data/CLP_dataset/clp2k/images/training/harvard_83.jpg","data/CLP_dataset/clp2k/annotations/training/harvard_83.png","","",""
"","training","111","data/CLP_dataset/clp2k/annotations_overlay/training/harvard_84.jpg","data/CLP_dataset/clp2k/images/training/harvard_84.jpg","data/CLP_dataset/clp2k/annotations/training/harvard_84.png","","",""
"","training","112","data/CLP_dataset/clp2k/annotations_overlay/training/harvard_85.jpg","data/CLP_dataset/clp2k/images/training/harvard_85.jpg","data/CLP_dataset/clp2k/annotations/training/harvard_85.png","","",""
"","training","113","data/CLP_dataset/clp2k/annotations_overlay/training/harvard_86.jpg","data/CLP_dataset/clp2k/images/training/harvard_86.jpg","data/CLP_dataset/clp2k/annotations/training/harvard_86.png","","",""
"","training","114","data/CLP_dataset/clp2k/annotations_overlay/training/harvard_87.jpg","data/CLP_dataset/clp2k/images/training/harvard_87.jpg","data/CLP_dataset/clp2k/annotations/training/harvard_87.png","","",""
"","training","115","data/CLP_dataset/clp2k/annotations_overlay/training/harvard_88.jpg","data/CLP_dataset/clp2k/images/training/harvard_88.jpg","data/CLP_dataset/clp2k/annotations/training/harvard_88.png","","",""
"","training","116","data/CLP_dataset/clp2k/annotations_overlay/training/harvard_90.jpg","data/CLP_dataset/clp2k/images/training/harvard_90.jpg","data/CLP_dataset/clp2k/annotations/training/harvard_90.png","","",""
"","training","117","data/CLP_dataset/clp2k/annotations_overlay/training/harvard_91.jpg","data/CLP_dataset/clp2k/images/training/harvard_91.jpg","data/CLP_dataset/clp2k/annotations/training/harvard_91.png","","",""
"","training","118","data/CLP_dataset/clp2k/annotations_overlay/training/harvard_92.jpg","data/CLP_dataset/clp2k/images/training/harvard_92.jpg","data/CLP_dataset/clp2k/annotations/training/harvard_92.png","","",""
"","training","119","data/CLP_dataset/clp2k/annotations_overlay/training/harvard_93.jpg","data/CLP_dataset/clp2k/images/training/harvard_93.jpg","data/CLP_dataset/clp2k/annotations/training/harvard_93.png","","",""
"","training","120","data/CLP_dataset/clp2k/annotations_overlay/training/harvard_94.jpg","data/CLP_dataset/clp2k/images/training/harvard_94.jpg","data/CLP_dataset/clp2k/annotations/training/harvard_94.png","","",""
"","training","121","data/CLP_dataset/clp2k/annotations_overlay/training/harvard_95.jpg","data/CLP_dataset/clp2k/images/training/harvard_95.jpg","data/CLP_dataset/clp2k/annotations/training/harvard_95.png","","",""
"","training","122","data/CLP_dataset/clp2k/annotations_overlay/training/harvard_96.jpg","data/CLP_dataset/clp2k/images/training/harvard_96.jpg","data/CLP_dataset/clp2k/annotations/training/harvard_96.png","","",""
"","training","123","data/CLP_dataset/clp2k/annotations_overlay/training/harvard_98.jpg","data/CLP_dataset/clp2k/images/training/harvard_98.jpg","data/CLP_dataset/clp2k/annotations/training/harvard_98.png","","",""
"","training","124","data/CLP_dataset/clp2k/annotations_overlay/training/li-sixun_sailboats-and-pavilions_1.jpg","data/CLP_dataset/clp2k/images/training/li-sixun_sailboats-and-pavilions_1.jpg","data/CLP_dataset/clp2k/annotations/training/li-sixun_sailboats-and-pavilions_1.png","","",""
"","training","125","data/CLP_dataset/clp2k/annotations_overlay/training/met_0.jpg","data/CLP_dataset/clp2k/images/training/met_0.jpg","data/CLP_dataset/clp2k/annotations/training/met_0.png","","",""
"","training","126","data/CLP_dataset/clp2k/annotations_overlay/training/met_1.jpg","data/CLP_dataset/clp2k/images/training/met_1.jpg","data/CLP_dataset/clp2k/annotations/training/met_1.png","","",""
"","training","127","data/CLP_dataset/clp2k/annotations_overlay/training/met_10.jpg","data/CLP_dataset/clp2k/images/training/met_10.jpg","data/CLP_dataset/clp2k/annotations/training/met_10.png","","",""
"","training","128","data/CLP_dataset/clp2k/annotations_overlay/training/met_101.jpg","data/CLP_dataset/clp2k/images/training/met_101.jpg","data/CLP_dataset/clp2k/annotations/training/met_101.png","","",""
"","training","129","data/CLP_dataset/clp2k/annotations_overlay/training/met_102.jpg","data/CLP_dataset/clp2k/images/training/met_102.jpg","data/CLP_dataset/clp2k/annotations/training/met_102.png","","",""
"","training","130","data/CLP_dataset/clp2k/annotations_overlay/training/met_103.jpg","data/CLP_dataset/clp2k/images/training/met_103.jpg","data/CLP_dataset/clp2k/annotations/training/met_103.png","","",""
"","training","131","data/CLP_dataset/clp2k/annotations_overlay/training/met_104.jpg","data/CLP_dataset/clp2k/images/training/met_104.jpg","data/CLP_dataset/clp2k/annotations/training/met_104.png","","",""
"","training","132","data/CLP_dataset/clp2k/annotations_overlay/training/met_105.jpg","data/CLP_dataset/clp2k/images/training/met_105.jpg","data/CLP_dataset/clp2k/annotations/training/met_105.png","","",""
"","training","133","data/CLP_dataset/clp2k/annotations_overlay/training/met_106.jpg","data/CLP_dataset/clp2k/images/training/met_106.jpg","data/CLP_dataset/clp2k/annotations/training/met_106.png","","",""
"","training","134","data/CLP_dataset/clp2k/annotations_overlay/training/met_107.jpg","data/CLP_dataset/clp2k/images/training/met_107.jpg","data/CLP_dataset/clp2k/annotations/training/met_107.png","","",""
"","training","135","data/CLP_dataset/clp2k/annotations_overlay/training/met_108.jpg","data/CLP_dataset/clp2k/images/training/met_108.jpg","data/CLP_dataset/clp2k/annotations/training/met_108.png","","",""
"","training","136","data/CLP_dataset/clp2k/annotations_overlay/training/met_109.jpg","data/CLP_dataset/clp2k/images/training/met_109.jpg","data/CLP_dataset/clp2k/annotations/training/met_109.png","","",""
"","training","137","data/CLP_dataset/clp2k/annotations_overlay/training/met_11.jpg","data/CLP_dataset/clp2k/images/training/met_11.jpg","data/CLP_dataset/clp2k/annotations/training/met_11.png","","",""
"","training","138","data/CLP_dataset/clp2k/annotations_overlay/training/met_1100.jpg","data/CLP_dataset/clp2k/images/training/met_1100.jpg","data/CLP_dataset/clp2k/annotations/training/met_1100.png","","",""
"","training","139","data/CLP_dataset/clp2k/annotations_overlay/training/met_1101.jpg","data/CLP_dataset/clp2k/images/training/met_1101.jpg","data/CLP_dataset/clp2k/annotations/training/met_1101.png","","",""
"","training","140","data/CLP_dataset/clp2k/annotations_overlay/training/met_1102.jpg","data/CLP_dataset/clp2k/images/training/met_1102.jpg","data/CLP_dataset/clp2k/annotations/training/met_1102.png","","",""
"","training","141","data/CLP_dataset/clp2k/annotations_overlay/training/met_1103.jpg","data/CLP_dataset/clp2k/images/training/met_1103.jpg","data/CLP_dataset/clp2k/annotations/training/met_1103.png","","",""
"","training","142","data/CLP_dataset/clp2k/annotations_overlay/training/met_1104.jpg","data/CLP_dataset/clp2k/images/training/met_1104.jpg","data/CLP_dataset/clp2k/annotations/training/met_1104.png","","",""
"","training","143","data/CLP_dataset/clp2k/annotations_overlay/training/met_1105.jpg","data/CLP_dataset/clp2k/images/training/met_1105.jpg","data/CLP_dataset/clp2k/annotations/training/met_1105.png","","",""
"","training","144","data/CLP_dataset/clp2k/annotations_overlay/training/met_1106.jpg","data/CLP_dataset/clp2k/images/training/met_1106.jpg","data/CLP_dataset/clp2k/annotations/training/met_1106.png","","",""
"","training","145","data/CLP_dataset/clp2k/annotations_overlay/training/met_1107.jpg","data/CLP_dataset/clp2k/images/training/met_1107.jpg","data/CLP_dataset/clp2k/annotations/training/met_1107.png","","",""
"","training","146","data/CLP_dataset/clp2k/annotations_overlay/training/met_1109.jpg","data/CLP_dataset/clp2k/images/training/met_1109.jpg","data/CLP_dataset/clp2k/annotations/training/met_1109.png","","",""
"","training","147","data/CLP_dataset/clp2k/annotations_overlay/training/met_111.jpg","data/CLP_dataset/clp2k/images/training/met_111.jpg","data/CLP_dataset/clp2k/annotations/training/met_111.png","","",""
"","training","148","data/CLP_dataset/clp2k/annotations_overlay/training/met_1110.jpg","data/CLP_dataset/clp2k/images/training/met_1110.jpg","data/CLP_dataset/clp2k/annotations/training/met_1110.png","","",""
"","training","149","data/CLP_dataset/clp2k/annotations_overlay/training/met_1111.jpg","data/CLP_dataset/clp2k/images/training/met_1111.jpg","data/CLP_dataset/clp2k/annotations/training/met_1111.png","","",""
"","training","150","data/CLP_dataset/clp2k/annotations_overlay/training/met_1112.jpg","data/CLP_dataset/clp2k/images/training/met_1112.jpg","data/CLP_dataset/clp2k/annotations/training/met_1112.png","","",""
"","training","151","data/CLP_dataset/clp2k/annotations_overlay/training/met_1114.jpg","data/CLP_dataset/clp2k/images/training/met_1114.jpg","data/CLP_dataset/clp2k/annotations/training/met_1114.png","","",""
"","training","152","data/CLP_dataset/clp2k/annotations_overlay/training/met_1115.jpg","data/CLP_dataset/clp2k/images/training/met_1115.jpg","data/CLP_dataset/clp2k/annotations/training/met_1115.png","","",""
"","training","153","data/CLP_dataset/clp2k/annotations_overlay/training/met_1116.jpg","data/CLP_dataset/clp2k/images/training/met_1116.jpg","data/CLP_dataset/clp2k/annotations/training/met_1116.png","","",""
"","training","154","data/CLP_dataset/clp2k/annotations_overlay/training/met_1117.jpg","data/CLP_dataset/clp2k/images/training/met_1117.jpg","data/CLP_dataset/clp2k/annotations/training/met_1117.png","","",""
"","training","155","data/CLP_dataset/clp2k/annotations_overlay/training/met_1118.jpg","data/CLP_dataset/clp2k/images/training/met_1118.jpg","data/CLP_dataset/clp2k/annotations/training/met_1118.png","","",""
"","training","156","data/CLP_dataset/clp2k/annotations_overlay/training/met_1119.jpg","data/CLP_dataset/clp2k/images/training/met_1119.jpg","data/CLP_dataset/clp2k/annotations/training/met_1119.png","","",""
"","training","157","data/CLP_dataset/clp2k/annotations_overlay/training/met_112.jpg","data/CLP_dataset/clp2k/images/training/met_112.jpg","data/CLP_dataset/clp2k/annotations/training/met_112.png","","",""
"","training","158","data/CLP_dataset/clp2k/annotations_overlay/training/met_1120.jpg","data/CLP_dataset/clp2k/images/training/met_1120.jpg","data/CLP_dataset/clp2k/annotations/training/met_1120.png","","",""
"","training","159","data/CLP_dataset/clp2k/annotations_overlay/training/met_1121.jpg","data/CLP_dataset/clp2k/images/training/met_1121.jpg","data/CLP_dataset/clp2k/annotations/training/met_1121.png","","",""
"","training","160","data/CLP_dataset/clp2k/annotations_overlay/training/met_1122.jpg","data/CLP_dataset/clp2k/images/training/met_1122.jpg","data/CLP_dataset/clp2k/annotations/training/met_1122.png","","",""
"","training","161","data/CLP_dataset/clp2k/annotations_overlay/training/met_1124.jpg","data/CLP_dataset/clp2k/images/training/met_1124.jpg","data/CLP_dataset/clp2k/annotations/training/met_1124.png","","",""
"","training","162","data/CLP_dataset/clp2k/annotations_overlay/training/met_1125.jpg","data/CLP_dataset/clp2k/images/training/met_1125.jpg","data/CLP_dataset/clp2k/annotations/training/met_1125.png","","",""
"","training","163","data/CLP_dataset/clp2k/annotations_overlay/training/met_1126.jpg","data/CLP_dataset/clp2k/images/training/met_1126.jpg","data/CLP_dataset/clp2k/annotations/training/met_1126.png","","",""
"","training","164","data/CLP_dataset/clp2k/annotations_overlay/training/met_1127.jpg","data/CLP_dataset/clp2k/images/training/met_1127.jpg","data/CLP_dataset/clp2k/annotations/training/met_1127.png","","",""
"","training","165","data/CLP_dataset/clp2k/annotations_overlay/training/met_1128.jpg","data/CLP_dataset/clp2k/images/training/met_1128.jpg","data/CLP_dataset/clp2k/annotations/training/met_1128.png","","",""
"","training","166","data/CLP_dataset/clp2k/annotations_overlay/training/met_113.jpg","data/CLP_dataset/clp2k/images/training/met_113.jpg","data/CLP_dataset/clp2k/annotations/training/met_113.png","","",""
"","training","167","data/CLP_dataset/clp2k/annotations_overlay/training/met_1130.jpg","data/CLP_dataset/clp2k/images/training/met_1130.jpg","data/CLP_dataset/clp2k/annotations/training/met_1130.png","","",""
"","training","168","data/CLP_dataset/clp2k/annotations_overlay/training/met_1131.jpg","data/CLP_dataset/clp2k/images/training/met_1131.jpg","data/CLP_dataset/clp2k/annotations/training/met_1131.png","","",""
"","training","169","data/CLP_dataset/clp2k/annotations_overlay/training/met_1132.jpg","data/CLP_dataset/clp2k/images/training/met_1132.jpg","data/CLP_dataset/clp2k/annotations/training/met_1132.png","","",""
"","training","170","data/CLP_dataset/clp2k/annotations_overlay/training/met_1133.jpg","data/CLP_dataset/clp2k/images/training/met_1133.jpg","data/CLP_dataset/clp2k/annotations/training/met_1133.png","","",""
"","training","171","data/CLP_dataset/clp2k/annotations_overlay/training/met_1134.jpg","data/CLP_dataset/clp2k/images/training/met_1134.jpg","data/CLP_dataset/clp2k/annotations/training/met_1134.png","","",""
"","training","172","data/CLP_dataset/clp2k/annotations_overlay/training/met_1135.jpg","data/CLP_dataset/clp2k/images/training/met_1135.jpg","data/CLP_dataset/clp2k/annotations/training/met_1135.png","","",""
"","training","173","data/CLP_dataset/clp2k/annotations_overlay/training/met_1136.jpg","data/CLP_dataset/clp2k/images/training/met_1136.jpg","data/CLP_dataset/clp2k/annotations/training/met_1136.png","","",""
"","training","174","data/CLP_dataset/clp2k/annotations_overlay/training/met_1137.jpg","data/CLP_dataset/clp2k/images/training/met_1137.jpg","data/CLP_dataset/clp2k/annotations/training/met_1137.png","","",""
"","training","175","data/CLP_dataset/clp2k/annotations_overlay/training/met_114.jpg","data/CLP_dataset/clp2k/images/training/met_114.jpg","data/CLP_dataset/clp2k/annotations/training/met_114.png","","",""
"","training","176","data/CLP_dataset/clp2k/annotations_overlay/training/met_1140.jpg","data/CLP_dataset/clp2k/images/training/met_1140.jpg","data/CLP_dataset/clp2k/annotations/training/met_1140.png","","",""
"","training","177","data/CLP_dataset/clp2k/annotations_overlay/training/met_1141.jpg","data/CLP_dataset/clp2k/images/training/met_1141.jpg","data/CLP_dataset/clp2k/annotations/training/met_1141.png","","",""
"","training","178","data/CLP_dataset/clp2k/annotations_overlay/training/met_1142.jpg","data/CLP_dataset/clp2k/images/training/met_1142.jpg","data/CLP_dataset/clp2k/annotations/training/met_1142.png","","",""
"","training","179","data/CLP_dataset/clp2k/annotations_overlay/training/met_1143.jpg","data/CLP_dataset/clp2k/images/training/met_1143.jpg","data/CLP_dataset/clp2k/annotations/training/met_1143.png","","",""
"","training","180","data/CLP_dataset/clp2k/annotations_overlay/training/met_1144.jpg","data/CLP_dataset/clp2k/images/training/met_1144.jpg","data/CLP_dataset/clp2k/annotations/training/met_1144.png","","",""
"","training","181","data/CLP_dataset/clp2k/annotations_overlay/training/met_1146.jpg","data/CLP_dataset/clp2k/images/training/met_1146.jpg","data/CLP_dataset/clp2k/annotations/training/met_1146.png","","",""
"","training","182","data/CLP_dataset/clp2k/annotations_overlay/training/met_1147.jpg","data/CLP_dataset/clp2k/images/training/met_1147.jpg","data/CLP_dataset/clp2k/annotations/training/met_1147.png","","",""
"","training","183","data/CLP_dataset/clp2k/annotations_overlay/training/met_1148.jpg","data/CLP_dataset/clp2k/images/training/met_1148.jpg","data/CLP_dataset/clp2k/annotations/training/met_1148.png","","",""
"","training","184","data/CLP_dataset/clp2k/annotations_overlay/training/met_1149.jpg","data/CLP_dataset/clp2k/images/training/met_1149.jpg","data/CLP_dataset/clp2k/annotations/training/met_1149.png","","",""
"","training","185","data/CLP_dataset/clp2k/annotations_overlay/training/met_1150.jpg","data/CLP_dataset/clp2k/images/training/met_1150.jpg","data/CLP_dataset/clp2k/annotations/training/met_1150.png","","",""
"","training","186","data/CLP_dataset/clp2k/annotations_overlay/training/met_1151.jpg","data/CLP_dataset/clp2k/images/training/met_1151.jpg","data/CLP_dataset/clp2k/annotations/training/met_1151.png","","",""
"","training","187","data/CLP_dataset/clp2k/annotations_overlay/training/met_1152.jpg","data/CLP_dataset/clp2k/images/training/met_1152.jpg","data/CLP_dataset/clp2k/annotations/training/met_1152.png","","",""
"","training","188","data/CLP_dataset/clp2k/annotations_overlay/training/met_1153.jpg","data/CLP_dataset/clp2k/images/training/met_1153.jpg","data/CLP_dataset/clp2k/annotations/training/met_1153.png","","",""
"","training","189","data/CLP_dataset/clp2k/annotations_overlay/training/met_1156.jpg","data/CLP_dataset/clp2k/images/training/met_1156.jpg","data/CLP_dataset/clp2k/annotations/training/met_1156.png","","",""
"","training","190","data/CLP_dataset/clp2k/annotations_overlay/training/met_1157.jpg","data/CLP_dataset/clp2k/images/training/met_1157.jpg","data/CLP_dataset/clp2k/annotations/training/met_1157.png","","",""
"","training","191","data/CLP_dataset/clp2k/annotations_overlay/training/met_1158.jpg","data/CLP_dataset/clp2k/images/training/met_1158.jpg","data/CLP_dataset/clp2k/annotations/training/met_1158.png","","",""
"","training","192","data/CLP_dataset/clp2k/annotations_overlay/training/met_1159.jpg","data/CLP_dataset/clp2k/images/training/met_1159.jpg","data/CLP_dataset/clp2k/annotations/training/met_1159.png","","",""
"","training","193","data/CLP_dataset/clp2k/annotations_overlay/training/met_116.jpg","data/CLP_dataset/clp2k/images/training/met_116.jpg","data/CLP_dataset/clp2k/annotations/training/met_116.png","","",""
"","training","194","data/CLP_dataset/clp2k/annotations_overlay/training/met_1160.jpg","data/CLP_dataset/clp2k/images/training/met_1160.jpg","data/CLP_dataset/clp2k/annotations/training/met_1160.png","","",""
"","training","195","data/CLP_dataset/clp2k/annotations_overlay/training/met_1161.jpg","data/CLP_dataset/clp2k/images/training/met_1161.jpg","data/CLP_dataset/clp2k/annotations/training/met_1161.png","","",""
"","training","196","data/CLP_dataset/clp2k/annotations_overlay/training/met_1162.jpg","data/CLP_dataset/clp2k/images/training/met_1162.jpg","data/CLP_dataset/clp2k/annotations/training/met_1162.png","","",""
"","training","197","data/CLP_dataset/clp2k/annotations_overlay/training/met_1163.jpg","data/CLP_dataset/clp2k/images/training/met_1163.jpg","data/CLP_dataset/clp2k/annotations/training/met_1163.png","","",""
"","training","198","data/CLP_dataset/clp2k/annotations_overlay/training/met_1165.jpg","data/CLP_dataset/clp2k/images/training/met_1165.jpg","data/CLP_dataset/clp2k/annotations/training/met_1165.png","","",""
"","training","199","data/CLP_dataset/clp2k/annotations_overlay/training/met_1166.jpg","data/CLP_dataset/clp2k/images/training/met_1166.jpg","data/CLP_dataset/clp2k/annotations/training/met_1166.png","","",""
"","training","200","data/CLP_dataset/clp2k/annotations_overlay/training/met_1167.jpg","data/CLP_dataset/clp2k/images/training/met_1167.jpg","data/CLP_dataset/clp2k/annotations/training/met_1167.png","","",""
"","training","201","data/CLP_dataset/clp2k/annotations_overlay/training/met_1168.jpg","data/CLP_dataset/clp2k/images/training/met_1168.jpg","data/CLP_dataset/clp2k/annotations/training/met_1168.png","","",""
"","training","202","data/CLP_dataset/clp2k/annotations_overlay/training/met_1169.jpg","data/CLP_dataset/clp2k/images/training/met_1169.jpg","data/CLP_dataset/clp2k/annotations/training/met_1169.png","","",""
"","training","203","data/CLP_dataset/clp2k/annotations_overlay/training/met_117.jpg","data/CLP_dataset/clp2k/images/training/met_117.jpg","data/CLP_dataset/clp2k/annotations/training/met_117.png","","",""
"","training","204","data/CLP_dataset/clp2k/annotations_overlay/training/met_1170.jpg","data/CLP_dataset/clp2k/images/training/met_1170.jpg","data/CLP_dataset/clp2k/annotations/training/met_1170.png","","",""
"","training","205","data/CLP_dataset/clp2k/annotations_overlay/training/met_1171.jpg","data/CLP_dataset/clp2k/images/training/met_1171.jpg","data/CLP_dataset/clp2k/annotations/training/met_1171.png","","",""
"","training","206","data/CLP_dataset/clp2k/annotations_overlay/training/met_1172.jpg","data/CLP_dataset/clp2k/images/training/met_1172.jpg","data/CLP_dataset/clp2k/annotations/training/met_1172.png","","",""
"","training","207","data/CLP_dataset/clp2k/annotations_overlay/training/met_1173.jpg","data/CLP_dataset/clp2k/images/training/met_1173.jpg","data/CLP_dataset/clp2k/annotations/training/met_1173.png","","",""
"","training","208","data/CLP_dataset/clp2k/annotations_overlay/training/met_1175.jpg","data/CLP_dataset/clp2k/images/training/met_1175.jpg","data/CLP_dataset/clp2k/annotations/training/met_1175.png","","",""
"","training","209","data/CLP_dataset/clp2k/annotations_overlay/training/met_1176.jpg","data/CLP_dataset/clp2k/images/training/met_1176.jpg","data/CLP_dataset/clp2k/annotations/training/met_1176.png","","",""
"","training","210","data/CLP_dataset/clp2k/annotations_overlay/training/met_1177.jpg","data/CLP_dataset/clp2k/images/training/met_1177.jpg","data/CLP_dataset/clp2k/annotations/training/met_1177.png","","",""
"","training","211","data/CLP_dataset/clp2k/annotations_overlay/training/met_1178.jpg","data/CLP_dataset/clp2k/images/training/met_1178.jpg","data/CLP_dataset/clp2k/annotations/training/met_1178.png","","",""
"","training","212","data/CLP_dataset/clp2k/annotations_overlay/training/met_1179.jpg","data/CLP_dataset/clp2k/images/training/met_1179.jpg","data/CLP_dataset/clp2k/annotations/training/met_1179.png","","",""
"","training","213","data/CLP_dataset/clp2k/annotations_overlay/training/met_118.jpg","data/CLP_dataset/clp2k/images/training/met_118.jpg","data/CLP_dataset/clp2k/annotations/training/met_118.png","","",""
"","training","214","data/CLP_dataset/clp2k/annotations_overlay/training/met_1180.jpg","data/CLP_dataset/clp2k/images/training/met_1180.jpg","data/CLP_dataset/clp2k/annotations/training/met_1180.png","","",""
"","training","215","data/CLP_dataset/clp2k/annotations_overlay/training/met_1182.jpg","data/CLP_dataset/clp2k/images/training/met_1182.jpg","data/CLP_dataset/clp2k/annotations/training/met_1182.png","","",""
"","training","216","data/CLP_dataset/clp2k/annotations_overlay/training/met_1183.jpg","data/CLP_dataset/clp2k/images/training/met_1183.jpg","data/CLP_dataset/clp2k/annotations/training/met_1183.png","","",""
"","training","217","data/CLP_dataset/clp2k/annotations_overlay/training/met_1184.jpg","data/CLP_dataset/clp2k/images/training/met_1184.jpg","data/CLP_dataset/clp2k/annotations/training/met_1184.png","","",""
"","training","218","data/CLP_dataset/clp2k/annotations_overlay/training/met_1185.jpg","data/CLP_dataset/clp2k/images/training/met_1185.jpg","data/CLP_dataset/clp2k/annotations/training/met_1185.png","","",""
"","training","219","data/CLP_dataset/clp2k/annotations_overlay/training/met_1186.jpg","data/CLP_dataset/clp2k/images/training/met_1186.jpg","data/CLP_dataset/clp2k/annotations/training/met_1186.png","","",""
"","training","220","data/CLP_dataset/clp2k/annotations_overlay/training/met_1187.jpg","data/CLP_dataset/clp2k/images/training/met_1187.jpg","data/CLP_dataset/clp2k/annotations/training/met_1187.png","","",""
"","training","221","data/CLP_dataset/clp2k/annotations_overlay/training/met_1188.jpg","data/CLP_dataset/clp2k/images/training/met_1188.jpg","data/CLP_dataset/clp2k/annotations/training/met_1188.png","","",""
"","training","222","data/CLP_dataset/clp2k/annotations_overlay/training/met_1189.jpg","data/CLP_dataset/clp2k/images/training/met_1189.jpg","data/CLP_dataset/clp2k/annotations/training/met_1189.png","","",""
"","training","223","data/CLP_dataset/clp2k/annotations_overlay/training/met_119.jpg","data/CLP_dataset/clp2k/images/training/met_119.jpg","data/CLP_dataset/clp2k/annotations/training/met_119.png","","",""
"","training","224","data/CLP_dataset/clp2k/annotations_overlay/training/met_1190.jpg","data/CLP_dataset/clp2k/images/training/met_1190.jpg","data/CLP_dataset/clp2k/annotations/training/met_1190.png","","",""
"","training","225","data/CLP_dataset/clp2k/annotations_overlay/training/met_1191.jpg","data/CLP_dataset/clp2k/images/training/met_1191.jpg","data/CLP_dataset/clp2k/annotations/training/met_1191.png","","",""
"","training","226","data/CLP_dataset/clp2k/annotations_overlay/training/met_1192.jpg","data/CLP_dataset/clp2k/images/training/met_1192.jpg","data/CLP_dataset/clp2k/annotations/training/met_1192.png","","",""
"","training","227","data/CLP_dataset/clp2k/annotations_overlay/training/met_1193.jpg","data/CLP_dataset/clp2k/images/training/met_1193.jpg","data/CLP_dataset/clp2k/annotations/training/met_1193.png","","",""
"","training","228","data/CLP_dataset/clp2k/annotations_overlay/training/met_1194.jpg","data/CLP_dataset/clp2k/images/training/met_1194.jpg","data/CLP_dataset/clp2k/annotations/training/met_1194.png","","",""
"","training","229","data/CLP_dataset/clp2k/annotations_overlay/training/met_1196.jpg","data/CLP_dataset/clp2k/images/training/met_1196.jpg","data/CLP_dataset/clp2k/annotations/training/met_1196.png","","",""
"","training","230","data/CLP_dataset/clp2k/annotations_overlay/training/met_1197.jpg","data/CLP_dataset/clp2k/images/training/met_1197.jpg","data/CLP_dataset/clp2k/annotations/training/met_1197.png","","",""
"","training","231","data/CLP_dataset/clp2k/annotations_overlay/training/met_1198.jpg","data/CLP_dataset/clp2k/images/training/met_1198.jpg","data/CLP_dataset/clp2k/annotations/training/met_1198.png","","",""
"","training","232","data/CLP_dataset/clp2k/annotations_overlay/training/met_1199.jpg","data/CLP_dataset/clp2k/images/training/met_1199.jpg","data/CLP_dataset/clp2k/annotations/training/met_1199.png","","",""
"","training","233","data/CLP_dataset/clp2k/annotations_overlay/training/met_12.jpg","data/CLP_dataset/clp2k/images/training/met_12.jpg","data/CLP_dataset/clp2k/annotations/training/met_12.png","","",""
"","training","234","data/CLP_dataset/clp2k/annotations_overlay/training/met_120.jpg","data/CLP_dataset/clp2k/images/training/met_120.jpg","data/CLP_dataset/clp2k/annotations/training/met_120.png","","",""
"","training","235","data/CLP_dataset/clp2k/annotations_overlay/training/met_1200.jpg","data/CLP_dataset/clp2k/images/training/met_1200.jpg","data/CLP_dataset/clp2k/annotations/training/met_1200.png","","",""
"","training","236","data/CLP_dataset/clp2k/annotations_overlay/training/met_1201.jpg","data/CLP_dataset/clp2k/images/training/met_1201.jpg","data/CLP_dataset/clp2k/annotations/training/met_1201.png","","",""
"","training","237","data/CLP_dataset/clp2k/annotations_overlay/training/met_1202.jpg","data/CLP_dataset/clp2k/images/training/met_1202.jpg","data/CLP_dataset/clp2k/annotations/training/met_1202.png","","",""
"","training","238","data/CLP_dataset/clp2k/annotations_overlay/training/met_1203.jpg","data/CLP_dataset/clp2k/images/training/met_1203.jpg","data/CLP_dataset/clp2k/annotations/training/met_1203.png","","",""
"","training","239","data/CLP_dataset/clp2k/annotations_overlay/training/met_1204.jpg","data/CLP_dataset/clp2k/images/training/met_1204.jpg","data/CLP_dataset/clp2k/annotations/training/met_1204.png","","",""
"","training","240","data/CLP_dataset/clp2k/annotations_overlay/training/met_1206.jpg","data/CLP_dataset/clp2k/images/training/met_1206.jpg","data/CLP_dataset/clp2k/annotations/training/met_1206.png","","",""
"","training","241","data/CLP_dataset/clp2k/annotations_overlay/training/met_1207.jpg","data/CLP_dataset/clp2k/images/training/met_1207.jpg","data/CLP_dataset/clp2k/annotations/training/met_1207.png","","",""
"","training","242","data/CLP_dataset/clp2k/annotations_overlay/training/met_1208.jpg","data/CLP_dataset/clp2k/images/training/met_1208.jpg","data/CLP_dataset/clp2k/annotations/training/met_1208.png","","",""
"","training","243","data/CLP_dataset/clp2k/annotations_overlay/training/met_1209.jpg","data/CLP_dataset/clp2k/images/training/met_1209.jpg","data/CLP_dataset/clp2k/annotations/training/met_1209.png","","",""
"","training","244","data/CLP_dataset/clp2k/annotations_overlay/training/met_121.jpg","data/CLP_dataset/clp2k/images/training/met_121.jpg","data/CLP_dataset/clp2k/annotations/training/met_121.png","","",""
"","training","245","data/CLP_dataset/clp2k/annotations_overlay/training/met_1210.jpg","data/CLP_dataset/clp2k/images/training/met_1210.jpg","data/CLP_dataset/clp2k/annotations/training/met_1210.png","","",""
"","training","246","data/CLP_dataset/clp2k/annotations_overlay/training/met_1211.jpg","data/CLP_dataset/clp2k/images/training/met_1211.jpg","data/CLP_dataset/clp2k/annotations/training/met_1211.png","","",""
"","training","247","data/CLP_dataset/clp2k/annotations_overlay/training/met_1212.jpg","data/CLP_dataset/clp2k/images/training/met_1212.jpg","data/CLP_dataset/clp2k/annotations/training/met_1212.png","","",""
"","training","248","data/CLP_dataset/clp2k/annotations_overlay/training/met_1213.jpg","data/CLP_dataset/clp2k/images/training/met_1213.jpg","data/CLP_dataset/clp2k/annotations/training/met_1213.png","","",""
"","training","249","data/CLP_dataset/clp2k/annotations_overlay/training/met_1214.jpg","data/CLP_dataset/clp2k/images/training/met_1214.jpg","data/CLP_dataset/clp2k/annotations/training/met_1214.png","","",""
"","training","250","data/CLP_dataset/clp2k/annotations_overlay/training/met_1215.jpg","data/CLP_dataset/clp2k/images/training/met_1215.jpg","data/CLP_dataset/clp2k/annotations/training/met_1215.png","","",""
"","training","251","data/CLP_dataset/clp2k/annotations_overlay/training/met_1216.jpg","data/CLP_dataset/clp2k/images/training/met_1216.jpg","data/CLP_dataset/clp2k/annotations/training/met_1216.png","","",""
"","training","252","data/CLP_dataset/clp2k/annotations_overlay/training/met_1217.jpg","data/CLP_dataset/clp2k/images/training/met_1217.jpg","data/CLP_dataset/clp2k/annotations/training/met_1217.png","","",""
"","training","253","data/CLP_dataset/clp2k/annotations_overlay/training/met_1218.jpg","data/CLP_dataset/clp2k/images/training/met_1218.jpg","data/CLP_dataset/clp2k/annotations/training/met_1218.png","","",""
"","training","254","data/CLP_dataset/clp2k/annotations_overlay/training/met_1219.jpg","data/CLP_dataset/clp2k/images/training/met_1219.jpg","data/CLP_dataset/clp2k/annotations/training/met_1219.png","","",""
"","training","255","data/CLP_dataset/clp2k/annotations_overlay/training/met_122.jpg","data/CLP_dataset/clp2k/images/training/met_122.jpg","data/CLP_dataset/clp2k/annotations/training/met_122.png","","",""
"","training","256","data/CLP_dataset/clp2k/annotations_overlay/training/met_1220.jpg","data/CLP_dataset/clp2k/images/training/met_1220.jpg","data/CLP_dataset/clp2k/annotations/training/met_1220.png","","",""
"","training","257","data/CLP_dataset/clp2k/annotations_overlay/training/met_1221.jpg","data/CLP_dataset/clp2k/images/training/met_1221.jpg","data/CLP_dataset/clp2k/annotations/training/met_1221.png","","",""
"","training","258","data/CLP_dataset/clp2k/annotations_overlay/training/met_1222.jpg","data/CLP_dataset/clp2k/images/training/met_1222.jpg","data/CLP_dataset/clp2k/annotations/training/met_1222.png","","",""
"","training","259","data/CLP_dataset/clp2k/annotations_overlay/training/met_1223.jpg","data/CLP_dataset/clp2k/images/training/met_1223.jpg","data/CLP_dataset/clp2k/annotations/training/met_1223.png","","",""
"","training","260","data/CLP_dataset/clp2k/annotations_overlay/training/met_1224.jpg","data/CLP_dataset/clp2k/images/training/met_1224.jpg","data/CLP_dataset/clp2k/annotations/training/met_1224.png","","",""
"","training","261","data/CLP_dataset/clp2k/annotations_overlay/training/met_1225.jpg","data/CLP_dataset/clp2k/images/training/met_1225.jpg","data/CLP_dataset/clp2k/annotations/training/met_1225.png","","",""
"","training","262","data/CLP_dataset/clp2k/annotations_overlay/training/met_1226.jpg","data/CLP_dataset/clp2k/images/training/met_1226.jpg","data/CLP_dataset/clp2k/annotations/training/met_1226.png","","",""
"","training","263","data/CLP_dataset/clp2k/annotations_overlay/training/met_1227.jpg","data/CLP_dataset/clp2k/images/training/met_1227.jpg","data/CLP_dataset/clp2k/annotations/training/met_1227.png","","",""
"","training","264","data/CLP_dataset/clp2k/annotations_overlay/training/met_1228.jpg","data/CLP_dataset/clp2k/images/training/met_1228.jpg","data/CLP_dataset/clp2k/annotations/training/met_1228.png","","",""
"","training","265","data/CLP_dataset/clp2k/annotations_overlay/training/met_1229.jpg","data/CLP_dataset/clp2k/images/training/met_1229.jpg","data/CLP_dataset/clp2k/annotations/training/met_1229.png","","",""
"","training","266","data/CLP_dataset/clp2k/annotations_overlay/training/met_123.jpg","data/CLP_dataset/clp2k/images/training/met_123.jpg","data/CLP_dataset/clp2k/annotations/training/met_123.png","","",""
"","training","267","data/CLP_dataset/clp2k/annotations_overlay/training/met_1230.jpg","data/CLP_dataset/clp2k/images/training/met_1230.jpg","data/CLP_dataset/clp2k/annotations/training/met_1230.png","","",""
"","training","268","data/CLP_dataset/clp2k/annotations_overlay/training/met_1231.jpg","data/CLP_dataset/clp2k/images/training/met_1231.jpg","data/CLP_dataset/clp2k/annotations/training/met_1231.png","","",""
"","training","269","data/CLP_dataset/clp2k/annotations_overlay/training/met_1232.jpg","data/CLP_dataset/clp2k/images/training/met_1232.jpg","data/CLP_dataset/clp2k/annotations/training/met_1232.png","","",""
"","training","270","data/CLP_dataset/clp2k/annotations_overlay/training/met_1233.jpg","data/CLP_dataset/clp2k/images/training/met_1233.jpg","data/CLP_dataset/clp2k/annotations/training/met_1233.png","","",""
"","training","271","data/CLP_dataset/clp2k/annotations_overlay/training/met_1234.jpg","data/CLP_dataset/clp2k/images/training/met_1234.jpg","data/CLP_dataset/clp2k/annotations/training/met_1234.png","","",""
"","training","272","data/CLP_dataset/clp2k/annotations_overlay/training/met_1235.jpg","data/CLP_dataset/clp2k/images/training/met_1235.jpg","data/CLP_dataset/clp2k/annotations/training/met_1235.png","","",""
"","training","273","data/CLP_dataset/clp2k/annotations_overlay/training/met_1237.jpg","data/CLP_dataset/clp2k/images/training/met_1237.jpg","data/CLP_dataset/clp2k/annotations/training/met_1237.png","","",""
"","training","274","data/CLP_dataset/clp2k/annotations_overlay/training/met_1238.jpg","data/CLP_dataset/clp2k/images/training/met_1238.jpg","data/CLP_dataset/clp2k/annotations/training/met_1238.png","","",""
"","training","275","data/CLP_dataset/clp2k/annotations_overlay/training/met_1239.jpg","data/CLP_dataset/clp2k/images/training/met_1239.jpg","data/CLP_dataset/clp2k/annotations/training/met_1239.png","","",""
"","training","276","data/CLP_dataset/clp2k/annotations_overlay/training/met_124.jpg","data/CLP_dataset/clp2k/images/training/met_124.jpg","data/CLP_dataset/clp2k/annotations/training/met_124.png","","",""
"","training","277","data/CLP_dataset/clp2k/annotations_overlay/training/met_1240.jpg","data/CLP_dataset/clp2k/images/training/met_1240.jpg","data/CLP_dataset/clp2k/annotations/training/met_1240.png","","",""
"","training","278","data/CLP_dataset/clp2k/annotations_overlay/training/met_1241.jpg","data/CLP_dataset/clp2k/images/training/met_1241.jpg","data/CLP_dataset/clp2k/annotations/training/met_1241.png","","",""
"","training","279","data/CLP_dataset/clp2k/annotations_overlay/training/met_1242.jpg","data/CLP_dataset/clp2k/images/training/met_1242.jpg","data/CLP_dataset/clp2k/annotations/training/met_1242.png","","",""
"","training","280","data/CLP_dataset/clp2k/annotations_overlay/training/met_1243.jpg","data/CLP_dataset/clp2k/images/training/met_1243.jpg","data/CLP_dataset/clp2k/annotations/training/met_1243.png","","",""
"","training","281","data/CLP_dataset/clp2k/annotations_overlay/training/met_1244.jpg","data/CLP_dataset/clp2k/images/training/met_1244.jpg","data/CLP_dataset/clp2k/annotations/training/met_1244.png","","",""
"","training","282","data/CLP_dataset/clp2k/annotations_overlay/training/met_1245.jpg","data/CLP_dataset/clp2k/images/training/met_1245.jpg","data/CLP_dataset/clp2k/annotations/training/met_1245.png","","",""
"","training","283","data/CLP_dataset/clp2k/annotations_overlay/training/met_1246.jpg","data/CLP_dataset/clp2k/images/training/met_1246.jpg","data/CLP_dataset/clp2k/annotations/training/met_1246.png","","",""
"","training","284","data/CLP_dataset/clp2k/annotations_overlay/training/met_1247.jpg","data/CLP_dataset/clp2k/images/training/met_1247.jpg","data/CLP_dataset/clp2k/annotations/training/met_1247.png","","",""
"","training","285","data/CLP_dataset/clp2k/annotations_overlay/training/met_1248.jpg","data/CLP_dataset/clp2k/images/training/met_1248.jpg","data/CLP_dataset/clp2k/annotations/training/met_1248.png","","",""
"","training","286","data/CLP_dataset/clp2k/annotations_overlay/training/met_1249.jpg","data/CLP_dataset/clp2k/images/training/met_1249.jpg","data/CLP_dataset/clp2k/annotations/training/met_1249.png","","",""
"","training","287","data/CLP_dataset/clp2k/annotations_overlay/training/met_125.jpg","data/CLP_dataset/clp2k/images/training/met_125.jpg","data/CLP_dataset/clp2k/annotations/training/met_125.png","","",""
"","training","288","data/CLP_dataset/clp2k/annotations_overlay/training/met_1251.jpg","data/CLP_dataset/clp2k/images/training/met_1251.jpg","data/CLP_dataset/clp2k/annotations/training/met_1251.png","","",""
"","training","289","data/CLP_dataset/clp2k/annotations_overlay/training/met_1252.jpg","data/CLP_dataset/clp2k/images/training/met_1252.jpg","data/CLP_dataset/clp2k/annotations/training/met_1252.png","","",""
"","training","290","data/CLP_dataset/clp2k/annotations_overlay/training/met_1253.jpg","data/CLP_dataset/clp2k/images/training/met_1253.jpg","data/CLP_dataset/clp2k/annotations/training/met_1253.png","","",""
"","training","291","data/CLP_dataset/clp2k/annotations_overlay/training/met_1254.jpg","data/CLP_dataset/clp2k/images/training/met_1254.jpg","data/CLP_dataset/clp2k/annotations/training/met_1254.png","","",""
"","training","292","data/CLP_dataset/clp2k/annotations_overlay/training/met_1255.jpg","data/CLP_dataset/clp2k/images/training/met_1255.jpg","data/CLP_dataset/clp2k/annotations/training/met_1255.png","","",""
"","training","293","data/CLP_dataset/clp2k/annotations_overlay/training/met_1256.jpg","data/CLP_dataset/clp2k/images/training/met_1256.jpg","data/CLP_dataset/clp2k/annotations/training/met_1256.png","","",""
"","training","294","data/CLP_dataset/clp2k/annotations_overlay/training/met_1257.jpg","data/CLP_dataset/clp2k/images/training/met_1257.jpg","data/CLP_dataset/clp2k/annotations/training/met_1257.png","","",""
"","training","295","data/CLP_dataset/clp2k/annotations_overlay/training/met_1258.jpg","data/CLP_dataset/clp2k/images/training/met_1258.jpg","data/CLP_dataset/clp2k/annotations/training/met_1258.png","","",""
"","training","296","data/CLP_dataset/clp2k/annotations_overlay/training/met_1259.jpg","data/CLP_dataset/clp2k/images/training/met_1259.jpg","data/CLP_dataset/clp2k/annotations/training/met_1259.png","","",""
"","training","297","data/CLP_dataset/clp2k/annotations_overlay/training/met_126.jpg","data/CLP_dataset/clp2k/images/training/met_126.jpg","data/CLP_dataset/clp2k/annotations/training/met_126.png","","",""
"","training","298","data/CLP_dataset/clp2k/annotations_overlay/training/met_1260.jpg","data/CLP_dataset/clp2k/images/training/met_1260.jpg","data/CLP_dataset/clp2k/annotations/training/met_1260.png","","",""
"","training","299","data/CLP_dataset/clp2k/annotations_overlay/training/met_1261.jpg","data/CLP_dataset/clp2k/images/training/met_1261.jpg","data/CLP_dataset/clp2k/annotations/training/met_1261.png","","",""
"","training","300","data/CLP_dataset/clp2k/annotations_overlay/training/met_1262.jpg","data/CLP_dataset/clp2k/images/training/met_1262.jpg","data/CLP_dataset/clp2k/annotations/training/met_1262.png","","",""
"","training","301","data/CLP_dataset/clp2k/annotations_overlay/training/met_1263.jpg","data/CLP_dataset/clp2k/images/training/met_1263.jpg","data/CLP_dataset/clp2k/annotations/training/met_1263.png","","",""
"","training","302","data/CLP_dataset/clp2k/annotations_overlay/training/met_1264.jpg","data/CLP_dataset/clp2k/images/training/met_1264.jpg","data/CLP_dataset/clp2k/annotations/training/met_1264.png","","",""
"","training","303","data/CLP_dataset/clp2k/annotations_overlay/training/met_1265.jpg","data/CLP_dataset/clp2k/images/training/met_1265.jpg","data/CLP_dataset/clp2k/annotations/training/met_1265.png","","",""
"","training","304","data/CLP_dataset/clp2k/annotations_overlay/training/met_1267.jpg","data/CLP_dataset/clp2k/images/training/met_1267.jpg","data/CLP_dataset/clp2k/annotations/training/met_1267.png","","",""
"","training","305","data/CLP_dataset/clp2k/annotations_overlay/training/met_1269.jpg","data/CLP_dataset/clp2k/images/training/met_1269.jpg","data/CLP_dataset/clp2k/annotations/training/met_1269.png","","",""
"","training","306","data/CLP_dataset/clp2k/annotations_overlay/training/met_127.jpg","data/CLP_dataset/clp2k/images/training/met_127.jpg","data/CLP_dataset/clp2k/annotations/training/met_127.png","","",""
"","training","307","data/CLP_dataset/clp2k/annotations_overlay/training/met_1270.jpg","data/CLP_dataset/clp2k/images/training/met_1270.jpg","data/CLP_dataset/clp2k/annotations/training/met_1270.png","","",""
"","training","308","data/CLP_dataset/clp2k/annotations_overlay/training/met_1271.jpg","data/CLP_dataset/clp2k/images/training/met_1271.jpg","data/CLP_dataset/clp2k/annotations/training/met_1271.png","","",""
"","training","309","data/CLP_dataset/clp2k/annotations_overlay/training/met_1272.jpg","data/CLP_dataset/clp2k/images/training/met_1272.jpg","data/CLP_dataset/clp2k/annotations/training/met_1272.png","","",""
"","training","310","data/CLP_dataset/clp2k/annotations_overlay/training/met_1273.jpg","data/CLP_dataset/clp2k/images/training/met_1273.jpg","data/CLP_dataset/clp2k/annotations/training/met_1273.png","","",""
"","training","311","data/CLP_dataset/clp2k/annotations_overlay/training/met_1274.jpg","data/CLP_dataset/clp2k/images/training/met_1274.jpg","data/CLP_dataset/clp2k/annotations/training/met_1274.png","","",""
"","training","312","data/CLP_dataset/clp2k/annotations_overlay/training/met_1275.jpg","data/CLP_dataset/clp2k/images/training/met_1275.jpg","data/CLP_dataset/clp2k/annotations/training/met_1275.png","","",""
"","training","313","data/CLP_dataset/clp2k/annotations_overlay/training/met_1276.jpg","data/CLP_dataset/clp2k/images/training/met_1276.jpg","data/CLP_dataset/clp2k/annotations/training/met_1276.png","","",""
"","training","314","data/CLP_dataset/clp2k/annotations_overlay/training/met_1278.jpg","data/CLP_dataset/clp2k/images/training/met_1278.jpg","data/CLP_dataset/clp2k/annotations/training/met_1278.png","","",""
"","training","315","data/CLP_dataset/clp2k/annotations_overlay/training/met_1279.jpg","data/CLP_dataset/clp2k/images/training/met_1279.jpg","data/CLP_dataset/clp2k/annotations/training/met_1279.png","","",""
"","training","316","data/CLP_dataset/clp2k/annotations_overlay/training/met_128.jpg","data/CLP_dataset/clp2k/images/training/met_128.jpg","data/CLP_dataset/clp2k/annotations/training/met_128.png","","",""
"","training","317","data/CLP_dataset/clp2k/annotations_overlay/training/met_1281.jpg","data/CLP_dataset/clp2k/images/training/met_1281.jpg","data/CLP_dataset/clp2k/annotations/training/met_1281.png","","",""
"","training","318","data/CLP_dataset/clp2k/annotations_overlay/training/met_1282.jpg","data/CLP_dataset/clp2k/images/training/met_1282.jpg","data/CLP_dataset/clp2k/annotations/training/met_1282.png","","",""
"","training","319","data/CLP_dataset/clp2k/annotations_overlay/training/met_1283.jpg","data/CLP_dataset/clp2k/images/training/met_1283.jpg","data/CLP_dataset/clp2k/annotations/training/met_1283.png","","",""
"","training","320","data/CLP_dataset/clp2k/annotations_overlay/training/met_1284.jpg","data/CLP_dataset/clp2k/images/training/met_1284.jpg","data/CLP_dataset/clp2k/annotations/training/met_1284.png","","",""
"","training","321","data/CLP_dataset/clp2k/annotations_overlay/training/met_1286.jpg","data/CLP_dataset/clp2k/images/training/met_1286.jpg","data/CLP_dataset/clp2k/annotations/training/met_1286.png","","",""
"","training","322","data/CLP_dataset/clp2k/annotations_overlay/training/met_1287.jpg","data/CLP_dataset/clp2k/images/training/met_1287.jpg","data/CLP_dataset/clp2k/annotations/training/met_1287.png","","",""
"","training","323","data/CLP_dataset/clp2k/annotations_overlay/training/met_1288.jpg","data/CLP_dataset/clp2k/images/training/met_1288.jpg","data/CLP_dataset/clp2k/annotations/training/met_1288.png","","",""
"","training","324","data/CLP_dataset/clp2k/annotations_overlay/training/met_1289.jpg","data/CLP_dataset/clp2k/images/training/met_1289.jpg","data/CLP_dataset/clp2k/annotations/training/met_1289.png","","",""
"","training","325","data/CLP_dataset/clp2k/annotations_overlay/training/met_129.jpg","data/CLP_dataset/clp2k/images/training/met_129.jpg","data/CLP_dataset/clp2k/annotations/training/met_129.png","","",""
"","training","326","data/CLP_dataset/clp2k/annotations_overlay/training/met_1290.jpg","data/CLP_dataset/clp2k/images/training/met_1290.jpg","data/CLP_dataset/clp2k/annotations/training/met_1290.png","","",""
"","training","327","data/CLP_dataset/clp2k/annotations_overlay/training/met_1291.jpg","data/CLP_dataset/clp2k/images/training/met_1291.jpg","data/CLP_dataset/clp2k/annotations/training/met_1291.png","","",""
"","training","328","data/CLP_dataset/clp2k/annotations_overlay/training/met_1292.jpg","data/CLP_dataset/clp2k/images/training/met_1292.jpg","data/CLP_dataset/clp2k/annotations/training/met_1292.png","","",""
"","training","329","data/CLP_dataset/clp2k/annotations_overlay/training/met_13.jpg","data/CLP_dataset/clp2k/images/training/met_13.jpg","data/CLP_dataset/clp2k/annotations/training/met_13.png","","",""
"","training","330","data/CLP_dataset/clp2k/annotations_overlay/training/met_130.jpg","data/CLP_dataset/clp2k/images/training/met_130.jpg","data/CLP_dataset/clp2k/annotations/training/met_130.png","","",""
"","training","331","data/CLP_dataset/clp2k/annotations_overlay/training/met_131.jpg","data/CLP_dataset/clp2k/images/training/met_131.jpg","data/CLP_dataset/clp2k/annotations/training/met_131.png","","",""
"","training","332","data/CLP_dataset/clp2k/annotations_overlay/training/met_132.jpg","data/CLP_dataset/clp2k/images/training/met_132.jpg","data/CLP_dataset/clp2k/annotations/training/met_132.png","","",""
"","training","333","data/CLP_dataset/clp2k/annotations_overlay/training/met_133.jpg","data/CLP_dataset/clp2k/images/training/met_133.jpg","data/CLP_dataset/clp2k/annotations/training/met_133.png","","",""
"","training","334","data/CLP_dataset/clp2k/annotations_overlay/training/met_134.jpg","data/CLP_dataset/clp2k/images/training/met_134.jpg","data/CLP_dataset/clp2k/annotations/training/met_134.png","","",""
"","training","335","data/CLP_dataset/clp2k/annotations_overlay/training/met_135.jpg","data/CLP_dataset/clp2k/images/training/met_135.jpg","data/CLP_dataset/clp2k/annotations/training/met_135.png","","",""
"","training","336","data/CLP_dataset/clp2k/annotations_overlay/training/met_136.jpg","data/CLP_dataset/clp2k/images/training/met_136.jpg","data/CLP_dataset/clp2k/annotations/training/met_136.png","","",""
"","training","337","data/CLP_dataset/clp2k/annotations_overlay/training/met_137.jpg","data/CLP_dataset/clp2k/images/training/met_137.jpg","data/CLP_dataset/clp2k/annotations/training/met_137.png","","",""
"","training","338","data/CLP_dataset/clp2k/annotations_overlay/training/met_138.jpg","data/CLP_dataset/clp2k/images/training/met_138.jpg","data/CLP_dataset/clp2k/annotations/training/met_138.png","","",""
"","training","339","data/CLP_dataset/clp2k/annotations_overlay/training/met_139.jpg","data/CLP_dataset/clp2k/images/training/met_139.jpg","data/CLP_dataset/clp2k/annotations/training/met_139.png","","",""
"","training","340","data/CLP_dataset/clp2k/annotations_overlay/training/met_140.jpg","data/CLP_dataset/clp2k/images/training/met_140.jpg","data/CLP_dataset/clp2k/annotations/training/met_140.png","","",""
"","training","341","data/CLP_dataset/clp2k/annotations_overlay/training/met_141.jpg","data/CLP_dataset/clp2k/images/training/met_141.jpg","data/CLP_dataset/clp2k/annotations/training/met_141.png","","",""
"","training","342","data/CLP_dataset/clp2k/annotations_overlay/training/met_143.jpg","data/CLP_dataset/clp2k/images/training/met_143.jpg","data/CLP_dataset/clp2k/annotations/training/met_143.png","","",""
"","training","343","data/CLP_dataset/clp2k/annotations_overlay/training/met_144.jpg","data/CLP_dataset/clp2k/images/training/met_144.jpg","data/CLP_dataset/clp2k/annotations/training/met_144.png","","",""
"","training","344","data/CLP_dataset/clp2k/annotations_overlay/training/met_146.jpg","data/CLP_dataset/clp2k/images/training/met_146.jpg","data/CLP_dataset/clp2k/annotations/training/met_146.png","","",""
"","training","345","data/CLP_dataset/clp2k/annotations_overlay/training/met_147.jpg","data/CLP_dataset/clp2k/images/training/met_147.jpg","data/CLP_dataset/clp2k/annotations/training/met_147.png","","",""
"","training","346","data/CLP_dataset/clp2k/annotations_overlay/training/met_148.jpg","data/CLP_dataset/clp2k/images/training/met_148.jpg","data/CLP_dataset/clp2k/annotations/training/met_148.png","","",""
"","training","347","data/CLP_dataset/clp2k/annotations_overlay/training/met_15.jpg","data/CLP_dataset/clp2k/images/training/met_15.jpg","data/CLP_dataset/clp2k/annotations/training/met_15.png","","",""
"","training","348","data/CLP_dataset/clp2k/annotations_overlay/training/met_150.jpg","data/CLP_dataset/clp2k/images/training/met_150.jpg","data/CLP_dataset/clp2k/annotations/training/met_150.png","","",""
"","training","349","data/CLP_dataset/clp2k/annotations_overlay/training/met_151.jpg","data/CLP_dataset/clp2k/images/training/met_151.jpg","data/CLP_dataset/clp2k/annotations/training/met_151.png","","",""
"","training","350","data/CLP_dataset/clp2k/annotations_overlay/training/met_152.jpg","data/CLP_dataset/clp2k/images/training/met_152.jpg","data/CLP_dataset/clp2k/annotations/training/met_152.png","","",""
"","training","351","data/CLP_dataset/clp2k/annotations_overlay/training/met_155.jpg","data/CLP_dataset/clp2k/images/training/met_155.jpg","data/CLP_dataset/clp2k/annotations/training/met_155.png","","",""
"","training","352","data/CLP_dataset/clp2k/annotations_overlay/training/met_156.jpg","data/CLP_dataset/clp2k/images/training/met_156.jpg","data/CLP_dataset/clp2k/annotations/training/met_156.png","","",""
"","training","353","data/CLP_dataset/clp2k/annotations_overlay/training/met_157.jpg","data/CLP_dataset/clp2k/images/training/met_157.jpg","data/CLP_dataset/clp2k/annotations/training/met_157.png","","",""
"","training","354","data/CLP_dataset/clp2k/annotations_overlay/training/met_158.jpg","data/CLP_dataset/clp2k/images/training/met_158.jpg","data/CLP_dataset/clp2k/annotations/training/met_158.png","","",""
"","training","355","data/CLP_dataset/clp2k/annotations_overlay/training/met_159.jpg","data/CLP_dataset/clp2k/images/training/met_159.jpg","data/CLP_dataset/clp2k/annotations/training/met_159.png","","",""
"","training","356","data/CLP_dataset/clp2k/annotations_overlay/training/met_16.jpg","data/CLP_dataset/clp2k/images/training/met_16.jpg","data/CLP_dataset/clp2k/annotations/training/met_16.png","","",""
"","training","357","data/CLP_dataset/clp2k/annotations_overlay/training/met_160.jpg","data/CLP_dataset/clp2k/images/training/met_160.jpg","data/CLP_dataset/clp2k/annotations/training/met_160.png","","",""
"","training","358","data/CLP_dataset/clp2k/annotations_overlay/training/met_161.jpg","data/CLP_dataset/clp2k/images/training/met_161.jpg","data/CLP_dataset/clp2k/annotations/training/met_161.png","","",""
"","training","359","data/CLP_dataset/clp2k/annotations_overlay/training/met_162.jpg","data/CLP_dataset/clp2k/images/training/met_162.jpg","data/CLP_dataset/clp2k/annotations/training/met_162.png","","",""
"","training","360","data/CLP_dataset/clp2k/annotations_overlay/training/met_163.jpg","data/CLP_dataset/clp2k/images/training/met_163.jpg","data/CLP_dataset/clp2k/annotations/training/met_163.png","","",""
"","training","361","data/CLP_dataset/clp2k/annotations_overlay/training/met_164.jpg","data/CLP_dataset/clp2k/images/training/met_164.jpg","data/CLP_dataset/clp2k/annotations/training/met_164.png","","",""
"","training","362","data/CLP_dataset/clp2k/annotations_overlay/training/met_165.jpg","data/CLP_dataset/clp2k/images/training/met_165.jpg","data/CLP_dataset/clp2k/annotations/training/met_165.png","","",""
"","training","363","data/CLP_dataset/clp2k/annotations_overlay/training/met_166.jpg","data/CLP_dataset/clp2k/images/training/met_166.jpg","data/CLP_dataset/clp2k/annotations/training/met_166.png","","",""
"","training","364","data/CLP_dataset/clp2k/annotations_overlay/training/met_167.jpg","data/CLP_dataset/clp2k/images/training/met_167.jpg","data/CLP_dataset/clp2k/annotations/training/met_167.png","","",""
"","training","365","data/CLP_dataset/clp2k/annotations_overlay/training/met_168.jpg","data/CLP_dataset/clp2k/images/training/met_168.jpg","data/CLP_dataset/clp2k/annotations/training/met_168.png","","",""
"","training","366","data/CLP_dataset/clp2k/annotations_overlay/training/met_169.jpg","data/CLP_dataset/clp2k/images/training/met_169.jpg","data/CLP_dataset/clp2k/annotations/training/met_169.png","","",""
"","training","367","data/CLP_dataset/clp2k/annotations_overlay/training/met_17.jpg","data/CLP_dataset/clp2k/images/training/met_17.jpg","data/CLP_dataset/clp2k/annotations/training/met_17.png","","",""
"","training","368","data/CLP_dataset/clp2k/annotations_overlay/training/met_170.jpg","data/CLP_dataset/clp2k/images/training/met_170.jpg","data/CLP_dataset/clp2k/annotations/training/met_170.png","","",""
"","training","369","data/CLP_dataset/clp2k/annotations_overlay/training/met_173.jpg","data/CLP_dataset/clp2k/images/training/met_173.jpg","data/CLP_dataset/clp2k/annotations/training/met_173.png","","",""
"","training","370","data/CLP_dataset/clp2k/annotations_overlay/training/met_174.jpg","data/CLP_dataset/clp2k/images/training/met_174.jpg","data/CLP_dataset/clp2k/annotations/training/met_174.png","","",""
"","training","371","data/CLP_dataset/clp2k/annotations_overlay/training/met_175.jpg","data/CLP_dataset/clp2k/images/training/met_175.jpg","data/CLP_dataset/clp2k/annotations/training/met_175.png","","",""
"","training","372","data/CLP_dataset/clp2k/annotations_overlay/training/met_176.jpg","data/CLP_dataset/clp2k/images/training/met_176.jpg","data/CLP_dataset/clp2k/annotations/training/met_176.png","","",""
"","training","373","data/CLP_dataset/clp2k/annotations_overlay/training/met_177.jpg","data/CLP_dataset/clp2k/images/training/met_177.jpg","data/CLP_dataset/clp2k/annotations/training/met_177.png","","",""
"","training","374","data/CLP_dataset/clp2k/annotations_overlay/training/met_179.jpg","data/CLP_dataset/clp2k/images/training/met_179.jpg","data/CLP_dataset/clp2k/annotations/training/met_179.png","","",""
"","training","375","data/CLP_dataset/clp2k/annotations_overlay/training/met_18.jpg","data/CLP_dataset/clp2k/images/training/met_18.jpg","data/CLP_dataset/clp2k/annotations/training/met_18.png","","",""
"","training","376","data/CLP_dataset/clp2k/annotations_overlay/training/met_181.jpg","data/CLP_dataset/clp2k/images/training/met_181.jpg","data/CLP_dataset/clp2k/annotations/training/met_181.png","","",""
"","training","377","data/CLP_dataset/clp2k/annotations_overlay/training/met_183.jpg","data/CLP_dataset/clp2k/images/training/met_183.jpg","data/CLP_dataset/clp2k/annotations/training/met_183.png","","",""
"","training","378","data/CLP_dataset/clp2k/annotations_overlay/training/met_184.jpg","data/CLP_dataset/clp2k/images/training/met_184.jpg","data/CLP_dataset/clp2k/annotations/training/met_184.png","","",""
"","training","379","data/CLP_dataset/clp2k/annotations_overlay/training/met_185.jpg","data/CLP_dataset/clp2k/images/training/met_185.jpg","data/CLP_dataset/clp2k/annotations/training/met_185.png","","",""
"","training","380","data/CLP_dataset/clp2k/annotations_overlay/training/met_186.jpg","data/CLP_dataset/clp2k/images/training/met_186.jpg","data/CLP_dataset/clp2k/annotations/training/met_186.png","","",""
"","training","381","data/CLP_dataset/clp2k/annotations_overlay/training/met_187.jpg","data/CLP_dataset/clp2k/images/training/met_187.jpg","data/CLP_dataset/clp2k/annotations/training/met_187.png","","",""
"","training","382","data/CLP_dataset/clp2k/annotations_overlay/training/met_188.jpg","data/CLP_dataset/clp2k/images/training/met_188.jpg","data/CLP_dataset/clp2k/annotations/training/met_188.png","","",""
"","training","383","data/CLP_dataset/clp2k/annotations_overlay/training/met_189.jpg","data/CLP_dataset/clp2k/images/training/met_189.jpg","data/CLP_dataset/clp2k/annotations/training/met_189.png","","",""
"","training","384","data/CLP_dataset/clp2k/annotations_overlay/training/met_19.jpg","data/CLP_dataset/clp2k/images/training/met_19.jpg","data/CLP_dataset/clp2k/annotations/training/met_19.png","","",""
"","training","385","data/CLP_dataset/clp2k/annotations_overlay/training/met_191.jpg","data/CLP_dataset/clp2k/images/training/met_191.jpg","data/CLP_dataset/clp2k/annotations/training/met_191.png","","",""
"","training","386","data/CLP_dataset/clp2k/annotations_overlay/training/met_192.jpg","data/CLP_dataset/clp2k/images/training/met_192.jpg","data/CLP_dataset/clp2k/annotations/training/met_192.png","","",""
"","training","387","data/CLP_dataset/clp2k/annotations_overlay/training/met_193.jpg","data/CLP_dataset/clp2k/images/training/met_193.jpg","data/CLP_dataset/clp2k/annotations/training/met_193.png","","",""
"","training","388","data/CLP_dataset/clp2k/annotations_overlay/training/met_194.jpg","data/CLP_dataset/clp2k/images/training/met_194.jpg","data/CLP_dataset/clp2k/annotations/training/met_194.png","","",""
"","training","389","data/CLP_dataset/clp2k/annotations_overlay/training/met_195.jpg","data/CLP_dataset/clp2k/images/training/met_195.jpg","data/CLP_dataset/clp2k/annotations/training/met_195.png","","",""
"","training","390","data/CLP_dataset/clp2k/annotations_overlay/training/met_196.jpg","data/CLP_dataset/clp2k/images/training/met_196.jpg","data/CLP_dataset/clp2k/annotations/training/met_196.png","","",""
"","training","391","data/CLP_dataset/clp2k/annotations_overlay/training/met_197.jpg","data/CLP_dataset/clp2k/images/training/met_197.jpg","data/CLP_dataset/clp2k/annotations/training/met_197.png","","",""
"","training","392","data/CLP_dataset/clp2k/annotations_overlay/training/met_198.jpg","data/CLP_dataset/clp2k/images/training/met_198.jpg","data/CLP_dataset/clp2k/annotations/training/met_198.png","","",""
"","training","393","data/CLP_dataset/clp2k/annotations_overlay/training/met_2.jpg","data/CLP_dataset/clp2k/images/training/met_2.jpg","data/CLP_dataset/clp2k/annotations/training/met_2.png","","",""
"","training","394","data/CLP_dataset/clp2k/annotations_overlay/training/met_200.jpg","data/CLP_dataset/clp2k/images/training/met_200.jpg","data/CLP_dataset/clp2k/annotations/training/met_200.png","","",""
"","training","395","data/CLP_dataset/clp2k/annotations_overlay/training/met_201.jpg","data/CLP_dataset/clp2k/images/training/met_201.jpg","data/CLP_dataset/clp2k/annotations/training/met_201.png","","",""
"","training","396","data/CLP_dataset/clp2k/annotations_overlay/training/met_202.jpg","data/CLP_dataset/clp2k/images/training/met_202.jpg","data/CLP_dataset/clp2k/annotations/training/met_202.png","","",""
"","training","397","data/CLP_dataset/clp2k/annotations_overlay/training/met_203.jpg","data/CLP_dataset/clp2k/images/training/met_203.jpg","data/CLP_dataset/clp2k/annotations/training/met_203.png","","",""
"","training","398","data/CLP_dataset/clp2k/annotations_overlay/training/met_204.jpg","data/CLP_dataset/clp2k/images/training/met_204.jpg","data/CLP_dataset/clp2k/annotations/training/met_204.png","","",""
"","training","399","data/CLP_dataset/clp2k/annotations_overlay/training/met_205.jpg","data/CLP_dataset/clp2k/images/training/met_205.jpg","data/CLP_dataset/clp2k/annotations/training/met_205.png","","",""
"","training","400","data/CLP_dataset/clp2k/annotations_overlay/training/met_206.jpg","data/CLP_dataset/clp2k/images/training/met_206.jpg","data/CLP_dataset/clp2k/annotations/training/met_206.png","","",""
"","training","401","data/CLP_dataset/clp2k/annotations_overlay/training/met_207.jpg","data/CLP_dataset/clp2k/images/training/met_207.jpg","data/CLP_dataset/clp2k/annotations/training/met_207.png","","",""
"","training","402","data/CLP_dataset/clp2k/annotations_overlay/training/met_208.jpg","data/CLP_dataset/clp2k/images/training/met_208.jpg","data/CLP_dataset/clp2k/annotations/training/met_208.png","","",""
"","training","403","data/CLP_dataset/clp2k/annotations_overlay/training/met_209.jpg","data/CLP_dataset/clp2k/images/training/met_209.jpg","data/CLP_dataset/clp2k/annotations/training/met_209.png","","",""
"","training","404","data/CLP_dataset/clp2k/annotations_overlay/training/met_21.jpg","data/CLP_dataset/clp2k/images/training/met_21.jpg","data/CLP_dataset/clp2k/annotations/training/met_21.png","","",""
"","training","405","data/CLP_dataset/clp2k/annotations_overlay/training/met_210.jpg","data/CLP_dataset/clp2k/images/training/met_210.jpg","data/CLP_dataset/clp2k/annotations/training/met_210.png","","",""
"","training","406","data/CLP_dataset/clp2k/annotations_overlay/training/met_211.jpg","data/CLP_dataset/clp2k/images/training/met_211.jpg","data/CLP_dataset/clp2k/annotations/training/met_211.png","","",""
"","training","407","data/CLP_dataset/clp2k/annotations_overlay/training/met_212.jpg","data/CLP_dataset/clp2k/images/training/met_212.jpg","data/CLP_dataset/clp2k/annotations/training/met_212.png","","",""
"","training","408","data/CLP_dataset/clp2k/annotations_overlay/training/met_213.jpg","data/CLP_dataset/clp2k/images/training/met_213.jpg","data/CLP_dataset/clp2k/annotations/training/met_213.png","","",""
"","training","409","data/CLP_dataset/clp2k/annotations_overlay/training/met_214.jpg","data/CLP_dataset/clp2k/images/training/met_214.jpg","data/CLP_dataset/clp2k/annotations/training/met_214.png","","",""
"","training","410","data/CLP_dataset/clp2k/annotations_overlay/training/met_215.jpg","data/CLP_dataset/clp2k/images/training/met_215.jpg","data/CLP_dataset/clp2k/annotations/training/met_215.png","","",""
"","training","411","data/CLP_dataset/clp2k/annotations_overlay/training/met_216.jpg","data/CLP_dataset/clp2k/images/training/met_216.jpg","data/CLP_dataset/clp2k/annotations/training/met_216.png","","",""
"","training","412","data/CLP_dataset/clp2k/annotations_overlay/training/met_217.jpg","data/CLP_dataset/clp2k/images/training/met_217.jpg","data/CLP_dataset/clp2k/annotations/training/met_217.png","","",""
"","training","413","data/CLP_dataset/clp2k/annotations_overlay/training/met_218.jpg","data/CLP_dataset/clp2k/images/training/met_218.jpg","data/CLP_dataset/clp2k/annotations/training/met_218.png","","",""
"","training","414","data/CLP_dataset/clp2k/annotations_overlay/training/met_219.jpg","data/CLP_dataset/clp2k/images/training/met_219.jpg","data/CLP_dataset/clp2k/annotations/training/met_219.png","","",""
"","training","415","data/CLP_dataset/clp2k/annotations_overlay/training/met_22.jpg","data/CLP_dataset/clp2k/images/training/met_22.jpg","data/CLP_dataset/clp2k/annotations/training/met_22.png","","",""
"","training","416","data/CLP_dataset/clp2k/annotations_overlay/training/met_220.jpg","data/CLP_dataset/clp2k/images/training/met_220.jpg","data/CLP_dataset/clp2k/annotations/training/met_220.png","","",""
"","training","417","data/CLP_dataset/clp2k/annotations_overlay/training/met_223.jpg","data/CLP_dataset/clp2k/images/training/met_223.jpg","data/CLP_dataset/clp2k/annotations/training/met_223.png","","",""
"","training","418","data/CLP_dataset/clp2k/annotations_overlay/training/met_224.jpg","data/CLP_dataset/clp2k/images/training/met_224.jpg","data/CLP_dataset/clp2k/annotations/training/met_224.png","","",""
"","training","419","data/CLP_dataset/clp2k/annotations_overlay/training/met_226.jpg","data/CLP_dataset/clp2k/images/training/met_226.jpg","data/CLP_dataset/clp2k/annotations/training/met_226.png","","",""
"","training","420","data/CLP_dataset/clp2k/annotations_overlay/training/met_227.jpg","data/CLP_dataset/clp2k/images/training/met_227.jpg","data/CLP_dataset/clp2k/annotations/training/met_227.png","","",""
"","training","421","data/CLP_dataset/clp2k/annotations_overlay/training/met_228.jpg","data/CLP_dataset/clp2k/images/training/met_228.jpg","data/CLP_dataset/clp2k/annotations/training/met_228.png","","",""
"","training","422","data/CLP_dataset/clp2k/annotations_overlay/training/met_229.jpg","data/CLP_dataset/clp2k/images/training/met_229.jpg","data/CLP_dataset/clp2k/annotations/training/met_229.png","","",""
"","training","423","data/CLP_dataset/clp2k/annotations_overlay/training/met_231.jpg","data/CLP_dataset/clp2k/images/training/met_231.jpg","data/CLP_dataset/clp2k/annotations/training/met_231.png","","",""
"","training","424","data/CLP_dataset/clp2k/annotations_overlay/training/met_232.jpg","data/CLP_dataset/clp2k/images/training/met_232.jpg","data/CLP_dataset/clp2k/annotations/training/met_232.png","","",""
"","training","425","data/CLP_dataset/clp2k/annotations_overlay/training/met_233.jpg","data/CLP_dataset/clp2k/images/training/met_233.jpg","data/CLP_dataset/clp2k/annotations/training/met_233.png","","",""
"","training","426","data/CLP_dataset/clp2k/annotations_overlay/training/met_234.jpg","data/CLP_dataset/clp2k/images/training/met_234.jpg","data/CLP_dataset/clp2k/annotations/training/met_234.png","","",""
"","training","427","data/CLP_dataset/clp2k/annotations_overlay/training/met_235.jpg","data/CLP_dataset/clp2k/images/training/met_235.jpg","data/CLP_dataset/clp2k/annotations/training/met_235.png","","",""
"","training","428","data/CLP_dataset/clp2k/annotations_overlay/training/met_236.jpg","data/CLP_dataset/clp2k/images/training/met_236.jpg","data/CLP_dataset/clp2k/annotations/training/met_236.png","","",""
"","training","429","data/CLP_dataset/clp2k/annotations_overlay/training/met_237.jpg","data/CLP_dataset/clp2k/images/training/met_237.jpg","data/CLP_dataset/clp2k/annotations/training/met_237.png","","",""
"","training","430","data/CLP_dataset/clp2k/annotations_overlay/training/met_238.jpg","data/CLP_dataset/clp2k/images/training/met_238.jpg","data/CLP_dataset/clp2k/annotations/training/met_238.png","","",""
"","training","431","data/CLP_dataset/clp2k/annotations_overlay/training/met_239.jpg","data/CLP_dataset/clp2k/images/training/met_239.jpg","data/CLP_dataset/clp2k/annotations/training/met_239.png","","",""
"","training","432","data/CLP_dataset/clp2k/annotations_overlay/training/met_240.jpg","data/CLP_dataset/clp2k/images/training/met_240.jpg","data/CLP_dataset/clp2k/annotations/training/met_240.png","","",""
"","training","433","data/CLP_dataset/clp2k/annotations_overlay/training/met_241.jpg","data/CLP_dataset/clp2k/images/training/met_241.jpg","data/CLP_dataset/clp2k/annotations/training/met_241.png","","",""
"","training","434","data/CLP_dataset/clp2k/annotations_overlay/training/met_242.jpg","data/CLP_dataset/clp2k/images/training/met_242.jpg","data/CLP_dataset/clp2k/annotations/training/met_242.png","","",""
"","training","435","data/CLP_dataset/clp2k/annotations_overlay/training/met_243.jpg","data/CLP_dataset/clp2k/images/training/met_243.jpg","data/CLP_dataset/clp2k/annotations/training/met_243.png","","",""
"","training","436","data/CLP_dataset/clp2k/annotations_overlay/training/met_244.jpg","data/CLP_dataset/clp2k/images/training/met_244.jpg","data/CLP_dataset/clp2k/annotations/training/met_244.png","","",""
"","training","437","data/CLP_dataset/clp2k/annotations_overlay/training/met_245.jpg","data/CLP_dataset/clp2k/images/training/met_245.jpg","data/CLP_dataset/clp2k/annotations/training/met_245.png","","",""
"","training","438","data/CLP_dataset/clp2k/annotations_overlay/training/met_246.jpg","data/CLP_dataset/clp2k/images/training/met_246.jpg","data/CLP_dataset/clp2k/annotations/training/met_246.png","","",""
"","training","439","data/CLP_dataset/clp2k/annotations_overlay/training/met_247.jpg","data/CLP_dataset/clp2k/images/training/met_247.jpg","data/CLP_dataset/clp2k/annotations/training/met_247.png","","",""
"","training","440","data/CLP_dataset/clp2k/annotations_overlay/training/met_248.jpg","data/CLP_dataset/clp2k/images/training/met_248.jpg","data/CLP_dataset/clp2k/annotations/training/met_248.png","","",""
"","training","441","data/CLP_dataset/clp2k/annotations_overlay/training/met_249.jpg","data/CLP_dataset/clp2k/images/training/met_249.jpg","data/CLP_dataset/clp2k/annotations/training/met_249.png","","",""
"","training","442","data/CLP_dataset/clp2k/annotations_overlay/training/met_25.jpg","data/CLP_dataset/clp2k/images/training/met_25.jpg","data/CLP_dataset/clp2k/annotations/training/met_25.png","","",""
"","training","443","data/CLP_dataset/clp2k/annotations_overlay/training/met_250.jpg","data/CLP_dataset/clp2k/images/training/met_250.jpg","data/CLP_dataset/clp2k/annotations/training/met_250.png","","",""
"","training","444","data/CLP_dataset/clp2k/annotations_overlay/training/met_251.jpg","data/CLP_dataset/clp2k/images/training/met_251.jpg","data/CLP_dataset/clp2k/annotations/training/met_251.png","","",""
"","training","445","data/CLP_dataset/clp2k/annotations_overlay/training/met_252.jpg","data/CLP_dataset/clp2k/images/training/met_252.jpg","data/CLP_dataset/clp2k/annotations/training/met_252.png","","",""
"","training","446","data/CLP_dataset/clp2k/annotations_overlay/training/met_254.jpg","data/CLP_dataset/clp2k/images/training/met_254.jpg","data/CLP_dataset/clp2k/annotations/training/met_254.png","","",""
"","training","447","data/CLP_dataset/clp2k/annotations_overlay/training/met_255.jpg","data/CLP_dataset/clp2k/images/training/met_255.jpg","data/CLP_dataset/clp2k/annotations/training/met_255.png","","",""
"","training","448","data/CLP_dataset/clp2k/annotations_overlay/training/met_256.jpg","data/CLP_dataset/clp2k/images/training/met_256.jpg","data/CLP_dataset/clp2k/annotations/training/met_256.png","","",""
"","training","449","data/CLP_dataset/clp2k/annotations_overlay/training/met_257.jpg","data/CLP_dataset/clp2k/images/training/met_257.jpg","data/CLP_dataset/clp2k/annotations/training/met_257.png","","",""
"","training","450","data/CLP_dataset/clp2k/annotations_overlay/training/met_258.jpg","data/CLP_dataset/clp2k/images/training/met_258.jpg","data/CLP_dataset/clp2k/annotations/training/met_258.png","","",""
"","training","451","data/CLP_dataset/clp2k/annotations_overlay/training/met_259.jpg","data/CLP_dataset/clp2k/images/training/met_259.jpg","data/CLP_dataset/clp2k/annotations/training/met_259.png","","",""
"","training","452","data/CLP_dataset/clp2k/annotations_overlay/training/met_26.jpg","data/CLP_dataset/clp2k/images/training/met_26.jpg","data/CLP_dataset/clp2k/annotations/training/met_26.png","","",""
"","training","453","data/CLP_dataset/clp2k/annotations_overlay/training/met_260.jpg","data/CLP_dataset/clp2k/images/training/met_260.jpg","data/CLP_dataset/clp2k/annotations/training/met_260.png","","",""
"","training","454","data/CLP_dataset/clp2k/annotations_overlay/training/met_261.jpg","data/CLP_dataset/clp2k/images/training/met_261.jpg","data/CLP_dataset/clp2k/annotations/training/met_261.png","","",""
"","training","455","data/CLP_dataset/clp2k/annotations_overlay/training/met_262.jpg","data/CLP_dataset/clp2k/images/training/met_262.jpg","data/CLP_dataset/clp2k/annotations/training/met_262.png","","",""
"","training","456","data/CLP_dataset/clp2k/annotations_overlay/training/met_263.jpg","data/CLP_dataset/clp2k/images/training/met_263.jpg","data/CLP_dataset/clp2k/annotations/training/met_263.png","","",""
"","training","457","data/CLP_dataset/clp2k/annotations_overlay/training/met_264.jpg","data/CLP_dataset/clp2k/images/training/met_264.jpg","data/CLP_dataset/clp2k/annotations/training/met_264.png","","",""
"","training","458","data/CLP_dataset/clp2k/annotations_overlay/training/met_265.jpg","data/CLP_dataset/clp2k/images/training/met_265.jpg","data/CLP_dataset/clp2k/annotations/training/met_265.png","","",""
"","training","459","data/CLP_dataset/clp2k/annotations_overlay/training/met_266.jpg","data/CLP_dataset/clp2k/images/training/met_266.jpg","data/CLP_dataset/clp2k/annotations/training/met_266.png","","",""
"","training","460","data/CLP_dataset/clp2k/annotations_overlay/training/met_267.jpg","data/CLP_dataset/clp2k/images/training/met_267.jpg","data/CLP_dataset/clp2k/annotations/training/met_267.png","","",""
"","training","461","data/CLP_dataset/clp2k/annotations_overlay/training/met_268.jpg","data/CLP_dataset/clp2k/images/training/met_268.jpg","data/CLP_dataset/clp2k/annotations/training/met_268.png","","",""
"","training","462","data/CLP_dataset/clp2k/annotations_overlay/training/met_269.jpg","data/CLP_dataset/clp2k/images/training/met_269.jpg","data/CLP_dataset/clp2k/annotations/training/met_269.png","","",""
"","training","463","data/CLP_dataset/clp2k/annotations_overlay/training/met_27.jpg","data/CLP_dataset/clp2k/images/training/met_27.jpg","data/CLP_dataset/clp2k/annotations/training/met_27.png","","",""
"","training","464","data/CLP_dataset/clp2k/annotations_overlay/training/met_270.jpg","data/CLP_dataset/clp2k/images/training/met_270.jpg","data/CLP_dataset/clp2k/annotations/training/met_270.png","","",""
"","training","465","data/CLP_dataset/clp2k/annotations_overlay/training/met_271.jpg","data/CLP_dataset/clp2k/images/training/met_271.jpg","data/CLP_dataset/clp2k/annotations/training/met_271.png","","",""
"","training","466","data/CLP_dataset/clp2k/annotations_overlay/training/met_272.jpg","data/CLP_dataset/clp2k/images/training/met_272.jpg","data/CLP_dataset/clp2k/annotations/training/met_272.png","","",""
"","training","467","data/CLP_dataset/clp2k/annotations_overlay/training/met_273.jpg","data/CLP_dataset/clp2k/images/training/met_273.jpg","data/CLP_dataset/clp2k/annotations/training/met_273.png","","",""
"","training","468","data/CLP_dataset/clp2k/annotations_overlay/training/met_274.jpg","data/CLP_dataset/clp2k/images/training/met_274.jpg","data/CLP_dataset/clp2k/annotations/training/met_274.png","","",""
"","training","469","data/CLP_dataset/clp2k/annotations_overlay/training/met_275.jpg","data/CLP_dataset/clp2k/images/training/met_275.jpg","data/CLP_dataset/clp2k/annotations/training/met_275.png","","",""
"","training","470","data/CLP_dataset/clp2k/annotations_overlay/training/met_276.jpg","data/CLP_dataset/clp2k/images/training/met_276.jpg","data/CLP_dataset/clp2k/annotations/training/met_276.png","","",""
"","training","471","data/CLP_dataset/clp2k/annotations_overlay/training/met_277.jpg","data/CLP_dataset/clp2k/images/training/met_277.jpg","data/CLP_dataset/clp2k/annotations/training/met_277.png","","",""
"","training","472","data/CLP_dataset/clp2k/annotations_overlay/training/met_278.jpg","data/CLP_dataset/clp2k/images/training/met_278.jpg","data/CLP_dataset/clp2k/annotations/training/met_278.png","","",""
"","training","473","data/CLP_dataset/clp2k/annotations_overlay/training/met_279.jpg","data/CLP_dataset/clp2k/images/training/met_279.jpg","data/CLP_dataset/clp2k/annotations/training/met_279.png","","",""
"","training","474","data/CLP_dataset/clp2k/annotations_overlay/training/met_280.jpg","data/CLP_dataset/clp2k/images/training/met_280.jpg","data/CLP_dataset/clp2k/annotations/training/met_280.png","","",""
"","training","475","data/CLP_dataset/clp2k/annotations_overlay/training/met_281.jpg","data/CLP_dataset/clp2k/images/training/met_281.jpg","data/CLP_dataset/clp2k/annotations/training/met_281.png","","",""
"","training","476","data/CLP_dataset/clp2k/annotations_overlay/training/met_282.jpg","data/CLP_dataset/clp2k/images/training/met_282.jpg","data/CLP_dataset/clp2k/annotations/training/met_282.png","","",""
"","training","477","data/CLP_dataset/clp2k/annotations_overlay/training/met_283.jpg","data/CLP_dataset/clp2k/images/training/met_283.jpg","data/CLP_dataset/clp2k/annotations/training/met_283.png","","",""
"","training","478","data/CLP_dataset/clp2k/annotations_overlay/training/met_284.jpg","data/CLP_dataset/clp2k/images/training/met_284.jpg","data/CLP_dataset/clp2k/annotations/training/met_284.png","","",""
"","training","479","data/CLP_dataset/clp2k/annotations_overlay/training/met_285.jpg","data/CLP_dataset/clp2k/images/training/met_285.jpg","data/CLP_dataset/clp2k/annotations/training/met_285.png","","",""
"","training","480","data/CLP_dataset/clp2k/annotations_overlay/training/met_286.jpg","data/CLP_dataset/clp2k/images/training/met_286.jpg","data/CLP_dataset/clp2k/annotations/training/met_286.png","","",""
"","training","481","data/CLP_dataset/clp2k/annotations_overlay/training/met_287.jpg","data/CLP_dataset/clp2k/images/training/met_287.jpg","data/CLP_dataset/clp2k/annotations/training/met_287.png","","",""
"","training","482","data/CLP_dataset/clp2k/annotations_overlay/training/met_288.jpg","data/CLP_dataset/clp2k/images/training/met_288.jpg","data/CLP_dataset/clp2k/annotations/training/met_288.png","","",""
"","training","483","data/CLP_dataset/clp2k/annotations_overlay/training/met_289.jpg","data/CLP_dataset/clp2k/images/training/met_289.jpg","data/CLP_dataset/clp2k/annotations/training/met_289.png","","",""
"","training","484","data/CLP_dataset/clp2k/annotations_overlay/training/met_29.jpg","data/CLP_dataset/clp2k/images/training/met_29.jpg","data/CLP_dataset/clp2k/annotations/training/met_29.png","","",""
"","training","485","data/CLP_dataset/clp2k/annotations_overlay/training/met_290.jpg","data/CLP_dataset/clp2k/images/training/met_290.jpg","data/CLP_dataset/clp2k/annotations/training/met_290.png","","",""
"","training","486","data/CLP_dataset/clp2k/annotations_overlay/training/met_291.jpg","data/CLP_dataset/clp2k/images/training/met_291.jpg","data/CLP_dataset/clp2k/annotations/training/met_291.png","","",""
"","training","487","data/CLP_dataset/clp2k/annotations_overlay/training/met_292.jpg","data/CLP_dataset/clp2k/images/training/met_292.jpg","data/CLP_dataset/clp2k/annotations/training/met_292.png","","",""
"","training","488","data/CLP_dataset/clp2k/annotations_overlay/training/met_293.jpg","data/CLP_dataset/clp2k/images/training/met_293.jpg","data/CLP_dataset/clp2k/annotations/training/met_293.png","","",""
"","training","489","data/CLP_dataset/clp2k/annotations_overlay/training/met_294.jpg","data/CLP_dataset/clp2k/images/training/met_294.jpg","data/CLP_dataset/clp2k/annotations/training/met_294.png","","",""
"","training","490","data/CLP_dataset/clp2k/annotations_overlay/training/met_295.jpg","data/CLP_dataset/clp2k/images/training/met_295.jpg","data/CLP_dataset/clp2k/annotations/training/met_295.png","","",""
"","training","491","data/CLP_dataset/clp2k/annotations_overlay/training/met_296.jpg","data/CLP_dataset/clp2k/images/training/met_296.jpg","data/CLP_dataset/clp2k/annotations/training/met_296.png","","",""
"","training","492","data/CLP_dataset/clp2k/annotations_overlay/training/met_297.jpg","data/CLP_dataset/clp2k/images/training/met_297.jpg","data/CLP_dataset/clp2k/annotations/training/met_297.png","","",""
"","training","493","data/CLP_dataset/clp2k/annotations_overlay/training/met_298.jpg","data/CLP_dataset/clp2k/images/training/met_298.jpg","data/CLP_dataset/clp2k/annotations/training/met_298.png","","",""
"","training","494","data/CLP_dataset/clp2k/annotations_overlay/training/met_299.jpg","data/CLP_dataset/clp2k/images/training/met_299.jpg","data/CLP_dataset/clp2k/annotations/training/met_299.png","","",""
"","training","495","data/CLP_dataset/clp2k/annotations_overlay/training/met_3.jpg","data/CLP_dataset/clp2k/images/training/met_3.jpg","data/CLP_dataset/clp2k/annotations/training/met_3.png","","",""
"","training","496","data/CLP_dataset/clp2k/annotations_overlay/training/met_30.jpg","data/CLP_dataset/clp2k/images/training/met_30.jpg","data/CLP_dataset/clp2k/annotations/training/met_30.png","","",""
"","training","497","data/CLP_dataset/clp2k/annotations_overlay/training/met_300.jpg","data/CLP_dataset/clp2k/images/training/met_300.jpg","data/CLP_dataset/clp2k/annotations/training/met_300.png","","",""
"","training","498","data/CLP_dataset/clp2k/annotations_overlay/training/met_301.jpg","data/CLP_dataset/clp2k/images/training/met_301.jpg","data/CLP_dataset/clp2k/annotations/training/met_301.png","","",""
"","training","499","data/CLP_dataset/clp2k/annotations_overlay/training/met_302.jpg","data/CLP_dataset/clp2k/images/training/met_302.jpg","data/CLP_dataset/clp2k/annotations/training/met_302.png","","",""
"","training","500","data/CLP_dataset/clp2k/annotations_overlay/training/met_303.jpg","data/CLP_dataset/clp2k/images/training/met_303.jpg","data/CLP_dataset/clp2k/annotations/training/met_303.png","","",""
"","training","501","data/CLP_dataset/clp2k/annotations_overlay/training/met_304.jpg","data/CLP_dataset/clp2k/images/training/met_304.jpg","data/CLP_dataset/clp2k/annotations/training/met_304.png","","",""
"","training","502","data/CLP_dataset/clp2k/annotations_overlay/training/met_305.jpg","data/CLP_dataset/clp2k/images/training/met_305.jpg","data/CLP_dataset/clp2k/annotations/training/met_305.png","","",""
"","training","503","data/CLP_dataset/clp2k/annotations_overlay/training/met_306.jpg","data/CLP_dataset/clp2k/images/training/met_306.jpg","data/CLP_dataset/clp2k/annotations/training/met_306.png","","",""
"","training","504","data/CLP_dataset/clp2k/annotations_overlay/training/met_307.jpg","data/CLP_dataset/clp2k/images/training/met_307.jpg","data/CLP_dataset/clp2k/annotations/training/met_307.png","","",""
"","training","505","data/CLP_dataset/clp2k/annotations_overlay/training/met_308.jpg","data/CLP_dataset/clp2k/images/training/met_308.jpg","data/CLP_dataset/clp2k/annotations/training/met_308.png","","",""
"","training","506","data/CLP_dataset/clp2k/annotations_overlay/training/met_309.jpg","data/CLP_dataset/clp2k/images/training/met_309.jpg","data/CLP_dataset/clp2k/annotations/training/met_309.png","","",""
"","training","507","data/CLP_dataset/clp2k/annotations_overlay/training/met_31.jpg","data/CLP_dataset/clp2k/images/training/met_31.jpg","data/CLP_dataset/clp2k/annotations/training/met_31.png","","",""
"","training","508","data/CLP_dataset/clp2k/annotations_overlay/training/met_310.jpg","data/CLP_dataset/clp2k/images/training/met_310.jpg","data/CLP_dataset/clp2k/annotations/training/met_310.png","","",""
"","training","509","data/CLP_dataset/clp2k/annotations_overlay/training/met_311.jpg","data/CLP_dataset/clp2k/images/training/met_311.jpg","data/CLP_dataset/clp2k/annotations/training/met_311.png","","",""
"","training","510","data/CLP_dataset/clp2k/annotations_overlay/training/met_312.jpg","data/CLP_dataset/clp2k/images/training/met_312.jpg","data/CLP_dataset/clp2k/annotations/training/met_312.png","","",""
"","training","511","data/CLP_dataset/clp2k/annotations_overlay/training/met_313.jpg","data/CLP_dataset/clp2k/images/training/met_313.jpg","data/CLP_dataset/clp2k/annotations/training/met_313.png","","",""
"","training","512","data/CLP_dataset/clp2k/annotations_overlay/training/met_314.jpg","data/CLP_dataset/clp2k/images/training/met_314.jpg","data/CLP_dataset/clp2k/annotations/training/met_314.png","","",""
"","training","513","data/CLP_dataset/clp2k/annotations_overlay/training/met_315.jpg","data/CLP_dataset/clp2k/images/training/met_315.jpg","data/CLP_dataset/clp2k/annotations/training/met_315.png","","",""
"","training","514","data/CLP_dataset/clp2k/annotations_overlay/training/met_316.jpg","data/CLP_dataset/clp2k/images/training/met_316.jpg","data/CLP_dataset/clp2k/annotations/training/met_316.png","","",""
"","training","515","data/CLP_dataset/clp2k/annotations_overlay/training/met_317.jpg","data/CLP_dataset/clp2k/images/training/met_317.jpg","data/CLP_dataset/clp2k/annotations/training/met_317.png","","",""
"","training","516","data/CLP_dataset/clp2k/annotations_overlay/training/met_318.jpg","data/CLP_dataset/clp2k/images/training/met_318.jpg","data/CLP_dataset/clp2k/annotations/training/met_318.png","","",""
"","training","517","data/CLP_dataset/clp2k/annotations_overlay/training/met_319.jpg","data/CLP_dataset/clp2k/images/training/met_319.jpg","data/CLP_dataset/clp2k/annotations/training/met_319.png","","",""
"","training","518","data/CLP_dataset/clp2k/annotations_overlay/training/met_320.jpg","data/CLP_dataset/clp2k/images/training/met_320.jpg","data/CLP_dataset/clp2k/annotations/training/met_320.png","","",""
"","training","519","data/CLP_dataset/clp2k/annotations_overlay/training/met_321.jpg","data/CLP_dataset/clp2k/images/training/met_321.jpg","data/CLP_dataset/clp2k/annotations/training/met_321.png","","",""
"","training","520","data/CLP_dataset/clp2k/annotations_overlay/training/met_322.jpg","data/CLP_dataset/clp2k/images/training/met_322.jpg","data/CLP_dataset/clp2k/annotations/training/met_322.png","","",""
"","training","521","data/CLP_dataset/clp2k/annotations_overlay/training/met_323.jpg","data/CLP_dataset/clp2k/images/training/met_323.jpg","data/CLP_dataset/clp2k/annotations/training/met_323.png","","",""
"","training","522","data/CLP_dataset/clp2k/annotations_overlay/training/met_324.jpg","data/CLP_dataset/clp2k/images/training/met_324.jpg","data/CLP_dataset/clp2k/annotations/training/met_324.png","","",""
"","training","523","data/CLP_dataset/clp2k/annotations_overlay/training/met_326.jpg","data/CLP_dataset/clp2k/images/training/met_326.jpg","data/CLP_dataset/clp2k/annotations/training/met_326.png","","",""
"","training","524","data/CLP_dataset/clp2k/annotations_overlay/training/met_327.jpg","data/CLP_dataset/clp2k/images/training/met_327.jpg","data/CLP_dataset/clp2k/annotations/training/met_327.png","","",""
"","training","525","data/CLP_dataset/clp2k/annotations_overlay/training/met_328.jpg","data/CLP_dataset/clp2k/images/training/met_328.jpg","data/CLP_dataset/clp2k/annotations/training/met_328.png","","",""
"","training","526","data/CLP_dataset/clp2k/annotations_overlay/training/met_329.jpg","data/CLP_dataset/clp2k/images/training/met_329.jpg","data/CLP_dataset/clp2k/annotations/training/met_329.png","","",""
"","training","527","data/CLP_dataset/clp2k/annotations_overlay/training/met_33.jpg","data/CLP_dataset/clp2k/images/training/met_33.jpg","data/CLP_dataset/clp2k/annotations/training/met_33.png","","",""
"","training","528","data/CLP_dataset/clp2k/annotations_overlay/training/met_330.jpg","data/CLP_dataset/clp2k/images/training/met_330.jpg","data/CLP_dataset/clp2k/annotations/training/met_330.png","","",""
"","training","529","data/CLP_dataset/clp2k/annotations_overlay/training/met_332.jpg","data/CLP_dataset/clp2k/images/training/met_332.jpg","data/CLP_dataset/clp2k/annotations/training/met_332.png","","",""
"","training","530","data/CLP_dataset/clp2k/annotations_overlay/training/met_333.jpg","data/CLP_dataset/clp2k/images/training/met_333.jpg","data/CLP_dataset/clp2k/annotations/training/met_333.png","","",""
"","training","531","data/CLP_dataset/clp2k/annotations_overlay/training/met_334.jpg","data/CLP_dataset/clp2k/images/training/met_334.jpg","data/CLP_dataset/clp2k/annotations/training/met_334.png","","",""
"","training","532","data/CLP_dataset/clp2k/annotations_overlay/training/met_335.jpg","data/CLP_dataset/clp2k/images/training/met_335.jpg","data/CLP_dataset/clp2k/annotations/training/met_335.png","","",""
"","training","533","data/CLP_dataset/clp2k/annotations_overlay/training/met_336.jpg","data/CLP_dataset/clp2k/images/training/met_336.jpg","data/CLP_dataset/clp2k/annotations/training/met_336.png","","",""
"","training","534","data/CLP_dataset/clp2k/annotations_overlay/training/met_337.jpg","data/CLP_dataset/clp2k/images/training/met_337.jpg","data/CLP_dataset/clp2k/annotations/training/met_337.png","","",""
"","training","535","data/CLP_dataset/clp2k/annotations_overlay/training/met_338.jpg","data/CLP_dataset/clp2k/images/training/met_338.jpg","data/CLP_dataset/clp2k/annotations/training/met_338.png","","",""
"","training","536","data/CLP_dataset/clp2k/annotations_overlay/training/met_339.jpg","data/CLP_dataset/clp2k/images/training/met_339.jpg","data/CLP_dataset/clp2k/annotations/training/met_339.png","","",""
"","training","537","data/CLP_dataset/clp2k/annotations_overlay/training/met_34.jpg","data/CLP_dataset/clp2k/images/training/met_34.jpg","data/CLP_dataset/clp2k/annotations/training/met_34.png","","",""
"","training","538","data/CLP_dataset/clp2k/annotations_overlay/training/met_340.jpg","data/CLP_dataset/clp2k/images/training/met_340.jpg","data/CLP_dataset/clp2k/annotations/training/met_340.png","","",""
"","training","539","data/CLP_dataset/clp2k/annotations_overlay/training/met_341.jpg","data/CLP_dataset/clp2k/images/training/met_341.jpg","data/CLP_dataset/clp2k/annotations/training/met_341.png","","",""
"","training","540","data/CLP_dataset/clp2k/annotations_overlay/training/met_343.jpg","data/CLP_dataset/clp2k/images/training/met_343.jpg","data/CLP_dataset/clp2k/annotations/training/met_343.png","","",""
"","training","541","data/CLP_dataset/clp2k/annotations_overlay/training/met_344.jpg","data/CLP_dataset/clp2k/images/training/met_344.jpg","data/CLP_dataset/clp2k/annotations/training/met_344.png","","",""
"","training","542","data/CLP_dataset/clp2k/annotations_overlay/training/met_345.jpg","data/CLP_dataset/clp2k/images/training/met_345.jpg","data/CLP_dataset/clp2k/annotations/training/met_345.png","","",""
"","training","543","data/CLP_dataset/clp2k/annotations_overlay/training/met_346.jpg","data/CLP_dataset/clp2k/images/training/met_346.jpg","data/CLP_dataset/clp2k/annotations/training/met_346.png","","",""
"","training","544","data/CLP_dataset/clp2k/annotations_overlay/training/met_347.jpg","data/CLP_dataset/clp2k/images/training/met_347.jpg","data/CLP_dataset/clp2k/annotations/training/met_347.png","","",""
"","training","545","data/CLP_dataset/clp2k/annotations_overlay/training/met_348.jpg","data/CLP_dataset/clp2k/images/training/met_348.jpg","data/CLP_dataset/clp2k/annotations/training/met_348.png","","",""
"","training","546","data/CLP_dataset/clp2k/annotations_overlay/training/met_349.jpg","data/CLP_dataset/clp2k/images/training/met_349.jpg","data/CLP_dataset/clp2k/annotations/training/met_349.png","","",""
"","training","547","data/CLP_dataset/clp2k/annotations_overlay/training/met_35.jpg","data/CLP_dataset/clp2k/images/training/met_35.jpg","data/CLP_dataset/clp2k/annotations/training/met_35.png","","",""
"","training","548","data/CLP_dataset/clp2k/annotations_overlay/training/met_350.jpg","data/CLP_dataset/clp2k/images/training/met_350.jpg","data/CLP_dataset/clp2k/annotations/training/met_350.png","","",""
"","training","549","data/CLP_dataset/clp2k/annotations_overlay/training/met_351.jpg","data/CLP_dataset/clp2k/images/training/met_351.jpg","data/CLP_dataset/clp2k/annotations/training/met_351.png","","",""
"","training","550","data/CLP_dataset/clp2k/annotations_overlay/training/met_352.jpg","data/CLP_dataset/clp2k/images/training/met_352.jpg","data/CLP_dataset/clp2k/annotations/training/met_352.png","","",""
"","training","551","data/CLP_dataset/clp2k/annotations_overlay/training/met_353.jpg","data/CLP_dataset/clp2k/images/training/met_353.jpg","data/CLP_dataset/clp2k/annotations/training/met_353.png","","",""
"","training","552","data/CLP_dataset/clp2k/annotations_overlay/training/met_354.jpg","data/CLP_dataset/clp2k/images/training/met_354.jpg","data/CLP_dataset/clp2k/annotations/training/met_354.png","","",""
"","training","553","data/CLP_dataset/clp2k/annotations_overlay/training/met_355.jpg","data/CLP_dataset/clp2k/images/training/met_355.jpg","data/CLP_dataset/clp2k/annotations/training/met_355.png","","",""
"","training","554","data/CLP_dataset/clp2k/annotations_overlay/training/met_356.jpg","data/CLP_dataset/clp2k/images/training/met_356.jpg","data/CLP_dataset/clp2k/annotations/training/met_356.png","","",""
"","training","555","data/CLP_dataset/clp2k/annotations_overlay/training/met_357.jpg","data/CLP_dataset/clp2k/images/training/met_357.jpg","data/CLP_dataset/clp2k/annotations/training/met_357.png","","",""
"","training","556","data/CLP_dataset/clp2k/annotations_overlay/training/met_358.jpg","data/CLP_dataset/clp2k/images/training/met_358.jpg","data/CLP_dataset/clp2k/annotations/training/met_358.png","","",""
"","training","557","data/CLP_dataset/clp2k/annotations_overlay/training/met_359.jpg","data/CLP_dataset/clp2k/images/training/met_359.jpg","data/CLP_dataset/clp2k/annotations/training/met_359.png","","",""
"","training","558","data/CLP_dataset/clp2k/annotations_overlay/training/met_360.jpg","data/CLP_dataset/clp2k/images/training/met_360.jpg","data/CLP_dataset/clp2k/annotations/training/met_360.png","","",""
"","training","559","data/CLP_dataset/clp2k/annotations_overlay/training/met_361.jpg","data/CLP_dataset/clp2k/images/training/met_361.jpg","data/CLP_dataset/clp2k/annotations/training/met_361.png","","",""
"","training","560","data/CLP_dataset/clp2k/annotations_overlay/training/met_362.jpg","data/CLP_dataset/clp2k/images/training/met_362.jpg","data/CLP_dataset/clp2k/annotations/training/met_362.png","","",""
"","training","561","data/CLP_dataset/clp2k/annotations_overlay/training/met_364.jpg","data/CLP_dataset/clp2k/images/training/met_364.jpg","data/CLP_dataset/clp2k/annotations/training/met_364.png","","",""
"","training","562","data/CLP_dataset/clp2k/annotations_overlay/training/met_366.jpg","data/CLP_dataset/clp2k/images/training/met_366.jpg","data/CLP_dataset/clp2k/annotations/training/met_366.png","","",""
"","training","563","data/CLP_dataset/clp2k/annotations_overlay/training/met_367.jpg","data/CLP_dataset/clp2k/images/training/met_367.jpg","data/CLP_dataset/clp2k/annotations/training/met_367.png","","",""
"","training","564","data/CLP_dataset/clp2k/annotations_overlay/training/met_368.jpg","data/CLP_dataset/clp2k/images/training/met_368.jpg","data/CLP_dataset/clp2k/annotations/training/met_368.png","","",""
"","training","565","data/CLP_dataset/clp2k/annotations_overlay/training/met_369.jpg","data/CLP_dataset/clp2k/images/training/met_369.jpg","data/CLP_dataset/clp2k/annotations/training/met_369.png","","",""
"","training","566","data/CLP_dataset/clp2k/annotations_overlay/training/met_37.jpg","data/CLP_dataset/clp2k/images/training/met_37.jpg","data/CLP_dataset/clp2k/annotations/training/met_37.png","","",""
"","training","567","data/CLP_dataset/clp2k/annotations_overlay/training/met_38.jpg","data/CLP_dataset/clp2k/images/training/met_38.jpg","data/CLP_dataset/clp2k/annotations/training/met_38.png","","",""
"","training","568","data/CLP_dataset/clp2k/annotations_overlay/training/met_39.jpg","data/CLP_dataset/clp2k/images/training/met_39.jpg","data/CLP_dataset/clp2k/annotations/training/met_39.png","","",""
"","training","569","data/CLP_dataset/clp2k/annotations_overlay/training/met_4.jpg","data/CLP_dataset/clp2k/images/training/met_4.jpg","data/CLP_dataset/clp2k/annotations/training/met_4.png","","",""
"","training","570","data/CLP_dataset/clp2k/annotations_overlay/training/met_40.jpg","data/CLP_dataset/clp2k/images/training/met_40.jpg","data/CLP_dataset/clp2k/annotations/training/met_40.png","","",""
"","training","571","data/CLP_dataset/clp2k/annotations_overlay/training/met_41.jpg","data/CLP_dataset/clp2k/images/training/met_41.jpg","data/CLP_dataset/clp2k/annotations/training/met_41.png","","",""
"","training","572","data/CLP_dataset/clp2k/annotations_overlay/training/met_42.jpg","data/CLP_dataset/clp2k/images/training/met_42.jpg","data/CLP_dataset/clp2k/annotations/training/met_42.png","","",""
"","training","573","data/CLP_dataset/clp2k/annotations_overlay/training/met_44.jpg","data/CLP_dataset/clp2k/images/training/met_44.jpg","data/CLP_dataset/clp2k/annotations/training/met_44.png","","",""
"","training","574","data/CLP_dataset/clp2k/annotations_overlay/training/met_45.jpg","data/CLP_dataset/clp2k/images/training/met_45.jpg","data/CLP_dataset/clp2k/annotations/training/met_45.png","","",""
"","training","575","data/CLP_dataset/clp2k/annotations_overlay/training/met_46.jpg","data/CLP_dataset/clp2k/images/training/met_46.jpg","data/CLP_dataset/clp2k/annotations/training/met_46.png","","",""
"","training","576","data/CLP_dataset/clp2k/annotations_overlay/training/met_48.jpg","data/CLP_dataset/clp2k/images/training/met_48.jpg","data/CLP_dataset/clp2k/annotations/training/met_48.png","","",""
"","training","577","data/CLP_dataset/clp2k/annotations_overlay/training/met_49.jpg","data/CLP_dataset/clp2k/images/training/met_49.jpg","data/CLP_dataset/clp2k/annotations/training/met_49.png","","",""
"","training","578","data/CLP_dataset/clp2k/annotations_overlay/training/met_50.jpg","data/CLP_dataset/clp2k/images/training/met_50.jpg","data/CLP_dataset/clp2k/annotations/training/met_50.png","","",""
"","training","579","data/CLP_dataset/clp2k/annotations_overlay/training/met_51.jpg","data/CLP_dataset/clp2k/images/training/met_51.jpg","data/CLP_dataset/clp2k/annotations/training/met_51.png","","",""
"","training","580","data/CLP_dataset/clp2k/annotations_overlay/training/met_52.jpg","data/CLP_dataset/clp2k/images/training/met_52.jpg","data/CLP_dataset/clp2k/annotations/training/met_52.png","","",""
"","training","581","data/CLP_dataset/clp2k/annotations_overlay/training/met_53.jpg","data/CLP_dataset/clp2k/images/training/met_53.jpg","data/CLP_dataset/clp2k/annotations/training/met_53.png","","",""
"","training","582","data/CLP_dataset/clp2k/annotations_overlay/training/met_55.jpg","data/CLP_dataset/clp2k/images/training/met_55.jpg","data/CLP_dataset/clp2k/annotations/training/met_55.png","","",""
"","training","583","data/CLP_dataset/clp2k/annotations_overlay/training/met_56.jpg","data/CLP_dataset/clp2k/images/training/met_56.jpg","data/CLP_dataset/clp2k/annotations/training/met_56.png","","",""
"","training","584","data/CLP_dataset/clp2k/annotations_overlay/training/met_57.jpg","data/CLP_dataset/clp2k/images/training/met_57.jpg","data/CLP_dataset/clp2k/annotations/training/met_57.png","","",""
"","training","585","data/CLP_dataset/clp2k/annotations_overlay/training/met_6.jpg","data/CLP_dataset/clp2k/images/training/met_6.jpg","data/CLP_dataset/clp2k/annotations/training/met_6.png","","",""
"","training","586","data/CLP_dataset/clp2k/annotations_overlay/training/met_60.jpg","data/CLP_dataset/clp2k/images/training/met_60.jpg","data/CLP_dataset/clp2k/annotations/training/met_60.png","","",""
"","training","587","data/CLP_dataset/clp2k/annotations_overlay/training/met_61.jpg","data/CLP_dataset/clp2k/images/training/met_61.jpg","data/CLP_dataset/clp2k/annotations/training/met_61.png","","",""
"","training","588","data/CLP_dataset/clp2k/annotations_overlay/training/met_62.jpg","data/CLP_dataset/clp2k/images/training/met_62.jpg","data/CLP_dataset/clp2k/annotations/training/met_62.png","","",""
"","training","589","data/CLP_dataset/clp2k/annotations_overlay/training/met_63.jpg","data/CLP_dataset/clp2k/images/training/met_63.jpg","data/CLP_dataset/clp2k/annotations/training/met_63.png","","",""
"","training","590","data/CLP_dataset/clp2k/annotations_overlay/training/met_64.jpg","data/CLP_dataset/clp2k/images/training/met_64.jpg","data/CLP_dataset/clp2k/annotations/training/met_64.png","","",""
"","training","591","data/CLP_dataset/clp2k/annotations_overlay/training/met_65.jpg","data/CLP_dataset/clp2k/images/training/met_65.jpg","data/CLP_dataset/clp2k/annotations/training/met_65.png","","",""
"","training","592","data/CLP_dataset/clp2k/annotations_overlay/training/met_66.jpg","data/CLP_dataset/clp2k/images/training/met_66.jpg","data/CLP_dataset/clp2k/annotations/training/met_66.png","","",""
"","training","593","data/CLP_dataset/clp2k/annotations_overlay/training/met_67.jpg","data/CLP_dataset/clp2k/images/training/met_67.jpg","data/CLP_dataset/clp2k/annotations/training/met_67.png","","",""
"","training","594","data/CLP_dataset/clp2k/annotations_overlay/training/met_68.jpg","data/CLP_dataset/clp2k/images/training/met_68.jpg","data/CLP_dataset/clp2k/annotations/training/met_68.png","","",""
"","training","595","data/CLP_dataset/clp2k/annotations_overlay/training/met_69.jpg","data/CLP_dataset/clp2k/images/training/met_69.jpg","data/CLP_dataset/clp2k/annotations/training/met_69.png","","",""
"","training","596","data/CLP_dataset/clp2k/annotations_overlay/training/met_70.jpg","data/CLP_dataset/clp2k/images/training/met_70.jpg","data/CLP_dataset/clp2k/annotations/training/met_70.png","","",""
"","training","597","data/CLP_dataset/clp2k/annotations_overlay/training/met_71.jpg","data/CLP_dataset/clp2k/images/training/met_71.jpg","data/CLP_dataset/clp2k/annotations/training/met_71.png","","",""
"","training","598","data/CLP_dataset/clp2k/annotations_overlay/training/met_72.jpg","data/CLP_dataset/clp2k/images/training/met_72.jpg","data/CLP_dataset/clp2k/annotations/training/met_72.png","","",""
"","training","599","data/CLP_dataset/clp2k/annotations_overlay/training/met_73.jpg","data/CLP_dataset/clp2k/images/training/met_73.jpg","data/CLP_dataset/clp2k/annotations/training/met_73.png","","",""
"","training","600","data/CLP_dataset/clp2k/annotations_overlay/training/met_74.jpg","data/CLP_dataset/clp2k/images/training/met_74.jpg","data/CLP_dataset/clp2k/annotations/training/met_74.png","","",""
"","training","601","data/CLP_dataset/clp2k/annotations_overlay/training/met_75.jpg","data/CLP_dataset/clp2k/images/training/met_75.jpg","data/CLP_dataset/clp2k/annotations/training/met_75.png","","",""
"","training","602","data/CLP_dataset/clp2k/annotations_overlay/training/met_76.jpg","data/CLP_dataset/clp2k/images/training/met_76.jpg","data/CLP_dataset/clp2k/annotations/training/met_76.png","","",""
"","training","603","data/CLP_dataset/clp2k/annotations_overlay/training/met_77.jpg","data/CLP_dataset/clp2k/images/training/met_77.jpg","data/CLP_dataset/clp2k/annotations/training/met_77.png","","",""
"","training","604","data/CLP_dataset/clp2k/annotations_overlay/training/met_78.jpg","data/CLP_dataset/clp2k/images/training/met_78.jpg","data/CLP_dataset/clp2k/annotations/training/met_78.png","","",""
"","training","605","data/CLP_dataset/clp2k/annotations_overlay/training/met_79.jpg","data/CLP_dataset/clp2k/images/training/met_79.jpg","data/CLP_dataset/clp2k/annotations/training/met_79.png","","",""
"","training","606","data/CLP_dataset/clp2k/annotations_overlay/training/met_8.jpg","data/CLP_dataset/clp2k/images/training/met_8.jpg","data/CLP_dataset/clp2k/annotations/training/met_8.png","","",""
"","training","607","data/CLP_dataset/clp2k/annotations_overlay/training/met_80.jpg","data/CLP_dataset/clp2k/images/training/met_80.jpg","data/CLP_dataset/clp2k/annotations/training/met_80.png","","",""
"","training","608","data/CLP_dataset/clp2k/annotations_overlay/training/met_81.jpg","data/CLP_dataset/clp2k/images/training/met_81.jpg","data/CLP_dataset/clp2k/annotations/training/met_81.png","","",""
"","training","609","data/CLP_dataset/clp2k/annotations_overlay/training/met_82.jpg","data/CLP_dataset/clp2k/images/training/met_82.jpg","data/CLP_dataset/clp2k/annotations/training/met_82.png","","",""
"","training","610","data/CLP_dataset/clp2k/annotations_overlay/training/met_83.jpg","data/CLP_dataset/clp2k/images/training/met_83.jpg","data/CLP_dataset/clp2k/annotations/training/met_83.png","","",""
"","training","611","data/CLP_dataset/clp2k/annotations_overlay/training/met_84.jpg","data/CLP_dataset/clp2k/images/training/met_84.jpg","data/CLP_dataset/clp2k/annotations/training/met_84.png","","",""
"","training","612","data/CLP_dataset/clp2k/annotations_overlay/training/met_86.jpg","data/CLP_dataset/clp2k/images/training/met_86.jpg","data/CLP_dataset/clp2k/annotations/training/met_86.png","","",""
"","training","613","data/CLP_dataset/clp2k/annotations_overlay/training/met_87.jpg","data/CLP_dataset/clp2k/images/training/met_87.jpg","data/CLP_dataset/clp2k/annotations/training/met_87.png","","",""
"","training","614","data/CLP_dataset/clp2k/annotations_overlay/training/met_88.jpg","data/CLP_dataset/clp2k/images/training/met_88.jpg","data/CLP_dataset/clp2k/annotations/training/met_88.png","","",""
"","training","615","data/CLP_dataset/clp2k/annotations_overlay/training/met_89.jpg","data/CLP_dataset/clp2k/images/training/met_89.jpg","data/CLP_dataset/clp2k/annotations/training/met_89.png","","",""
"","training","616","data/CLP_dataset/clp2k/annotations_overlay/training/met_9.jpg","data/CLP_dataset/clp2k/images/training/met_9.jpg","data/CLP_dataset/clp2k/annotations/training/met_9.png","","",""
"","training","617","data/CLP_dataset/clp2k/annotations_overlay/training/met_91.jpg","data/CLP_dataset/clp2k/images/training/met_91.jpg","data/CLP_dataset/clp2k/annotations/training/met_91.png","","",""
"","training","618","data/CLP_dataset/clp2k/annotations_overlay/training/met_92.jpg","data/CLP_dataset/clp2k/images/training/met_92.jpg","data/CLP_dataset/clp2k/annotations/training/met_92.png","","",""
"","training","619","data/CLP_dataset/clp2k/annotations_overlay/training/met_93.jpg","data/CLP_dataset/clp2k/images/training/met_93.jpg","data/CLP_dataset/clp2k/annotations/training/met_93.png","","",""
"","training","620","data/CLP_dataset/clp2k/annotations_overlay/training/met_94.jpg","data/CLP_dataset/clp2k/images/training/met_94.jpg","data/CLP_dataset/clp2k/annotations/training/met_94.png","","",""
"","training","621","data/CLP_dataset/clp2k/annotations_overlay/training/met_95.jpg","data/CLP_dataset/clp2k/images/training/met_95.jpg","data/CLP_dataset/clp2k/annotations/training/met_95.png","","",""
"","training","622","data/CLP_dataset/clp2k/annotations_overlay/training/met_96.jpg","data/CLP_dataset/clp2k/images/training/met_96.jpg","data/CLP_dataset/clp2k/annotations/training/met_96.png","","",""
"","training","623","data/CLP_dataset/clp2k/annotations_overlay/training/met_97.jpg","data/CLP_dataset/clp2k/images/training/met_97.jpg","data/CLP_dataset/clp2k/annotations/training/met_97.png","","",""
"","training","624","data/CLP_dataset/clp2k/annotations_overlay/training/met_98.jpg","data/CLP_dataset/clp2k/images/training/met_98.jpg","data/CLP_dataset/clp2k/annotations/training/met_98.png","","",""
"","training","625","data/CLP_dataset/clp2k/annotations_overlay/training/met_99.jpg","data/CLP_dataset/clp2k/images/training/met_99.jpg","data/CLP_dataset/clp2k/annotations/training/met_99.png","","",""
"","training","626","data/CLP_dataset/clp2k/annotations_overlay/training/ni-zan_autumn-grove_2.jpg","data/CLP_dataset/clp2k/images/training/ni-zan_autumn-grove_2.jpg","data/CLP_dataset/clp2k/annotations/training/ni-zan_autumn-grove_2.png","","",""
"","training","627","data/CLP_dataset/clp2k/annotations_overlay/training/ni-zan_autumn-grove_5.jpg","data/CLP_dataset/clp2k/images/training/ni-zan_autumn-grove_5.jpg","data/CLP_dataset/clp2k/annotations/training/ni-zan_autumn-grove_5.png","","",""
"","training","628","data/CLP_dataset/clp2k/annotations_overlay/training/ni-zan_rongxi-studio_3.jpg","data/CLP_dataset/clp2k/images/training/ni-zan_rongxi-studio_3.jpg","data/CLP_dataset/clp2k/annotations/training/ni-zan_rongxi-studio_3.png","","",""
"","training","629","data/CLP_dataset/clp2k/annotations_overlay/training/Princeton_0.jpg","data/CLP_dataset/clp2k/images/training/Princeton_0.jpg","data/CLP_dataset/clp2k/annotations/training/Princeton_0.png","","",""
"","training","630","data/CLP_dataset/clp2k/annotations_overlay/training/Princeton_1.jpg","data/CLP_dataset/clp2k/images/training/Princeton_1.jpg","data/CLP_dataset/clp2k/annotations/training/Princeton_1.png","","",""
"","training","631","data/CLP_dataset/clp2k/annotations_overlay/training/Princeton_10.jpg","data/CLP_dataset/clp2k/images/training/Princeton_10.jpg","data/CLP_dataset/clp2k/annotations/training/Princeton_10.png","","",""
"","training","632","data/CLP_dataset/clp2k/annotations_overlay/training/Princeton_100.jpg","data/CLP_dataset/clp2k/images/training/Princeton_100.jpg","data/CLP_dataset/clp2k/annotations/training/Princeton_100.png","","",""
"","training","633","data/CLP_dataset/clp2k/annotations_overlay/training/Princeton_101.jpg","data/CLP_dataset/clp2k/images/training/Princeton_101.jpg","data/CLP_dataset/clp2k/annotations/training/Princeton_101.png","","",""
"","training","634","data/CLP_dataset/clp2k/annotations_overlay/training/Princeton_102.jpg","data/CLP_dataset/clp2k/images/training/Princeton_102.jpg","data/CLP_dataset/clp2k/annotations/training/Princeton_102.png","","",""
"","training","635","data/CLP_dataset/clp2k/annotations_overlay/training/Princeton_103.jpg","data/CLP_dataset/clp2k/images/training/Princeton_103.jpg","data/CLP_dataset/clp2k/annotations/training/Princeton_103.png","","",""
"","training","636","data/CLP_dataset/clp2k/annotations_overlay/training/Princeton_104.jpg","data/CLP_dataset/clp2k/images/training/Princeton_104.jpg","data/CLP_dataset/clp2k/annotations/training/Princeton_104.png","","",""
"","training","637","data/CLP_dataset/clp2k/annotations_overlay/training/Princeton_105.jpg","data/CLP_dataset/clp2k/images/training/Princeton_105.jpg","data/CLP_dataset/clp2k/annotations/training/Princeton_105.png","","",""
"","training","638","data/CLP_dataset/clp2k/annotations_overlay/training/Princeton_106.jpg","data/CLP_dataset/clp2k/images/training/Princeton_106.jpg","data/CLP_dataset/clp2k/annotations/training/Princeton_106.png","","",""
"","training","639","data/CLP_dataset/clp2k/annotations_overlay/training/Princeton_107.jpg","data/CLP_dataset/clp2k/images/training/Princeton_107.jpg","data/CLP_dataset/clp2k/annotations/training/Princeton_107.png","","",""
"","training","640","data/CLP_dataset/clp2k/annotations_overlay/training/Princeton_108.jpg","data/CLP_dataset/clp2k/images/training/Princeton_108.jpg","data/CLP_dataset/clp2k/annotations/training/Princeton_108.png","","",""
"","training","641","data/CLP_dataset/clp2k/annotations_overlay/training/Princeton_109.jpg","data/CLP_dataset/clp2k/images/training/Princeton_109.jpg","data/CLP_dataset/clp2k/annotations/training/Princeton_109.png","","",""
"","training","642","data/CLP_dataset/clp2k/annotations_overlay/training/Princeton_11.jpg","data/CLP_dataset/clp2k/images/training/Princeton_11.jpg","data/CLP_dataset/clp2k/annotations/training/Princeton_11.png","","",""
"","training","643","data/CLP_dataset/clp2k/annotations_overlay/training/Princeton_110.jpg","data/CLP_dataset/clp2k/images/training/Princeton_110.jpg","data/CLP_dataset/clp2k/annotations/training/Princeton_110.png","","",""
"","training","644","data/CLP_dataset/clp2k/annotations_overlay/training/Princeton_111.jpg","data/CLP_dataset/clp2k/images/training/Princeton_111.jpg","data/CLP_dataset/clp2k/annotations/training/Princeton_111.png","","",""
"","training","645","data/CLP_dataset/clp2k/annotations_overlay/training/Princeton_112.jpg","data/CLP_dataset/clp2k/images/training/Princeton_112.jpg","data/CLP_dataset/clp2k/annotations/training/Princeton_112.png","","",""
"","training","646","data/CLP_dataset/clp2k/annotations_overlay/training/Princeton_113.jpg","data/CLP_dataset/clp2k/images/training/Princeton_113.jpg","data/CLP_dataset/clp2k/annotations/training/Princeton_113.png","","",""
"","training","647","data/CLP_dataset/clp2k/annotations_overlay/training/Princeton_114.jpg","data/CLP_dataset/clp2k/images/training/Princeton_114.jpg","data/CLP_dataset/clp2k/annotations/training/Princeton_114.png","","",""
"","training","648","data/CLP_dataset/clp2k/annotations_overlay/training/Princeton_115.jpg","data/CLP_dataset/clp2k/images/training/Princeton_115.jpg","data/CLP_dataset/clp2k/annotations/training/Princeton_115.png","","",""
"","training","649","data/CLP_dataset/clp2k/annotations_overlay/training/Princeton_116.jpg","data/CLP_dataset/clp2k/images/training/Princeton_116.jpg","data/CLP_dataset/clp2k/annotations/training/Princeton_116.png","","",""
"","training","650","data/CLP_dataset/clp2k/annotations_overlay/training/Princeton_117.jpg","data/CLP_dataset/clp2k/images/training/Princeton_117.jpg","data/CLP_dataset/clp2k/annotations/training/Princeton_117.png","","",""
"","training","651","data/CLP_dataset/clp2k/annotations_overlay/training/Princeton_118.jpg","data/CLP_dataset/clp2k/images/training/Princeton_118.jpg","data/CLP_dataset/clp2k/annotations/training/Princeton_118.png","","",""
"","training","652","data/CLP_dataset/clp2k/annotations_overlay/training/Princeton_119.jpg","data/CLP_dataset/clp2k/images/training/Princeton_119.jpg","data/CLP_dataset/clp2k/annotations/training/Princeton_119.png","","",""
"","training","653","data/CLP_dataset/clp2k/annotations_overlay/training/Princeton_12.jpg","data/CLP_dataset/clp2k/images/training/Princeton_12.jpg","data/CLP_dataset/clp2k/annotations/training/Princeton_12.png","","",""
"","training","654","data/CLP_dataset/clp2k/annotations_overlay/training/Princeton_120.jpg","data/CLP_dataset/clp2k/images/training/Princeton_120.jpg","data/CLP_dataset/clp2k/annotations/training/Princeton_120.png","","",""
"","training","655","data/CLP_dataset/clp2k/annotations_overlay/training/Princeton_121.jpg","data/CLP_dataset/clp2k/images/training/Princeton_121.jpg","data/CLP_dataset/clp2k/annotations/training/Princeton_121.png","","",""
"","training","656","data/CLP_dataset/clp2k/annotations_overlay/training/Princeton_122.jpg","data/CLP_dataset/clp2k/images/training/Princeton_122.jpg","data/CLP_dataset/clp2k/annotations/training/Princeton_122.png","","",""
"","training","657","data/CLP_dataset/clp2k/annotations_overlay/training/Princeton_123.jpg","data/CLP_dataset/clp2k/images/training/Princeton_123.jpg","data/CLP_dataset/clp2k/annotations/training/Princeton_123.png","","",""
"","training","658","data/CLP_dataset/clp2k/annotations_overlay/training/Princeton_124.jpg","data/CLP_dataset/clp2k/images/training/Princeton_124.jpg","data/CLP_dataset/clp2k/annotations/training/Princeton_124.png","","",""
"","training","659","data/CLP_dataset/clp2k/annotations_overlay/training/Princeton_125.jpg","data/CLP_dataset/clp2k/images/training/Princeton_125.jpg","data/CLP_dataset/clp2k/annotations/training/Princeton_125.png","","",""
"","training","660","data/CLP_dataset/clp2k/annotations_overlay/training/Princeton_126.jpg","data/CLP_dataset/clp2k/images/training/Princeton_126.jpg","data/CLP_dataset/clp2k/annotations/training/Princeton_126.png","","",""
"","training","661","data/CLP_dataset/clp2k/annotations_overlay/training/Princeton_128.jpg","data/CLP_dataset/clp2k/images/training/Princeton_128.jpg","data/CLP_dataset/clp2k/annotations/training/Princeton_128.png","","",""
"","training","662","data/CLP_dataset/clp2k/annotations_overlay/training/Princeton_129.jpg","data/CLP_dataset/clp2k/images/training/Princeton_129.jpg","data/CLP_dataset/clp2k/annotations/training/Princeton_129.png","","",""
"","training","663","data/CLP_dataset/clp2k/annotations_overlay/training/Princeton_13.jpg","data/CLP_dataset/clp2k/images/training/Princeton_13.jpg","data/CLP_dataset/clp2k/annotations/training/Princeton_13.png","","",""
"","training","664","data/CLP_dataset/clp2k/annotations_overlay/training/Princeton_130.jpg","data/CLP_dataset/clp2k/images/training/Princeton_130.jpg","data/CLP_dataset/clp2k/annotations/training/Princeton_130.png","","",""
"","training","665","data/CLP_dataset/clp2k/annotations_overlay/training/Princeton_131.jpg","data/CLP_dataset/clp2k/images/training/Princeton_131.jpg","data/CLP_dataset/clp2k/annotations/training/Princeton_131.png","","",""
"","training","666","data/CLP_dataset/clp2k/annotations_overlay/training/Princeton_132.jpg","data/CLP_dataset/clp2k/images/training/Princeton_132.jpg","data/CLP_dataset/clp2k/annotations/training/Princeton_132.png","","",""
"","training","667","data/CLP_dataset/clp2k/annotations_overlay/training/Princeton_133.jpg","data/CLP_dataset/clp2k/images/training/Princeton_133.jpg","data/CLP_dataset/clp2k/annotations/training/Princeton_133.png","","",""
"","training","668","data/CLP_dataset/clp2k/annotations_overlay/training/Princeton_135.jpg","data/CLP_dataset/clp2k/images/training/Princeton_135.jpg","data/CLP_dataset/clp2k/annotations/training/Princeton_135.png","","",""
"","training","669","data/CLP_dataset/clp2k/annotations_overlay/training/Princeton_136.jpg","data/CLP_dataset/clp2k/images/training/Princeton_136.jpg","data/CLP_dataset/clp2k/annotations/training/Princeton_136.png","","",""
"","training","670","data/CLP_dataset/clp2k/annotations_overlay/training/Princeton_137.jpg","data/CLP_dataset/clp2k/images/training/Princeton_137.jpg","data/CLP_dataset/clp2k/annotations/training/Princeton_137.png","","",""
"","training","671","data/CLP_dataset/clp2k/annotations_overlay/training/Princeton_139.jpg","data/CLP_dataset/clp2k/images/training/Princeton_139.jpg","data/CLP_dataset/clp2k/annotations/training/Princeton_139.png","","",""
"","training","672","data/CLP_dataset/clp2k/annotations_overlay/training/Princeton_14.jpg","data/CLP_dataset/clp2k/images/training/Princeton_14.jpg","data/CLP_dataset/clp2k/annotations/training/Princeton_14.png","","",""
"","training","673","data/CLP_dataset/clp2k/annotations_overlay/training/Princeton_140.jpg","data/CLP_dataset/clp2k/images/training/Princeton_140.jpg","data/CLP_dataset/clp2k/annotations/training/Princeton_140.png","","",""
"","training","674","data/CLP_dataset/clp2k/annotations_overlay/training/Princeton_141.jpg","data/CLP_dataset/clp2k/images/training/Princeton_141.jpg","data/CLP_dataset/clp2k/annotations/training/Princeton_141.png","","",""
"","training","675","data/CLP_dataset/clp2k/annotations_overlay/training/Princeton_142.jpg","data/CLP_dataset/clp2k/images/training/Princeton_142.jpg","data/CLP_dataset/clp2k/annotations/training/Princeton_142.png","","",""
"","training","676","data/CLP_dataset/clp2k/annotations_overlay/training/Princeton_143.jpg","data/CLP_dataset/clp2k/images/training/Princeton_143.jpg","data/CLP_dataset/clp2k/annotations/training/Princeton_143.png","","",""
"","training","677","data/CLP_dataset/clp2k/annotations_overlay/training/Princeton_145.jpg","data/CLP_dataset/clp2k/images/training/Princeton_145.jpg","data/CLP_dataset/clp2k/annotations/training/Princeton_145.png","","",""
"","training","678","data/CLP_dataset/clp2k/annotations_overlay/training/Princeton_146.jpg","data/CLP_dataset/clp2k/images/training/Princeton_146.jpg","data/CLP_dataset/clp2k/annotations/training/Princeton_146.png","","",""
"","training","679","data/CLP_dataset/clp2k/annotations_overlay/training/Princeton_147.jpg","data/CLP_dataset/clp2k/images/training/Princeton_147.jpg","data/CLP_dataset/clp2k/annotations/training/Princeton_147.png","","",""
"","training","680","data/CLP_dataset/clp2k/annotations_overlay/training/Princeton_148.jpg","data/CLP_dataset/clp2k/images/training/Princeton_148.jpg","data/CLP_dataset/clp2k/annotations/training/Princeton_148.png","","",""
"","training","681","data/CLP_dataset/clp2k/annotations_overlay/training/Princeton_149.jpg","data/CLP_dataset/clp2k/images/training/Princeton_149.jpg","data/CLP_dataset/clp2k/annotations/training/Princeton_149.png","","",""
"","training","682","data/CLP_dataset/clp2k/annotations_overlay/training/Princeton_15.jpg","data/CLP_dataset/clp2k/images/training/Princeton_15.jpg","data/CLP_dataset/clp2k/annotations/training/Princeton_15.png","","",""
"","training","683","data/CLP_dataset/clp2k/annotations_overlay/training/Princeton_150.jpg","data/CLP_dataset/clp2k/images/training/Princeton_150.jpg","data/CLP_dataset/clp2k/annotations/training/Princeton_150.png","","",""
"","training","684","data/CLP_dataset/clp2k/annotations_overlay/training/Princeton_151.jpg","data/CLP_dataset/clp2k/images/training/Princeton_151.jpg","data/CLP_dataset/clp2k/annotations/training/Princeton_151.png","","",""
"","training","685","data/CLP_dataset/clp2k/annotations_overlay/training/Princeton_152.jpg","data/CLP_dataset/clp2k/images/training/Princeton_152.jpg","data/CLP_dataset/clp2k/annotations/training/Princeton_152.png","","",""
"","training","686","data/CLP_dataset/clp2k/annotations_overlay/training/Princeton_153.jpg","data/CLP_dataset/clp2k/images/training/Princeton_153.jpg","data/CLP_dataset/clp2k/annotations/training/Princeton_153.png","","",""
"","training","687","data/CLP_dataset/clp2k/annotations_overlay/training/Princeton_154.jpg","data/CLP_dataset/clp2k/images/training/Princeton_154.jpg","data/CLP_dataset/clp2k/annotations/training/Princeton_154.png","","",""
"","training","688","data/CLP_dataset/clp2k/annotations_overlay/training/Princeton_155.jpg","data/CLP_dataset/clp2k/images/training/Princeton_155.jpg","data/CLP_dataset/clp2k/annotations/training/Princeton_155.png","","",""
"","training","689","data/CLP_dataset/clp2k/annotations_overlay/training/Princeton_156.jpg","data/CLP_dataset/clp2k/images/training/Princeton_156.jpg","data/CLP_dataset/clp2k/annotations/training/Princeton_156.png","","",""
"","training","690","data/CLP_dataset/clp2k/annotations_overlay/training/Princeton_158.jpg","data/CLP_dataset/clp2k/images/training/Princeton_158.jpg","data/CLP_dataset/clp2k/annotations/training/Princeton_158.png","","",""
"","training","691","data/CLP_dataset/clp2k/annotations_overlay/training/Princeton_159.jpg","data/CLP_dataset/clp2k/images/training/Princeton_159.jpg","data/CLP_dataset/clp2k/annotations/training/Princeton_159.png","","",""
"","training","692","data/CLP_dataset/clp2k/annotations_overlay/training/Princeton_160.jpg","data/CLP_dataset/clp2k/images/training/Princeton_160.jpg","data/CLP_dataset/clp2k/annotations/training/Princeton_160.png","","",""
"","training","693","data/CLP_dataset/clp2k/annotations_overlay/training/Princeton_162.jpg","data/CLP_dataset/clp2k/images/training/Princeton_162.jpg","data/CLP_dataset/clp2k/annotations/training/Princeton_162.png","","",""
"","training","694","data/CLP_dataset/clp2k/annotations_overlay/training/Princeton_163.jpg","data/CLP_dataset/clp2k/images/training/Princeton_163.jpg","data/CLP_dataset/clp2k/annotations/training/Princeton_163.png","","",""
"","training","695","data/CLP_dataset/clp2k/annotations_overlay/training/Princeton_164.jpg","data/CLP_dataset/clp2k/images/training/Princeton_164.jpg","data/CLP_dataset/clp2k/annotations/training/Princeton_164.png","","",""
"","training","696","data/CLP_dataset/clp2k/annotations_overlay/training/Princeton_165.jpg","data/CLP_dataset/clp2k/images/training/Princeton_165.jpg","data/CLP_dataset/clp2k/annotations/training/Princeton_165.png","","",""
"","training","697","data/CLP_dataset/clp2k/annotations_overlay/training/Princeton_166.jpg","data/CLP_dataset/clp2k/images/training/Princeton_166.jpg","data/CLP_dataset/clp2k/annotations/training/Princeton_166.png","","",""
"","training","698","data/CLP_dataset/clp2k/annotations_overlay/training/Princeton_167.jpg","data/CLP_dataset/clp2k/images/training/Princeton_167.jpg","data/CLP_dataset/clp2k/annotations/training/Princeton_167.png","","",""
"","training","699","data/CLP_dataset/clp2k/annotations_overlay/training/Princeton_168.jpg","data/CLP_dataset/clp2k/images/training/Princeton_168.jpg","data/CLP_dataset/clp2k/annotations/training/Princeton_168.png","","",""
"","training","700","data/CLP_dataset/clp2k/annotations_overlay/training/Princeton_169.jpg","data/CLP_dataset/clp2k/images/training/Princeton_169.jpg","data/CLP_dataset/clp2k/annotations/training/Princeton_169.png","","",""
"","training","701","data/CLP_dataset/clp2k/annotations_overlay/training/Princeton_17.jpg","data/CLP_dataset/clp2k/images/training/Princeton_17.jpg","data/CLP_dataset/clp2k/annotations/training/Princeton_17.png","","",""
"","training","702","data/CLP_dataset/clp2k/annotations_overlay/training/Princeton_170.jpg","data/CLP_dataset/clp2k/images/training/Princeton_170.jpg","data/CLP_dataset/clp2k/annotations/training/Princeton_170.png","","",""
"","training","703","data/CLP_dataset/clp2k/annotations_overlay/training/Princeton_171.jpg","data/CLP_dataset/clp2k/images/training/Princeton_171.jpg","data/CLP_dataset/clp2k/annotations/training/Princeton_171.png","","",""
"","training","704","data/CLP_dataset/clp2k/annotations_overlay/training/Princeton_172.jpg","data/CLP_dataset/clp2k/images/training/Princeton_172.jpg","data/CLP_dataset/clp2k/annotations/training/Princeton_172.png","","",""
"","training","705","data/CLP_dataset/clp2k/annotations_overlay/training/Princeton_173.jpg","data/CLP_dataset/clp2k/images/training/Princeton_173.jpg","data/CLP_dataset/clp2k/annotations/training/Princeton_173.png","","",""
"","training","706","data/CLP_dataset/clp2k/annotations_overlay/training/Princeton_174.jpg","data/CLP_dataset/clp2k/images/training/Princeton_174.jpg","data/CLP_dataset/clp2k/annotations/training/Princeton_174.png","","",""
"","training","707","data/CLP_dataset/clp2k/annotations_overlay/training/Princeton_175.jpg","data/CLP_dataset/clp2k/images/training/Princeton_175.jpg","data/CLP_dataset/clp2k/annotations/training/Princeton_175.png","","",""
"","training","708","data/CLP_dataset/clp2k/annotations_overlay/training/Princeton_176.jpg","data/CLP_dataset/clp2k/images/training/Princeton_176.jpg","data/CLP_dataset/clp2k/annotations/training/Princeton_176.png","","",""
"","training","709","data/CLP_dataset/clp2k/annotations_overlay/training/Princeton_177.jpg","data/CLP_dataset/clp2k/images/training/Princeton_177.jpg","data/CLP_dataset/clp2k/annotations/training/Princeton_177.png","","",""
"","training","710","data/CLP_dataset/clp2k/annotations_overlay/training/Princeton_178.jpg","data/CLP_dataset/clp2k/images/training/Princeton_178.jpg","data/CLP_dataset/clp2k/annotations/training/Princeton_178.png","","",""
"","training","711","data/CLP_dataset/clp2k/annotations_overlay/training/Princeton_179.jpg","data/CLP_dataset/clp2k/images/training/Princeton_179.jpg","data/CLP_dataset/clp2k/annotations/training/Princeton_179.png","","",""
"","training","712","data/CLP_dataset/clp2k/annotations_overlay/training/Princeton_180.jpg","data/CLP_dataset/clp2k/images/training/Princeton_180.jpg","data/CLP_dataset/clp2k/annotations/training/Princeton_180.png","","",""
"","training","713","data/CLP_dataset/clp2k/annotations_overlay/training/Princeton_182.jpg","data/CLP_dataset/clp2k/images/training/Princeton_182.jpg","data/CLP_dataset/clp2k/annotations/training/Princeton_182.png","","",""
"","training","714","data/CLP_dataset/clp2k/annotations_overlay/training/Princeton_184.jpg","data/CLP_dataset/clp2k/images/training/Princeton_184.jpg","data/CLP_dataset/clp2k/annotations/training/Princeton_184.png","","",""
"","training","715","data/CLP_dataset/clp2k/annotations_overlay/training/Princeton_185.jpg","data/CLP_dataset/clp2k/images/training/Princeton_185.jpg","data/CLP_dataset/clp2k/annotations/training/Princeton_185.png","","",""
"","training","716","data/CLP_dataset/clp2k/annotations_overlay/training/Princeton_186.jpg","data/CLP_dataset/clp2k/images/training/Princeton_186.jpg","data/CLP_dataset/clp2k/annotations/training/Princeton_186.png","","",""
"","training","717","data/CLP_dataset/clp2k/annotations_overlay/training/Princeton_187.jpg","data/CLP_dataset/clp2k/images/training/Princeton_187.jpg","data/CLP_dataset/clp2k/annotations/training/Princeton_187.png","","",""
"","training","718","data/CLP_dataset/clp2k/annotations_overlay/training/Princeton_188.jpg","data/CLP_dataset/clp2k/images/training/Princeton_188.jpg","data/CLP_dataset/clp2k/annotations/training/Princeton_188.png","","",""
"","training","719","data/CLP_dataset/clp2k/annotations_overlay/training/Princeton_189.jpg","data/CLP_dataset/clp2k/images/training/Princeton_189.jpg","data/CLP_dataset/clp2k/annotations/training/Princeton_189.png","","",""
"","training","720","data/CLP_dataset/clp2k/annotations_overlay/training/Princeton_190.jpg","data/CLP_dataset/clp2k/images/training/Princeton_190.jpg","data/CLP_dataset/clp2k/annotations/training/Princeton_190.png","","",""
"","training","721","data/CLP_dataset/clp2k/annotations_overlay/training/Princeton_191.jpg","data/CLP_dataset/clp2k/images/training/Princeton_191.jpg","data/CLP_dataset/clp2k/annotations/training/Princeton_191.png","","",""
"","training","722","data/CLP_dataset/clp2k/annotations_overlay/training/Princeton_192.jpg","data/CLP_dataset/clp2k/images/training/Princeton_192.jpg","data/CLP_dataset/clp2k/annotations/training/Princeton_192.png","","",""
"","training","723","data/CLP_dataset/clp2k/annotations_overlay/training/Princeton_193.jpg","data/CLP_dataset/clp2k/images/training/Princeton_193.jpg","data/CLP_dataset/clp2k/annotations/training/Princeton_193.png","","",""
"","training","724","data/CLP_dataset/clp2k/annotations_overlay/training/Princeton_194.jpg","data/CLP_dataset/clp2k/images/training/Princeton_194.jpg","data/CLP_dataset/clp2k/annotations/training/Princeton_194.png","","",""
"","training","725","data/CLP_dataset/clp2k/annotations_overlay/training/Princeton_195.jpg","data/CLP_dataset/clp2k/images/training/Princeton_195.jpg","data/CLP_dataset/clp2k/annotations/training/Princeton_195.png","","",""
"","training","726","data/CLP_dataset/clp2k/annotations_overlay/training/Princeton_196.jpg","data/CLP_dataset/clp2k/images/training/Princeton_196.jpg","data/CLP_dataset/clp2k/annotations/training/Princeton_196.png","","",""
"","training","727","data/CLP_dataset/clp2k/annotations_overlay/training/Princeton_197.jpg","data/CLP_dataset/clp2k/images/training/Princeton_197.jpg","data/CLP_dataset/clp2k/annotations/training/Princeton_197.png","","",""
"","training","728","data/CLP_dataset/clp2k/annotations_overlay/training/Princeton_199.jpg","data/CLP_dataset/clp2k/images/training/Princeton_199.jpg","data/CLP_dataset/clp2k/annotations/training/Princeton_199.png","","",""
"","training","729","data/CLP_dataset/clp2k/annotations_overlay/training/Princeton_2.jpg","data/CLP_dataset/clp2k/images/training/Princeton_2.jpg","data/CLP_dataset/clp2k/annotations/training/Princeton_2.png","","",""
"","training","730","data/CLP_dataset/clp2k/annotations_overlay/training/Princeton_20.jpg","data/CLP_dataset/clp2k/images/training/Princeton_20.jpg","data/CLP_dataset/clp2k/annotations/training/Princeton_20.png","","",""
"","training","731","data/CLP_dataset/clp2k/annotations_overlay/training/Princeton_201.jpg","data/CLP_dataset/clp2k/images/training/Princeton_201.jpg","data/CLP_dataset/clp2k/annotations/training/Princeton_201.png","","",""
"","training","732","data/CLP_dataset/clp2k/annotations_overlay/training/Princeton_202.jpg","data/CLP_dataset/clp2k/images/training/Princeton_202.jpg","data/CLP_dataset/clp2k/annotations/training/Princeton_202.png","","",""
"","training","733","data/CLP_dataset/clp2k/annotations_overlay/training/Princeton_203.jpg","data/CLP_dataset/clp2k/images/training/Princeton_203.jpg","data/CLP_dataset/clp2k/annotations/training/Princeton_203.png","","",""
"","training","734","data/CLP_dataset/clp2k/annotations_overlay/training/Princeton_204.jpg","data/CLP_dataset/clp2k/images/training/Princeton_204.jpg","data/CLP_dataset/clp2k/annotations/training/Princeton_204.png","","",""
"","training","735","data/CLP_dataset/clp2k/annotations_overlay/training/Princeton_205.jpg","data/CLP_dataset/clp2k/images/training/Princeton_205.jpg","data/CLP_dataset/clp2k/annotations/training/Princeton_205.png","","",""
"","training","736","data/CLP_dataset/clp2k/annotations_overlay/training/Princeton_206.jpg","data/CLP_dataset/clp2k/images/training/Princeton_206.jpg","data/CLP_dataset/clp2k/annotations/training/Princeton_206.png","","",""
"","training","737","data/CLP_dataset/clp2k/annotations_overlay/training/Princeton_207.jpg","data/CLP_dataset/clp2k/images/training/Princeton_207.jpg","data/CLP_dataset/clp2k/annotations/training/Princeton_207.png","","",""
"","training","738","data/CLP_dataset/clp2k/annotations_overlay/training/Princeton_208.jpg","data/CLP_dataset/clp2k/images/training/Princeton_208.jpg","data/CLP_dataset/clp2k/annotations/training/Princeton_208.png","","",""
"","training","739","data/CLP_dataset/clp2k/annotations_overlay/training/Princeton_209.jpg","data/CLP_dataset/clp2k/images/training/Princeton_209.jpg","data/CLP_dataset/clp2k/annotations/training/Princeton_209.png","","",""
"","training","740","data/CLP_dataset/clp2k/annotations_overlay/training/Princeton_21.jpg","data/CLP_dataset/clp2k/images/training/Princeton_21.jpg","data/CLP_dataset/clp2k/annotations/training/Princeton_21.png","","",""
"","training","741","data/CLP_dataset/clp2k/annotations_overlay/training/Princeton_210.jpg","data/CLP_dataset/clp2k/images/training/Princeton_210.jpg","data/CLP_dataset/clp2k/annotations/training/Princeton_210.png","","",""
"","training","742","data/CLP_dataset/clp2k/annotations_overlay/training/Princeton_211.jpg","data/CLP_dataset/clp2k/images/training/Princeton_211.jpg","data/CLP_dataset/clp2k/annotations/training/Princeton_211.png","","",""
"","training","743","data/CLP_dataset/clp2k/annotations_overlay/training/Princeton_212.jpg","data/CLP_dataset/clp2k/images/training/Princeton_212.jpg","data/CLP_dataset/clp2k/annotations/training/Princeton_212.png","","",""
"","training","744","data/CLP_dataset/clp2k/annotations_overlay/training/Princeton_213.jpg","data/CLP_dataset/clp2k/images/training/Princeton_213.jpg","data/CLP_dataset/clp2k/annotations/training/Princeton_213.png","","",""
"","training","745","data/CLP_dataset/clp2k/annotations_overlay/training/Princeton_214.jpg","data/CLP_dataset/clp2k/images/training/Princeton_214.jpg","data/CLP_dataset/clp2k/annotations/training/Princeton_214.png","","",""
"","training","746","data/CLP_dataset/clp2k/annotations_overlay/training/Princeton_215.jpg","data/CLP_dataset/clp2k/images/training/Princeton_215.jpg","data/CLP_dataset/clp2k/annotations/training/Princeton_215.png","","",""
"","training","747","data/CLP_dataset/clp2k/annotations_overlay/training/Princeton_216.jpg","data/CLP_dataset/clp2k/images/training/Princeton_216.jpg","data/CLP_dataset/clp2k/annotations/training/Princeton_216.png","","",""
"","training","748","data/CLP_dataset/clp2k/annotations_overlay/training/Princeton_217.jpg","data/CLP_dataset/clp2k/images/training/Princeton_217.jpg","data/CLP_dataset/clp2k/annotations/training/Princeton_217.png","","",""
"","training","749","data/CLP_dataset/clp2k/annotations_overlay/training/Princeton_218.jpg","data/CLP_dataset/clp2k/images/training/Princeton_218.jpg","data/CLP_dataset/clp2k/annotations/training/Princeton_218.png","","",""
"","training","750","data/CLP_dataset/clp2k/annotations_overlay/training/Princeton_219.jpg","data/CLP_dataset/clp2k/images/training/Princeton_219.jpg","data/CLP_dataset/clp2k/annotations/training/Princeton_219.png","","",""
"","training","751","data/CLP_dataset/clp2k/annotations_overlay/training/Princeton_22.jpg","data/CLP_dataset/clp2k/images/training/Princeton_22.jpg","data/CLP_dataset/clp2k/annotations/training/Princeton_22.png","","",""
"","training","752","data/CLP_dataset/clp2k/annotations_overlay/training/Princeton_220.jpg","data/CLP_dataset/clp2k/images/training/Princeton_220.jpg","data/CLP_dataset/clp2k/annotations/training/Princeton_220.png","","",""
"","training","753","data/CLP_dataset/clp2k/annotations_overlay/training/Princeton_221.jpg","data/CLP_dataset/clp2k/images/training/Princeton_221.jpg","data/CLP_dataset/clp2k/annotations/training/Princeton_221.png","","",""
"","training","754","data/CLP_dataset/clp2k/annotations_overlay/training/Princeton_222.jpg","data/CLP_dataset/clp2k/images/training/Princeton_222.jpg","data/CLP_dataset/clp2k/annotations/training/Princeton_222.png","","",""
"","training","755","data/CLP_dataset/clp2k/annotations_overlay/training/Princeton_224.jpg","data/CLP_dataset/clp2k/images/training/Princeton_224.jpg","data/CLP_dataset/clp2k/annotations/training/Princeton_224.png","","",""
"","training","756","data/CLP_dataset/clp2k/annotations_overlay/training/Princeton_225.jpg","data/CLP_dataset/clp2k/images/training/Princeton_225.jpg","data/CLP_dataset/clp2k/annotations/training/Princeton_225.png","","",""
"","training","757","data/CLP_dataset/clp2k/annotations_overlay/training/Princeton_226.jpg","data/CLP_dataset/clp2k/images/training/Princeton_226.jpg","data/CLP_dataset/clp2k/annotations/training/Princeton_226.png","","",""
"","training","758","data/CLP_dataset/clp2k/annotations_overlay/training/Princeton_228.jpg","data/CLP_dataset/clp2k/images/training/Princeton_228.jpg","data/CLP_dataset/clp2k/annotations/training/Princeton_228.png","","",""
"","training","759","data/CLP_dataset/clp2k/annotations_overlay/training/Princeton_229.jpg","data/CLP_dataset/clp2k/images/training/Princeton_229.jpg","data/CLP_dataset/clp2k/annotations/training/Princeton_229.png","","",""
"","training","760","data/CLP_dataset/clp2k/annotations_overlay/training/Princeton_23.jpg","data/CLP_dataset/clp2k/images/training/Princeton_23.jpg","data/CLP_dataset/clp2k/annotations/training/Princeton_23.png","","",""
"","training","761","data/CLP_dataset/clp2k/annotations_overlay/training/Princeton_230.jpg","data/CLP_dataset/clp2k/images/training/Princeton_230.jpg","data/CLP_dataset/clp2k/annotations/training/Princeton_230.png","","",""
"","training","762","data/CLP_dataset/clp2k/annotations_overlay/training/Princeton_231.jpg","data/CLP_dataset/clp2k/images/training/Princeton_231.jpg","data/CLP_dataset/clp2k/annotations/training/Princeton_231.png","","",""
"","training","763","data/CLP_dataset/clp2k/annotations_overlay/training/Princeton_232.jpg","data/CLP_dataset/clp2k/images/training/Princeton_232.jpg","data/CLP_dataset/clp2k/annotations/training/Princeton_232.png","","",""
"","training","764","data/CLP_dataset/clp2k/annotations_overlay/training/Princeton_233.jpg","data/CLP_dataset/clp2k/images/training/Princeton_233.jpg","data/CLP_dataset/clp2k/annotations/training/Princeton_233.png","","",""
"","training","765","data/CLP_dataset/clp2k/annotations_overlay/training/Princeton_234.jpg","data/CLP_dataset/clp2k/images/training/Princeton_234.jpg","data/CLP_dataset/clp2k/annotations/training/Princeton_234.png","","",""
"","training","766","data/CLP_dataset/clp2k/annotations_overlay/training/Princeton_235.jpg","data/CLP_dataset/clp2k/images/training/Princeton_235.jpg","data/CLP_dataset/clp2k/annotations/training/Princeton_235.png","","",""
"","training","767","data/CLP_dataset/clp2k/annotations_overlay/training/Princeton_236.jpg","data/CLP_dataset/clp2k/images/training/Princeton_236.jpg","data/CLP_dataset/clp2k/annotations/training/Princeton_236.png","","",""
"","training","768","data/CLP_dataset/clp2k/annotations_overlay/training/Princeton_237.jpg","data/CLP_dataset/clp2k/images/training/Princeton_237.jpg","data/CLP_dataset/clp2k/annotations/training/Princeton_237.png","","",""
"","training","769","data/CLP_dataset/clp2k/annotations_overlay/training/Princeton_238.jpg","data/CLP_dataset/clp2k/images/training/Princeton_238.jpg","data/CLP_dataset/clp2k/annotations/training/Princeton_238.png","","",""
"","training","770","data/CLP_dataset/clp2k/annotations_overlay/training/Princeton_239.jpg","data/CLP_dataset/clp2k/images/training/Princeton_239.jpg","data/CLP_dataset/clp2k/annotations/training/Princeton_239.png","","",""
"","training","771","data/CLP_dataset/clp2k/annotations_overlay/training/Princeton_24.jpg","data/CLP_dataset/clp2k/images/training/Princeton_24.jpg","data/CLP_dataset/clp2k/annotations/training/Princeton_24.png","","",""
"","training","772","data/CLP_dataset/clp2k/annotations_overlay/training/Princeton_240.jpg","data/CLP_dataset/clp2k/images/training/Princeton_240.jpg","data/CLP_dataset/clp2k/annotations/training/Princeton_240.png","","",""
"","training","773","data/CLP_dataset/clp2k/annotations_overlay/training/Princeton_241.jpg","data/CLP_dataset/clp2k/images/training/Princeton_241.jpg","data/CLP_dataset/clp2k/annotations/training/Princeton_241.png","","",""
"","training","774","data/CLP_dataset/clp2k/annotations_overlay/training/Princeton_242.jpg","data/CLP_dataset/clp2k/images/training/Princeton_242.jpg","data/CLP_dataset/clp2k/annotations/training/Princeton_242.png","","",""
"","training","775","data/CLP_dataset/clp2k/annotations_overlay/training/Princeton_243.jpg","data/CLP_dataset/clp2k/images/training/Princeton_243.jpg","data/CLP_dataset/clp2k/annotations/training/Princeton_243.png","","",""
"","training","776","data/CLP_dataset/clp2k/annotations_overlay/training/Princeton_244.jpg","data/CLP_dataset/clp2k/images/training/Princeton_244.jpg","data/CLP_dataset/clp2k/annotations/training/Princeton_244.png","","",""
"","training","777","data/CLP_dataset/clp2k/annotations_overlay/training/Princeton_246.jpg","data/CLP_dataset/clp2k/images/training/Princeton_246.jpg","data/CLP_dataset/clp2k/annotations/training/Princeton_246.png","","",""
"","training","778","data/CLP_dataset/clp2k/annotations_overlay/training/Princeton_248.jpg","data/CLP_dataset/clp2k/images/training/Princeton_248.jpg","data/CLP_dataset/clp2k/annotations/training/Princeton_248.png","","",""
"","training","779","data/CLP_dataset/clp2k/annotations_overlay/training/Princeton_249.jpg","data/CLP_dataset/clp2k/images/training/Princeton_249.jpg","data/CLP_dataset/clp2k/annotations/training/Princeton_249.png","","",""
"","training","780","data/CLP_dataset/clp2k/annotations_overlay/training/Princeton_25.jpg","data/CLP_dataset/clp2k/images/training/Princeton_25.jpg","data/CLP_dataset/clp2k/annotations/training/Princeton_25.png","","",""
"","training","781","data/CLP_dataset/clp2k/annotations_overlay/training/Princeton_250.jpg","data/CLP_dataset/clp2k/images/training/Princeton_250.jpg","data/CLP_dataset/clp2k/annotations/training/Princeton_250.png","","",""
"","training","782","data/CLP_dataset/clp2k/annotations_overlay/training/Princeton_251.jpg","data/CLP_dataset/clp2k/images/training/Princeton_251.jpg","data/CLP_dataset/clp2k/annotations/training/Princeton_251.png","","",""
"","training","783","data/CLP_dataset/clp2k/annotations_overlay/training/Princeton_252.jpg","data/CLP_dataset/clp2k/images/training/Princeton_252.jpg","data/CLP_dataset/clp2k/annotations/training/Princeton_252.png","","",""
"","training","784","data/CLP_dataset/clp2k/annotations_overlay/training/Princeton_253.jpg","data/CLP_dataset/clp2k/images/training/Princeton_253.jpg","data/CLP_dataset/clp2k/annotations/training/Princeton_253.png","","",""
"","training","785","data/CLP_dataset/clp2k/annotations_overlay/training/Princeton_254.jpg","data/CLP_dataset/clp2k/images/training/Princeton_254.jpg","data/CLP_dataset/clp2k/annotations/training/Princeton_254.png","","",""
"","training","786","data/CLP_dataset/clp2k/annotations_overlay/training/Princeton_255.jpg","data/CLP_dataset/clp2k/images/training/Princeton_255.jpg","data/CLP_dataset/clp2k/annotations/training/Princeton_255.png","","",""
"","training","787","data/CLP_dataset/clp2k/annotations_overlay/training/Princeton_256.jpg","data/CLP_dataset/clp2k/images/training/Princeton_256.jpg","data/CLP_dataset/clp2k/annotations/training/Princeton_256.png","","",""
"","training","788","data/CLP_dataset/clp2k/annotations_overlay/training/Princeton_257.jpg","data/CLP_dataset/clp2k/images/training/Princeton_257.jpg","data/CLP_dataset/clp2k/annotations/training/Princeton_257.png","","",""
"","training","789","data/CLP_dataset/clp2k/annotations_overlay/training/Princeton_258.jpg","data/CLP_dataset/clp2k/images/training/Princeton_258.jpg","data/CLP_dataset/clp2k/annotations/training/Princeton_258.png","","",""
"","training","790","data/CLP_dataset/clp2k/annotations_overlay/training/Princeton_259.jpg","data/CLP_dataset/clp2k/images/training/Princeton_259.jpg","data/CLP_dataset/clp2k/annotations/training/Princeton_259.png","","",""
"","training","791","data/CLP_dataset/clp2k/annotations_overlay/training/Princeton_26.jpg","data/CLP_dataset/clp2k/images/training/Princeton_26.jpg","data/CLP_dataset/clp2k/annotations/training/Princeton_26.png","","",""
"","training","792","data/CLP_dataset/clp2k/annotations_overlay/training/Princeton_260.jpg","data/CLP_dataset/clp2k/images/training/Princeton_260.jpg","data/CLP_dataset/clp2k/annotations/training/Princeton_260.png","","",""
"","training","793","data/CLP_dataset/clp2k/annotations_overlay/training/Princeton_261.jpg","data/CLP_dataset/clp2k/images/training/Princeton_261.jpg","data/CLP_dataset/clp2k/annotations/training/Princeton_261.png","","",""
"","training","794","data/CLP_dataset/clp2k/annotations_overlay/training/Princeton_263.jpg","data/CLP_dataset/clp2k/images/training/Princeton_263.jpg","data/CLP_dataset/clp2k/annotations/training/Princeton_263.png","","",""
"","training","795","data/CLP_dataset/clp2k/annotations_overlay/training/Princeton_265.jpg","data/CLP_dataset/clp2k/images/training/Princeton_265.jpg","data/CLP_dataset/clp2k/annotations/training/Princeton_265.png","","",""
"","training","796","data/CLP_dataset/clp2k/annotations_overlay/training/Princeton_266.jpg","data/CLP_dataset/clp2k/images/training/Princeton_266.jpg","data/CLP_dataset/clp2k/annotations/training/Princeton_266.png","","",""
"","training","797","data/CLP_dataset/clp2k/annotations_overlay/training/Princeton_267.jpg","data/CLP_dataset/clp2k/images/training/Princeton_267.jpg","data/CLP_dataset/clp2k/annotations/training/Princeton_267.png","","",""
"","training","798","data/CLP_dataset/clp2k/annotations_overlay/training/Princeton_268.jpg","data/CLP_dataset/clp2k/images/training/Princeton_268.jpg","data/CLP_dataset/clp2k/annotations/training/Princeton_268.png","","",""
"","training","799","data/CLP_dataset/clp2k/annotations_overlay/training/Princeton_27.jpg","data/CLP_dataset/clp2k/images/training/Princeton_27.jpg","data/CLP_dataset/clp2k/annotations/training/Princeton_27.png","","",""
"","training","800","data/CLP_dataset/clp2k/annotations_overlay/training/Princeton_270.jpg","data/CLP_dataset/clp2k/images/training/Princeton_270.jpg","data/CLP_dataset/clp2k/annotations/training/Princeton_270.png","","",""
"","training","801","data/CLP_dataset/clp2k/annotations_overlay/training/Princeton_271.jpg","data/CLP_dataset/clp2k/images/training/Princeton_271.jpg","data/CLP_dataset/clp2k/annotations/training/Princeton_271.png","","",""
"","training","802","data/CLP_dataset/clp2k/annotations_overlay/training/Princeton_272.jpg","data/CLP_dataset/clp2k/images/training/Princeton_272.jpg","data/CLP_dataset/clp2k/annotations/training/Princeton_272.png","","",""
"","training","803","data/CLP_dataset/clp2k/annotations_overlay/training/Princeton_273.jpg","data/CLP_dataset/clp2k/images/training/Princeton_273.jpg","data/CLP_dataset/clp2k/annotations/training/Princeton_273.png","","",""
"","training","804","data/CLP_dataset/clp2k/annotations_overlay/training/Princeton_274.jpg","data/CLP_dataset/clp2k/images/training/Princeton_274.jpg","data/CLP_dataset/clp2k/annotations/training/Princeton_274.png","","",""
"","training","805","data/CLP_dataset/clp2k/annotations_overlay/training/Princeton_275.jpg","data/CLP_dataset/clp2k/images/training/Princeton_275.jpg","data/CLP_dataset/clp2k/annotations/training/Princeton_275.png","","",""
"","training","806","data/CLP_dataset/clp2k/annotations_overlay/training/Princeton_276.jpg","data/CLP_dataset/clp2k/images/training/Princeton_276.jpg","data/CLP_dataset/clp2k/annotations/training/Princeton_276.png","","",""
"","training","807","data/CLP_dataset/clp2k/annotations_overlay/training/Princeton_277.jpg","data/CLP_dataset/clp2k/images/training/Princeton_277.jpg","data/CLP_dataset/clp2k/annotations/training/Princeton_277.png","","",""
"","training","808","data/CLP_dataset/clp2k/annotations_overlay/training/Princeton_278.jpg","data/CLP_dataset/clp2k/images/training/Princeton_278.jpg","data/CLP_dataset/clp2k/annotations/training/Princeton_278.png","","",""
"","training","809","data/CLP_dataset/clp2k/annotations_overlay/training/Princeton_279.jpg","data/CLP_dataset/clp2k/images/training/Princeton_279.jpg","data/CLP_dataset/clp2k/annotations/training/Princeton_279.png","","",""
"","training","810","data/CLP_dataset/clp2k/annotations_overlay/training/Princeton_280.jpg","data/CLP_dataset/clp2k/images/training/Princeton_280.jpg","data/CLP_dataset/clp2k/annotations/training/Princeton_280.png","","",""
"","training","811","data/CLP_dataset/clp2k/annotations_overlay/training/Princeton_281.jpg","data/CLP_dataset/clp2k/images/training/Princeton_281.jpg","data/CLP_dataset/clp2k/annotations/training/Princeton_281.png","","",""
"","training","812","data/CLP_dataset/clp2k/annotations_overlay/training/Princeton_282.jpg","data/CLP_dataset/clp2k/images/training/Princeton_282.jpg","data/CLP_dataset/clp2k/annotations/training/Princeton_282.png","","",""
"","training","813","data/CLP_dataset/clp2k/annotations_overlay/training/Princeton_283.jpg","data/CLP_dataset/clp2k/images/training/Princeton_283.jpg","data/CLP_dataset/clp2k/annotations/training/Princeton_283.png","","",""
"","training","814","data/CLP_dataset/clp2k/annotations_overlay/training/Princeton_284.jpg","data/CLP_dataset/clp2k/images/training/Princeton_284.jpg","data/CLP_dataset/clp2k/annotations/training/Princeton_284.png","","",""
"","training","815","data/CLP_dataset/clp2k/annotations_overlay/training/Princeton_285.jpg","data/CLP_dataset/clp2k/images/training/Princeton_285.jpg","data/CLP_dataset/clp2k/annotations/training/Princeton_285.png","","",""
"","training","816","data/CLP_dataset/clp2k/annotations_overlay/training/Princeton_287.jpg","data/CLP_dataset/clp2k/images/training/Princeton_287.jpg","data/CLP_dataset/clp2k/annotations/training/Princeton_287.png","","",""
"","training","817","data/CLP_dataset/clp2k/annotations_overlay/training/Princeton_288.jpg","data/CLP_dataset/clp2k/images/training/Princeton_288.jpg","data/CLP_dataset/clp2k/annotations/training/Princeton_288.png","","",""
"","training","818","data/CLP_dataset/clp2k/annotations_overlay/training/Princeton_289.jpg","data/CLP_dataset/clp2k/images/training/Princeton_289.jpg","data/CLP_dataset/clp2k/annotations/training/Princeton_289.png","","",""
"","training","819","data/CLP_dataset/clp2k/annotations_overlay/training/Princeton_29.jpg","data/CLP_dataset/clp2k/images/training/Princeton_29.jpg","data/CLP_dataset/clp2k/annotations/training/Princeton_29.png","","",""
"","training","820","data/CLP_dataset/clp2k/annotations_overlay/training/Princeton_290.jpg","data/CLP_dataset/clp2k/images/training/Princeton_290.jpg","data/CLP_dataset/clp2k/annotations/training/Princeton_290.png","","",""
"","training","821","data/CLP_dataset/clp2k/annotations_overlay/training/Princeton_291.jpg","data/CLP_dataset/clp2k/images/training/Princeton_291.jpg","data/CLP_dataset/clp2k/annotations/training/Princeton_291.png","","",""
"","training","822","data/CLP_dataset/clp2k/annotations_overlay/training/Princeton_292.jpg","data/CLP_dataset/clp2k/images/training/Princeton_292.jpg","data/CLP_dataset/clp2k/annotations/training/Princeton_292.png","","",""
"","training","823","data/CLP_dataset/clp2k/annotations_overlay/training/Princeton_294.jpg","data/CLP_dataset/clp2k/images/training/Princeton_294.jpg","data/CLP_dataset/clp2k/annotations/training/Princeton_294.png","","",""
"","training","824","data/CLP_dataset/clp2k/annotations_overlay/training/Princeton_296.jpg","data/CLP_dataset/clp2k/images/training/Princeton_296.jpg","data/CLP_dataset/clp2k/annotations/training/Princeton_296.png","","",""
"","training","825","data/CLP_dataset/clp2k/annotations_overlay/training/Princeton_297.jpg","data/CLP_dataset/clp2k/images/training/Princeton_297.jpg","data/CLP_dataset/clp2k/annotations/training/Princeton_297.png","","",""
"","training","826","data/CLP_dataset/clp2k/annotations_overlay/training/Princeton_298.jpg","data/CLP_dataset/clp2k/images/training/Princeton_298.jpg","data/CLP_dataset/clp2k/annotations/training/Princeton_298.png","","",""
"","training","827","data/CLP_dataset/clp2k/annotations_overlay/training/Princeton_299.jpg","data/CLP_dataset/clp2k/images/training/Princeton_299.jpg","data/CLP_dataset/clp2k/annotations/training/Princeton_299.png","","",""
"","training","828","data/CLP_dataset/clp2k/annotations_overlay/training/Princeton_3.jpg","data/CLP_dataset/clp2k/images/training/Princeton_3.jpg","data/CLP_dataset/clp2k/annotations/training/Princeton_3.png","","",""
"","training","829","data/CLP_dataset/clp2k/annotations_overlay/training/Princeton_30.jpg","data/CLP_dataset/clp2k/images/training/Princeton_30.jpg","data/CLP_dataset/clp2k/annotations/training/Princeton_30.png","","",""
"","training","830","data/CLP_dataset/clp2k/annotations_overlay/training/Princeton_301.jpg","data/CLP_dataset/clp2k/images/training/Princeton_301.jpg","data/CLP_dataset/clp2k/annotations/training/Princeton_301.png","","",""
"","training","831","data/CLP_dataset/clp2k/annotations_overlay/training/Princeton_302.jpg","data/CLP_dataset/clp2k/images/training/Princeton_302.jpg","data/CLP_dataset/clp2k/annotations/training/Princeton_302.png","","",""
"","training","832","data/CLP_dataset/clp2k/annotations_overlay/training/Princeton_303.jpg","data/CLP_dataset/clp2k/images/training/Princeton_303.jpg","data/CLP_dataset/clp2k/annotations/training/Princeton_303.png","","",""
"","training","833","data/CLP_dataset/clp2k/annotations_overlay/training/Princeton_304.jpg","data/CLP_dataset/clp2k/images/training/Princeton_304.jpg","data/CLP_dataset/clp2k/annotations/training/Princeton_304.png","","",""
"","training","834","data/CLP_dataset/clp2k/annotations_overlay/training/Princeton_305.jpg","data/CLP_dataset/clp2k/images/training/Princeton_305.jpg","data/CLP_dataset/clp2k/annotations/training/Princeton_305.png","","",""
"","training","835","data/CLP_dataset/clp2k/annotations_overlay/training/Princeton_306.jpg","data/CLP_dataset/clp2k/images/training/Princeton_306.jpg","data/CLP_dataset/clp2k/annotations/training/Princeton_306.png","","",""
"","training","836","data/CLP_dataset/clp2k/annotations_overlay/training/Princeton_307.jpg","data/CLP_dataset/clp2k/images/training/Princeton_307.jpg","data/CLP_dataset/clp2k/annotations/training/Princeton_307.png","","",""
"","training","837","data/CLP_dataset/clp2k/annotations_overlay/training/Princeton_308.jpg","data/CLP_dataset/clp2k/images/training/Princeton_308.jpg","data/CLP_dataset/clp2k/annotations/training/Princeton_308.png","","",""
"","training","838","data/CLP_dataset/clp2k/annotations_overlay/training/Princeton_309.jpg","data/CLP_dataset/clp2k/images/training/Princeton_309.jpg","data/CLP_dataset/clp2k/annotations/training/Princeton_309.png","","",""
"","training","839","data/CLP_dataset/clp2k/annotations_overlay/training/Princeton_31.jpg","data/CLP_dataset/clp2k/images/training/Princeton_31.jpg","data/CLP_dataset/clp2k/annotations/training/Princeton_31.png","","",""
"","training","840","data/CLP_dataset/clp2k/annotations_overlay/training/Princeton_310.jpg","data/CLP_dataset/clp2k/images/training/Princeton_310.jpg","data/CLP_dataset/clp2k/annotations/training/Princeton_310.png","","",""
"","training","841","data/CLP_dataset/clp2k/annotations_overlay/training/Princeton_312.jpg","data/CLP_dataset/clp2k/images/training/Princeton_312.jpg","data/CLP_dataset/clp2k/annotations/training/Princeton_312.png","","",""
"","training","842","data/CLP_dataset/clp2k/annotations_overlay/training/Princeton_313.jpg","data/CLP_dataset/clp2k/images/training/Princeton_313.jpg","data/CLP_dataset/clp2k/annotations/training/Princeton_313.png","","",""
"","training","843","data/CLP_dataset/clp2k/annotations_overlay/training/Princeton_314.jpg","data/CLP_dataset/clp2k/images/training/Princeton_314.jpg","data/CLP_dataset/clp2k/annotations/training/Princeton_314.png","","",""
"","training","844","data/CLP_dataset/clp2k/annotations_overlay/training/Princeton_315.jpg","data/CLP_dataset/clp2k/images/training/Princeton_315.jpg","data/CLP_dataset/clp2k/annotations/training/Princeton_315.png","","",""
"","training","845","data/CLP_dataset/clp2k/annotations_overlay/training/Princeton_316.jpg","data/CLP_dataset/clp2k/images/training/Princeton_316.jpg","data/CLP_dataset/clp2k/annotations/training/Princeton_316.png","","",""
"","training","846","data/CLP_dataset/clp2k/annotations_overlay/training/Princeton_317.jpg","data/CLP_dataset/clp2k/images/training/Princeton_317.jpg","data/CLP_dataset/clp2k/annotations/training/Princeton_317.png","","",""
"","training","847","data/CLP_dataset/clp2k/annotations_overlay/training/Princeton_318.jpg","data/CLP_dataset/clp2k/images/training/Princeton_318.jpg","data/CLP_dataset/clp2k/annotations/training/Princeton_318.png","","",""
"","training","848","data/CLP_dataset/clp2k/annotations_overlay/training/Princeton_319.jpg","data/CLP_dataset/clp2k/images/training/Princeton_319.jpg","data/CLP_dataset/clp2k/annotations/training/Princeton_319.png","","",""
"","training","849","data/CLP_dataset/clp2k/annotations_overlay/training/Princeton_32.jpg","data/CLP_dataset/clp2k/images/training/Princeton_32.jpg","data/CLP_dataset/clp2k/annotations/training/Princeton_32.png","","",""
"","training","850","data/CLP_dataset/clp2k/annotations_overlay/training/Princeton_320.jpg","data/CLP_dataset/clp2k/images/training/Princeton_320.jpg","data/CLP_dataset/clp2k/annotations/training/Princeton_320.png","","",""
"","training","851","data/CLP_dataset/clp2k/annotations_overlay/training/Princeton_321.jpg","data/CLP_dataset/clp2k/images/training/Princeton_321.jpg","data/CLP_dataset/clp2k/annotations/training/Princeton_321.png","","",""
"","training","852","data/CLP_dataset/clp2k/annotations_overlay/training/Princeton_322.jpg","data/CLP_dataset/clp2k/images/training/Princeton_322.jpg","data/CLP_dataset/clp2k/annotations/training/Princeton_322.png","","",""
"","training","853","data/CLP_dataset/clp2k/annotations_overlay/training/Princeton_323.jpg","data/CLP_dataset/clp2k/images/training/Princeton_323.jpg","data/CLP_dataset/clp2k/annotations/training/Princeton_323.png","","",""
"","training","854","data/CLP_dataset/clp2k/annotations_overlay/training/Princeton_324.jpg","data/CLP_dataset/clp2k/images/training/Princeton_324.jpg","data/CLP_dataset/clp2k/annotations/training/Princeton_324.png","","",""
"","training","855","data/CLP_dataset/clp2k/annotations_overlay/training/Princeton_325.jpg","data/CLP_dataset/clp2k/images/training/Princeton_325.jpg","data/CLP_dataset/clp2k/annotations/training/Princeton_325.png","","",""
"","training","856","data/CLP_dataset/clp2k/annotations_overlay/training/Princeton_326.jpg","data/CLP_dataset/clp2k/images/training/Princeton_326.jpg","data/CLP_dataset/clp2k/annotations/training/Princeton_326.png","","",""
"","training","857","data/CLP_dataset/clp2k/annotations_overlay/training/Princeton_327.jpg","data/CLP_dataset/clp2k/images/training/Princeton_327.jpg","data/CLP_dataset/clp2k/annotations/training/Princeton_327.png","","",""
"","training","858","data/CLP_dataset/clp2k/annotations_overlay/training/Princeton_328.jpg","data/CLP_dataset/clp2k/images/training/Princeton_328.jpg","data/CLP_dataset/clp2k/annotations/training/Princeton_328.png","","",""
"","training","859","data/CLP_dataset/clp2k/annotations_overlay/training/Princeton_329.jpg","data/CLP_dataset/clp2k/images/training/Princeton_329.jpg","data/CLP_dataset/clp2k/annotations/training/Princeton_329.png","","",""
"","training","860","data/CLP_dataset/clp2k/annotations_overlay/training/Princeton_33.jpg","data/CLP_dataset/clp2k/images/training/Princeton_33.jpg","data/CLP_dataset/clp2k/annotations/training/Princeton_33.png","","",""
"","training","861","data/CLP_dataset/clp2k/annotations_overlay/training/Princeton_330.jpg","data/CLP_dataset/clp2k/images/training/Princeton_330.jpg","data/CLP_dataset/clp2k/annotations/training/Princeton_330.png","","",""
"","training","862","data/CLP_dataset/clp2k/annotations_overlay/training/Princeton_331.jpg","data/CLP_dataset/clp2k/images/training/Princeton_331.jpg","data/CLP_dataset/clp2k/annotations/training/Princeton_331.png","","",""
"","training","863","data/CLP_dataset/clp2k/annotations_overlay/training/Princeton_332.jpg","data/CLP_dataset/clp2k/images/training/Princeton_332.jpg","data/CLP_dataset/clp2k/annotations/training/Princeton_332.png","","",""
"","training","864","data/CLP_dataset/clp2k/annotations_overlay/training/Princeton_333.jpg","data/CLP_dataset/clp2k/images/training/Princeton_333.jpg","data/CLP_dataset/clp2k/annotations/training/Princeton_333.png","","",""
"","training","865","data/CLP_dataset/clp2k/annotations_overlay/training/Princeton_334.jpg","data/CLP_dataset/clp2k/images/training/Princeton_334.jpg","data/CLP_dataset/clp2k/annotations/training/Princeton_334.png","","",""
"","training","866","data/CLP_dataset/clp2k/annotations_overlay/training/Princeton_335.jpg","data/CLP_dataset/clp2k/images/training/Princeton_335.jpg","data/CLP_dataset/clp2k/annotations/training/Princeton_335.png","","",""
"","training","867","data/CLP_dataset/clp2k/annotations_overlay/training/Princeton_336.jpg","data/CLP_dataset/clp2k/images/training/Princeton_336.jpg","data/CLP_dataset/clp2k/annotations/training/Princeton_336.png","","",""
"","training","868","data/CLP_dataset/clp2k/annotations_overlay/training/Princeton_337.jpg","data/CLP_dataset/clp2k/images/training/Princeton_337.jpg","data/CLP_dataset/clp2k/annotations/training/Princeton_337.png","","",""
"","training","869","data/CLP_dataset/clp2k/annotations_overlay/training/Princeton_338.jpg","data/CLP_dataset/clp2k/images/training/Princeton_338.jpg","data/CLP_dataset/clp2k/annotations/training/Princeton_338.png","","",""
"","training","870","data/CLP_dataset/clp2k/annotations_overlay/training/Princeton_339.jpg","data/CLP_dataset/clp2k/images/training/Princeton_339.jpg","data/CLP_dataset/clp2k/annotations/training/Princeton_339.png","","",""
"","training","871","data/CLP_dataset/clp2k/annotations_overlay/training/Princeton_35.jpg","data/CLP_dataset/clp2k/images/training/Princeton_35.jpg","data/CLP_dataset/clp2k/annotations/training/Princeton_35.png","","",""
"","training","872","data/CLP_dataset/clp2k/annotations_overlay/training/Princeton_36.jpg","data/CLP_dataset/clp2k/images/training/Princeton_36.jpg","data/CLP_dataset/clp2k/annotations/training/Princeton_36.png","","",""
"","training","873","data/CLP_dataset/clp2k/annotations_overlay/training/Princeton_37.jpg","data/CLP_dataset/clp2k/images/training/Princeton_37.jpg","data/CLP_dataset/clp2k/annotations/training/Princeton_37.png","","",""
"","training","874","data/CLP_dataset/clp2k/annotations_overlay/training/Princeton_38.jpg","data/CLP_dataset/clp2k/images/training/Princeton_38.jpg","data/CLP_dataset/clp2k/annotations/training/Princeton_38.png","","",""
"","training","875","data/CLP_dataset/clp2k/annotations_overlay/training/Princeton_39.jpg","data/CLP_dataset/clp2k/images/training/Princeton_39.jpg","data/CLP_dataset/clp2k/annotations/training/Princeton_39.png","","",""
"","training","876","data/CLP_dataset/clp2k/annotations_overlay/training/Princeton_4.jpg","data/CLP_dataset/clp2k/images/training/Princeton_4.jpg","data/CLP_dataset/clp2k/annotations/training/Princeton_4.png","","",""
"","training","877","data/CLP_dataset/clp2k/annotations_overlay/training/Princeton_40.jpg","data/CLP_dataset/clp2k/images/training/Princeton_40.jpg","data/CLP_dataset/clp2k/annotations/training/Princeton_40.png","","",""
"","training","878","data/CLP_dataset/clp2k/annotations_overlay/training/Princeton_41.jpg","data/CLP_dataset/clp2k/images/training/Princeton_41.jpg","data/CLP_dataset/clp2k/annotations/training/Princeton_41.png","","",""
"","training","879","data/CLP_dataset/clp2k/annotations_overlay/training/Princeton_42.jpg","data/CLP_dataset/clp2k/images/training/Princeton_42.jpg","data/CLP_dataset/clp2k/annotations/training/Princeton_42.png","","",""
"","training","880","data/CLP_dataset/clp2k/annotations_overlay/training/Princeton_43.jpg","data/CLP_dataset/clp2k/images/training/Princeton_43.jpg","data/CLP_dataset/clp2k/annotations/training/Princeton_43.png","","",""
"","training","881","data/CLP_dataset/clp2k/annotations_overlay/training/Princeton_45.jpg","data/CLP_dataset/clp2k/images/training/Princeton_45.jpg","data/CLP_dataset/clp2k/annotations/training/Princeton_45.png","","",""
"","training","882","data/CLP_dataset/clp2k/annotations_overlay/training/Princeton_46.jpg","data/CLP_dataset/clp2k/images/training/Princeton_46.jpg","data/CLP_dataset/clp2k/annotations/training/Princeton_46.png","","",""
"","training","883","data/CLP_dataset/clp2k/annotations_overlay/training/Princeton_47.jpg","data/CLP_dataset/clp2k/images/training/Princeton_47.jpg","data/CLP_dataset/clp2k/annotations/training/Princeton_47.png","","",""
"","training","884","data/CLP_dataset/clp2k/annotations_overlay/training/Princeton_48.jpg","data/CLP_dataset/clp2k/images/training/Princeton_48.jpg","data/CLP_dataset/clp2k/annotations/training/Princeton_48.png","","",""
"","training","885","data/CLP_dataset/clp2k/annotations_overlay/training/Princeton_49.jpg","data/CLP_dataset/clp2k/images/training/Princeton_49.jpg","data/CLP_dataset/clp2k/annotations/training/Princeton_49.png","","",""
"","training","886","data/CLP_dataset/clp2k/annotations_overlay/training/Princeton_5.jpg","data/CLP_dataset/clp2k/images/training/Princeton_5.jpg","data/CLP_dataset/clp2k/annotations/training/Princeton_5.png","","",""
"","training","887","data/CLP_dataset/clp2k/annotations_overlay/training/Princeton_50.jpg","data/CLP_dataset/clp2k/images/training/Princeton_50.jpg","data/CLP_dataset/clp2k/annotations/training/Princeton_50.png","","",""
"","training","888","data/CLP_dataset/clp2k/annotations_overlay/training/Princeton_51.jpg","data/CLP_dataset/clp2k/images/training/Princeton_51.jpg","data/CLP_dataset/clp2k/annotations/training/Princeton_51.png","","",""
"","training","889","data/CLP_dataset/clp2k/annotations_overlay/training/Princeton_53.jpg","data/CLP_dataset/clp2k/images/training/Princeton_53.jpg","data/CLP_dataset/clp2k/annotations/training/Princeton_53.png","","",""
"","training","890","data/CLP_dataset/clp2k/annotations_overlay/training/Princeton_54.jpg","data/CLP_dataset/clp2k/images/training/Princeton_54.jpg","data/CLP_dataset/clp2k/annotations/training/Princeton_54.png","","",""
"","training","891","data/CLP_dataset/clp2k/annotations_overlay/training/Princeton_55.jpg","data/CLP_dataset/clp2k/images/training/Princeton_55.jpg","data/CLP_dataset/clp2k/annotations/training/Princeton_55.png","","",""
"","training","892","data/CLP_dataset/clp2k/annotations_overlay/training/Princeton_57.jpg","data/CLP_dataset/clp2k/images/training/Princeton_57.jpg","data/CLP_dataset/clp2k/annotations/training/Princeton_57.png","","",""
"","training","893","data/CLP_dataset/clp2k/annotations_overlay/training/Princeton_58.jpg","data/CLP_dataset/clp2k/images/training/Princeton_58.jpg","data/CLP_dataset/clp2k/annotations/training/Princeton_58.png","","",""
"","training","894","data/CLP_dataset/clp2k/annotations_overlay/training/Princeton_59.jpg","data/CLP_dataset/clp2k/images/training/Princeton_59.jpg","data/CLP_dataset/clp2k/annotations/training/Princeton_59.png","","",""
"","training","895","data/CLP_dataset/clp2k/annotations_overlay/training/Princeton_6.jpg","data/CLP_dataset/clp2k/images/training/Princeton_6.jpg","data/CLP_dataset/clp2k/annotations/training/Princeton_6.png","","",""
"","training","896","data/CLP_dataset/clp2k/annotations_overlay/training/Princeton_60.jpg","data/CLP_dataset/clp2k/images/training/Princeton_60.jpg","data/CLP_dataset/clp2k/annotations/training/Princeton_60.png","","",""
"","training","897","data/CLP_dataset/clp2k/annotations_overlay/training/Princeton_61.jpg","data/CLP_dataset/clp2k/images/training/Princeton_61.jpg","data/CLP_dataset/clp2k/annotations/training/Princeton_61.png","","",""
"","training","898","data/CLP_dataset/clp2k/annotations_overlay/training/Princeton_62.jpg","data/CLP_dataset/clp2k/images/training/Princeton_62.jpg","data/CLP_dataset/clp2k/annotations/training/Princeton_62.png","","",""
"","training","899","data/CLP_dataset/clp2k/annotations_overlay/training/Princeton_63.jpg","data/CLP_dataset/clp2k/images/training/Princeton_63.jpg","data/CLP_dataset/clp2k/annotations/training/Princeton_63.png","","",""
"","training","900","data/CLP_dataset/clp2k/annotations_overlay/training/Princeton_64.jpg","data/CLP_dataset/clp2k/images/training/Princeton_64.jpg","data/CLP_dataset/clp2k/annotations/training/Princeton_64.png","","",""
"","training","901","data/CLP_dataset/clp2k/annotations_overlay/training/Princeton_65.jpg","data/CLP_dataset/clp2k/images/training/Princeton_65.jpg","data/CLP_dataset/clp2k/annotations/training/Princeton_65.png","","",""
"","training","902","data/CLP_dataset/clp2k/annotations_overlay/training/Princeton_66.jpg","data/CLP_dataset/clp2k/images/training/Princeton_66.jpg","data/CLP_dataset/clp2k/annotations/training/Princeton_66.png","","",""
"","training","903","data/CLP_dataset/clp2k/annotations_overlay/training/Princeton_67.jpg","data/CLP_dataset/clp2k/images/training/Princeton_67.jpg","data/CLP_dataset/clp2k/annotations/training/Princeton_67.png","","",""
"","training","904","data/CLP_dataset/clp2k/annotations_overlay/training/Princeton_68.jpg","data/CLP_dataset/clp2k/images/training/Princeton_68.jpg","data/CLP_dataset/clp2k/annotations/training/Princeton_68.png","","",""
"","training","905","data/CLP_dataset/clp2k/annotations_overlay/training/Princeton_7.jpg","data/CLP_dataset/clp2k/images/training/Princeton_7.jpg","data/CLP_dataset/clp2k/annotations/training/Princeton_7.png","","",""
"","training","906","data/CLP_dataset/clp2k/annotations_overlay/training/Princeton_70.jpg","data/CLP_dataset/clp2k/images/training/Princeton_70.jpg","data/CLP_dataset/clp2k/annotations/training/Princeton_70.png","","",""
"","training","907","data/CLP_dataset/clp2k/annotations_overlay/training/Princeton_71.jpg","data/CLP_dataset/clp2k/images/training/Princeton_71.jpg","data/CLP_dataset/clp2k/annotations/training/Princeton_71.png","","",""
"","training","908","data/CLP_dataset/clp2k/annotations_overlay/training/Princeton_72.jpg","data/CLP_dataset/clp2k/images/training/Princeton_72.jpg","data/CLP_dataset/clp2k/annotations/training/Princeton_72.png","","",""
"","training","909","data/CLP_dataset/clp2k/annotations_overlay/training/Princeton_73.jpg","data/CLP_dataset/clp2k/images/training/Princeton_73.jpg","data/CLP_dataset/clp2k/annotations/training/Princeton_73.png","","",""
"","training","910","data/CLP_dataset/clp2k/annotations_overlay/training/Princeton_74.jpg","data/CLP_dataset/clp2k/images/training/Princeton_74.jpg","data/CLP_dataset/clp2k/annotations/training/Princeton_74.png","","",""
"","training","911","data/CLP_dataset/clp2k/annotations_overlay/training/Princeton_75.jpg","data/CLP_dataset/clp2k/images/training/Princeton_75.jpg","data/CLP_dataset/clp2k/annotations/training/Princeton_75.png","","",""
"","training","912","data/CLP_dataset/clp2k/annotations_overlay/training/Princeton_76.jpg","data/CLP_dataset/clp2k/images/training/Princeton_76.jpg","data/CLP_dataset/clp2k/annotations/training/Princeton_76.png","","",""
"","training","913","data/CLP_dataset/clp2k/annotations_overlay/training/Princeton_77.jpg","data/CLP_dataset/clp2k/images/training/Princeton_77.jpg","data/CLP_dataset/clp2k/annotations/training/Princeton_77.png","","",""
"","training","914","data/CLP_dataset/clp2k/annotations_overlay/training/Princeton_78.jpg","data/CLP_dataset/clp2k/images/training/Princeton_78.jpg","data/CLP_dataset/clp2k/annotations/training/Princeton_78.png","","",""
"","training","915","data/CLP_dataset/clp2k/annotations_overlay/training/Princeton_79.jpg","data/CLP_dataset/clp2k/images/training/Princeton_79.jpg","data/CLP_dataset/clp2k/annotations/training/Princeton_79.png","","",""
"","training","916","data/CLP_dataset/clp2k/annotations_overlay/training/Princeton_8.jpg","data/CLP_dataset/clp2k/images/training/Princeton_8.jpg","data/CLP_dataset/clp2k/annotations/training/Princeton_8.png","","",""
"","training","917","data/CLP_dataset/clp2k/annotations_overlay/training/Princeton_80.jpg","data/CLP_dataset/clp2k/images/training/Princeton_80.jpg","data/CLP_dataset/clp2k/annotations/training/Princeton_80.png","","",""
"","training","918","data/CLP_dataset/clp2k/annotations_overlay/training/Princeton_81.jpg","data/CLP_dataset/clp2k/images/training/Princeton_81.jpg","data/CLP_dataset/clp2k/annotations/training/Princeton_81.png","","",""
"","training","919","data/CLP_dataset/clp2k/annotations_overlay/training/Princeton_82.jpg","data/CLP_dataset/clp2k/images/training/Princeton_82.jpg","data/CLP_dataset/clp2k/annotations/training/Princeton_82.png","","",""
"","training","920","data/CLP_dataset/clp2k/annotations_overlay/training/Princeton_83.jpg","data/CLP_dataset/clp2k/images/training/Princeton_83.jpg","data/CLP_dataset/clp2k/annotations/training/Princeton_83.png","","",""
"","training","921","data/CLP_dataset/clp2k/annotations_overlay/training/Princeton_84.jpg","data/CLP_dataset/clp2k/images/training/Princeton_84.jpg","data/CLP_dataset/clp2k/annotations/training/Princeton_84.png","","",""
"","training","922","data/CLP_dataset/clp2k/annotations_overlay/training/Princeton_87.jpg","data/CLP_dataset/clp2k/images/training/Princeton_87.jpg","data/CLP_dataset/clp2k/annotations/training/Princeton_87.png","","",""
"","training","923","data/CLP_dataset/clp2k/annotations_overlay/training/Princeton_88.jpg","data/CLP_dataset/clp2k/images/training/Princeton_88.jpg","data/CLP_dataset/clp2k/annotations/training/Princeton_88.png","","",""
"","training","924","data/CLP_dataset/clp2k/annotations_overlay/training/Princeton_9.jpg","data/CLP_dataset/clp2k/images/training/Princeton_9.jpg","data/CLP_dataset/clp2k/annotations/training/Princeton_9.png","","",""
"","training","925","data/CLP_dataset/clp2k/annotations_overlay/training/Princeton_90.jpg","data/CLP_dataset/clp2k/images/training/Princeton_90.jpg","data/CLP_dataset/clp2k/annotations/training/Princeton_90.png","","",""
"","training","926","data/CLP_dataset/clp2k/annotations_overlay/training/Princeton_91.jpg","data/CLP_dataset/clp2k/images/training/Princeton_91.jpg","data/CLP_dataset/clp2k/annotations/training/Princeton_91.png","","",""
"","training","927","data/CLP_dataset/clp2k/annotations_overlay/training/Princeton_92.jpg","data/CLP_dataset/clp2k/images/training/Princeton_92.jpg","data/CLP_dataset/clp2k/annotations/training/Princeton_92.png","","",""
"","training","928","data/CLP_dataset/clp2k/annotations_overlay/training/Princeton_93.jpg","data/CLP_dataset/clp2k/images/training/Princeton_93.jpg","data/CLP_dataset/clp2k/annotations/training/Princeton_93.png","","",""
"","training","929","data/CLP_dataset/clp2k/annotations_overlay/training/Princeton_94.jpg","data/CLP_dataset/clp2k/images/training/Princeton_94.jpg","data/CLP_dataset/clp2k/annotations/training/Princeton_94.png","","",""
"","training","930","data/CLP_dataset/clp2k/annotations_overlay/training/Princeton_95.jpg","data/CLP_dataset/clp2k/images/training/Princeton_95.jpg","data/CLP_dataset/clp2k/annotations/training/Princeton_95.png","","",""
"","training","931","data/CLP_dataset/clp2k/annotations_overlay/training/Princeton_97.jpg","data/CLP_dataset/clp2k/images/training/Princeton_97.jpg","data/CLP_dataset/clp2k/annotations/training/Princeton_97.png","","",""
"","training","932","data/CLP_dataset/clp2k/annotations_overlay/training/Princeton_98.jpg","data/CLP_dataset/clp2k/images/training/Princeton_98.jpg","data/CLP_dataset/clp2k/annotations/training/Princeton_98.png","","",""
"","training","933","data/CLP_dataset/clp2k/annotations_overlay/training/Princeton_99.jpg","data/CLP_dataset/clp2k/images/training/Princeton_99.jpg","data/CLP_dataset/clp2k/annotations/training/Princeton_99.png","","",""
"","training","934","data/CLP_dataset/clp2k/annotations_overlay/training/qian-xuan_wang-xizhi-viewing-geese_2.jpg","data/CLP_dataset/clp2k/images/training/qian-xuan_wang-xizhi-viewing-geese_2.jpg","data/CLP_dataset/clp2k/annotations/training/qian-xuan_wang-xizhi-viewing-geese_2.png","","",""
"","training","935","data/CLP_dataset/clp2k/annotations_overlay/training/qian-xuan_wang-xizhi-viewing-geese_4.jpg","data/CLP_dataset/clp2k/images/training/qian-xuan_wang-xizhi-viewing-geese_4.jpg","data/CLP_dataset/clp2k/annotations/training/qian-xuan_wang-xizhi-viewing-geese_4.png","","",""
"","training","936","data/CLP_dataset/clp2k/annotations_overlay/training/qiu-ying_fairyland-of-peach-blossoms_1.jpg","data/CLP_dataset/clp2k/images/training/qiu-ying_fairyland-of-peach-blossoms_1.jpg","data/CLP_dataset/clp2k/annotations/training/qiu-ying_fairyland-of-peach-blossoms_1.png","","",""
"","training","937","data/CLP_dataset/clp2k/annotations_overlay/training/qiu-ying_fairyland-of-peach-blossoms_3.jpg","data/CLP_dataset/clp2k/images/training/qiu-ying_fairyland-of-peach-blossoms_3.jpg","data/CLP_dataset/clp2k/annotations/training/qiu-ying_fairyland-of-peach-blossoms_3.png","","",""
"","training","938","data/CLP_dataset/clp2k/annotations_overlay/training/qiu-ying_fairyland-of-peach-blossoms_4.jpg","data/CLP_dataset/clp2k/images/training/qiu-ying_fairyland-of-peach-blossoms_4.jpg","data/CLP_dataset/clp2k/annotations/training/qiu-ying_fairyland-of-peach-blossoms_4.png","","",""
"","training","939","data/CLP_dataset/clp2k/annotations_overlay/training/qiu-ying_fairyland-of-peach-blossoms_6.jpg","data/CLP_dataset/clp2k/images/training/qiu-ying_fairyland-of-peach-blossoms_6.jpg","data/CLP_dataset/clp2k/annotations/training/qiu-ying_fairyland-of-peach-blossoms_6.png","","",""
"","training","940","data/CLP_dataset/clp2k/annotations_overlay/training/qiu-ying_fairyland-of-peach-blossoms_7.jpg","data/CLP_dataset/clp2k/images/training/qiu-ying_fairyland-of-peach-blossoms_7.jpg","data/CLP_dataset/clp2k/annotations/training/qiu-ying_fairyland-of-peach-blossoms_7.png","","",""
"","training","941","data/CLP_dataset/clp2k/annotations_overlay/training/qiu-ying_fairyland-of-peach-blossoms_8.jpg","data/CLP_dataset/clp2k/images/training/qiu-ying_fairyland-of-peach-blossoms_8.jpg","data/CLP_dataset/clp2k/annotations/training/qiu-ying_fairyland-of-peach-blossoms_8.png","","",""
"","training","942","data/CLP_dataset/clp2k/annotations_overlay/training/qiu-ying_fishermen-in-reclusion-at-the-lotus-stream_2.jpg","data/CLP_dataset/clp2k/images/training/qiu-ying_fishermen-in-reclusion-at-the-lotus-stream_2.jpg","data/CLP_dataset/clp2k/annotations/training/qiu-ying_fishermen-in-reclusion-at-the-lotus-stream_2.png","","",""
"","training","943","data/CLP_dataset/clp2k/annotations_overlay/training/qiu-ying_fishermen-in-reclusion-at-the-lotus-stream_6.jpg","data/CLP_dataset/clp2k/images/training/qiu-ying_fishermen-in-reclusion-at-the-lotus-stream_6.jpg","data/CLP_dataset/clp2k/annotations/training/qiu-ying_fishermen-in-reclusion-at-the-lotus-stream_6.png","","",""
"","training","944","data/CLP_dataset/clp2k/annotations_overlay/training/qiuying_wangchuanshijingtu_100.jpg","data/CLP_dataset/clp2k/images/training/qiuying_wangchuanshijingtu_100.jpg","data/CLP_dataset/clp2k/annotations/training/qiuying_wangchuanshijingtu_100.png","","",""
"","training","945","data/CLP_dataset/clp2k/annotations_overlay/training/qiuying_wangchuanshijingtu_101.jpg","data/CLP_dataset/clp2k/images/training/qiuying_wangchuanshijingtu_101.jpg","data/CLP_dataset/clp2k/annotations/training/qiuying_wangchuanshijingtu_101.png","","",""
"","training","946","data/CLP_dataset/clp2k/annotations_overlay/training/qiuying_wangchuanshijingtu_103.jpg","data/CLP_dataset/clp2k/images/training/qiuying_wangchuanshijingtu_103.jpg","data/CLP_dataset/clp2k/annotations/training/qiuying_wangchuanshijingtu_103.png","","",""
"","training","947","data/CLP_dataset/clp2k/annotations_overlay/training/qiuying_wangchuanshijingtu_105.jpg","data/CLP_dataset/clp2k/images/training/qiuying_wangchuanshijingtu_105.jpg","data/CLP_dataset/clp2k/annotations/training/qiuying_wangchuanshijingtu_105.png","","",""
"","training","948","data/CLP_dataset/clp2k/annotations_overlay/training/qiuying_wangchuanshijingtu_106.jpg","data/CLP_dataset/clp2k/images/training/qiuying_wangchuanshijingtu_106.jpg","data/CLP_dataset/clp2k/annotations/training/qiuying_wangchuanshijingtu_106.png","","",""
"","training","949","data/CLP_dataset/clp2k/annotations_overlay/training/qiuying_wangchuanshijingtu_107.jpg","data/CLP_dataset/clp2k/images/training/qiuying_wangchuanshijingtu_107.jpg","data/CLP_dataset/clp2k/annotations/training/qiuying_wangchuanshijingtu_107.png","","",""
"","training","950","data/CLP_dataset/clp2k/annotations_overlay/training/qiuying_wangchuanshijingtu_108.jpg","data/CLP_dataset/clp2k/images/training/qiuying_wangchuanshijingtu_108.jpg","data/CLP_dataset/clp2k/annotations/training/qiuying_wangchuanshijingtu_108.png","","",""
"","training","951","data/CLP_dataset/clp2k/annotations_overlay/training/qiuying_wangchuanshijingtu_109.jpg","data/CLP_dataset/clp2k/images/training/qiuying_wangchuanshijingtu_109.jpg","data/CLP_dataset/clp2k/annotations/training/qiuying_wangchuanshijingtu_109.png","","",""
"","training","952","data/CLP_dataset/clp2k/annotations_overlay/training/qiuying_wangchuanshijingtu_112.jpg","data/CLP_dataset/clp2k/images/training/qiuying_wangchuanshijingtu_112.jpg","data/CLP_dataset/clp2k/annotations/training/qiuying_wangchuanshijingtu_112.png","","",""
"","training","953","data/CLP_dataset/clp2k/annotations_overlay/training/qiuying_wangchuanshijingtu_115.jpg","data/CLP_dataset/clp2k/images/training/qiuying_wangchuanshijingtu_115.jpg","data/CLP_dataset/clp2k/annotations/training/qiuying_wangchuanshijingtu_115.png","","",""
"","training","954","data/CLP_dataset/clp2k/annotations_overlay/training/qiuying_wangchuanshijingtu_116.jpg","data/CLP_dataset/clp2k/images/training/qiuying_wangchuanshijingtu_116.jpg","data/CLP_dataset/clp2k/annotations/training/qiuying_wangchuanshijingtu_116.png","","",""
"","training","955","data/CLP_dataset/clp2k/annotations_overlay/training/qiuying_wangchuanshijingtu_117.jpg","data/CLP_dataset/clp2k/images/training/qiuying_wangchuanshijingtu_117.jpg","data/CLP_dataset/clp2k/annotations/training/qiuying_wangchuanshijingtu_117.png","","",""
"","training","956","data/CLP_dataset/clp2k/annotations_overlay/training/qiuying_wangchuanshijingtu_13.jpg","data/CLP_dataset/clp2k/images/training/qiuying_wangchuanshijingtu_13.jpg","data/CLP_dataset/clp2k/annotations/training/qiuying_wangchuanshijingtu_13.png","","",""
"","training","957","data/CLP_dataset/clp2k/annotations_overlay/training/qiuying_wangchuanshijingtu_16.jpg","data/CLP_dataset/clp2k/images/training/qiuying_wangchuanshijingtu_16.jpg","data/CLP_dataset/clp2k/annotations/training/qiuying_wangchuanshijingtu_16.png","","",""
"","training","958","data/CLP_dataset/clp2k/annotations_overlay/training/qiuying_wangchuanshijingtu_17.jpg","data/CLP_dataset/clp2k/images/training/qiuying_wangchuanshijingtu_17.jpg","data/CLP_dataset/clp2k/annotations/training/qiuying_wangchuanshijingtu_17.png","","",""
"","training","959","data/CLP_dataset/clp2k/annotations_overlay/training/qiuying_wangchuanshijingtu_18.jpg","data/CLP_dataset/clp2k/images/training/qiuying_wangchuanshijingtu_18.jpg","data/CLP_dataset/clp2k/annotations/training/qiuying_wangchuanshijingtu_18.png","","",""
"","training","960","data/CLP_dataset/clp2k/annotations_overlay/training/qiuying_wangchuanshijingtu_2.jpg","data/CLP_dataset/clp2k/images/training/qiuying_wangchuanshijingtu_2.jpg","data/CLP_dataset/clp2k/annotations/training/qiuying_wangchuanshijingtu_2.png","","",""
"","training","961","data/CLP_dataset/clp2k/annotations_overlay/training/qiuying_wangchuanshijingtu_20.jpg","data/CLP_dataset/clp2k/images/training/qiuying_wangchuanshijingtu_20.jpg","data/CLP_dataset/clp2k/annotations/training/qiuying_wangchuanshijingtu_20.png","","",""
"","training","962","data/CLP_dataset/clp2k/annotations_overlay/training/qiuying_wangchuanshijingtu_21.jpg","data/CLP_dataset/clp2k/images/training/qiuying_wangchuanshijingtu_21.jpg","data/CLP_dataset/clp2k/annotations/training/qiuying_wangchuanshijingtu_21.png","","",""
"","training","963","data/CLP_dataset/clp2k/annotations_overlay/training/qiuying_wangchuanshijingtu_23.jpg","data/CLP_dataset/clp2k/images/training/qiuying_wangchuanshijingtu_23.jpg","data/CLP_dataset/clp2k/annotations/training/qiuying_wangchuanshijingtu_23.png","","",""
"","training","964","data/CLP_dataset/clp2k/annotations_overlay/training/qiuying_wangchuanshijingtu_37.jpg","data/CLP_dataset/clp2k/images/training/qiuying_wangchuanshijingtu_37.jpg","data/CLP_dataset/clp2k/annotations/training/qiuying_wangchuanshijingtu_37.png","","",""
"","training","965","data/CLP_dataset/clp2k/annotations_overlay/training/qiuying_wangchuanshijingtu_43.jpg","data/CLP_dataset/clp2k/images/training/qiuying_wangchuanshijingtu_43.jpg","data/CLP_dataset/clp2k/annotations/training/qiuying_wangchuanshijingtu_43.png","","",""
"","training","966","data/CLP_dataset/clp2k/annotations_overlay/training/qiuying_wangchuanshijingtu_44.jpg","data/CLP_dataset/clp2k/images/training/qiuying_wangchuanshijingtu_44.jpg","data/CLP_dataset/clp2k/annotations/training/qiuying_wangchuanshijingtu_44.png","","",""
"","training","967","data/CLP_dataset/clp2k/annotations_overlay/training/qiuying_wangchuanshijingtu_46.jpg","data/CLP_dataset/clp2k/images/training/qiuying_wangchuanshijingtu_46.jpg","data/CLP_dataset/clp2k/annotations/training/qiuying_wangchuanshijingtu_46.png","","",""
"","training","968","data/CLP_dataset/clp2k/annotations_overlay/training/qiuying_wangchuanshijingtu_48.jpg","data/CLP_dataset/clp2k/images/training/qiuying_wangchuanshijingtu_48.jpg","data/CLP_dataset/clp2k/annotations/training/qiuying_wangchuanshijingtu_48.png","","",""
"","training","969","data/CLP_dataset/clp2k/annotations_overlay/training/qiuying_wangchuanshijingtu_49.jpg","data/CLP_dataset/clp2k/images/training/qiuying_wangchuanshijingtu_49.jpg","data/CLP_dataset/clp2k/annotations/training/qiuying_wangchuanshijingtu_49.png","","",""
"","training","970","data/CLP_dataset/clp2k/annotations_overlay/training/qiuying_wangchuanshijingtu_5.jpg","data/CLP_dataset/clp2k/images/training/qiuying_wangchuanshijingtu_5.jpg","data/CLP_dataset/clp2k/annotations/training/qiuying_wangchuanshijingtu_5.png","","",""
"","training","971","data/CLP_dataset/clp2k/annotations_overlay/training/qiuying_wangchuanshijingtu_51.jpg","data/CLP_dataset/clp2k/images/training/qiuying_wangchuanshijingtu_51.jpg","data/CLP_dataset/clp2k/annotations/training/qiuying_wangchuanshijingtu_51.png","","",""
"","training","972","data/CLP_dataset/clp2k/annotations_overlay/training/qiuying_wangchuanshijingtu_52.jpg","data/CLP_dataset/clp2k/images/training/qiuying_wangchuanshijingtu_52.jpg","data/CLP_dataset/clp2k/annotations/training/qiuying_wangchuanshijingtu_52.png","","",""
"","training","973","data/CLP_dataset/clp2k/annotations_overlay/training/qiuying_wangchuanshijingtu_53.jpg","data/CLP_dataset/clp2k/images/training/qiuying_wangchuanshijingtu_53.jpg","data/CLP_dataset/clp2k/annotations/training/qiuying_wangchuanshijingtu_53.png","","",""
"","training","974","data/CLP_dataset/clp2k/annotations_overlay/training/qiuying_wangchuanshijingtu_54.jpg","data/CLP_dataset/clp2k/images/training/qiuying_wangchuanshijingtu_54.jpg","data/CLP_dataset/clp2k/annotations/training/qiuying_wangchuanshijingtu_54.png","","",""
"","training","975","data/CLP_dataset/clp2k/annotations_overlay/training/qiuying_wangchuanshijingtu_55.jpg","data/CLP_dataset/clp2k/images/training/qiuying_wangchuanshijingtu_55.jpg","data/CLP_dataset/clp2k/annotations/training/qiuying_wangchuanshijingtu_55.png","","",""
"","training","976","data/CLP_dataset/clp2k/annotations_overlay/training/qiuying_wangchuanshijingtu_58.jpg","data/CLP_dataset/clp2k/images/training/qiuying_wangchuanshijingtu_58.jpg","data/CLP_dataset/clp2k/annotations/training/qiuying_wangchuanshijingtu_58.png","","",""
"","training","977","data/CLP_dataset/clp2k/annotations_overlay/training/qiuying_wangchuanshijingtu_59.jpg","data/CLP_dataset/clp2k/images/training/qiuying_wangchuanshijingtu_59.jpg","data/CLP_dataset/clp2k/annotations/training/qiuying_wangchuanshijingtu_59.png","","",""
"","training","978","data/CLP_dataset/clp2k/annotations_overlay/training/qiuying_wangchuanshijingtu_6.jpg","data/CLP_dataset/clp2k/images/training/qiuying_wangchuanshijingtu_6.jpg","data/CLP_dataset/clp2k/annotations/training/qiuying_wangchuanshijingtu_6.png","","",""
"","training","979","data/CLP_dataset/clp2k/annotations_overlay/training/qiuying_wangchuanshijingtu_61.jpg","data/CLP_dataset/clp2k/images/training/qiuying_wangchuanshijingtu_61.jpg","data/CLP_dataset/clp2k/annotations/training/qiuying_wangchuanshijingtu_61.png","","",""
"","training","980","data/CLP_dataset/clp2k/annotations_overlay/training/qiuying_wangchuanshijingtu_63.jpg","data/CLP_dataset/clp2k/images/training/qiuying_wangchuanshijingtu_63.jpg","data/CLP_dataset/clp2k/annotations/training/qiuying_wangchuanshijingtu_63.png","","",""
"","training","981","data/CLP_dataset/clp2k/annotations_overlay/training/qiuying_wangchuanshijingtu_64.jpg","data/CLP_dataset/clp2k/images/training/qiuying_wangchuanshijingtu_64.jpg","data/CLP_dataset/clp2k/annotations/training/qiuying_wangchuanshijingtu_64.png","","",""
"","training","982","data/CLP_dataset/clp2k/annotations_overlay/training/qiuying_wangchuanshijingtu_65.jpg","data/CLP_dataset/clp2k/images/training/qiuying_wangchuanshijingtu_65.jpg","data/CLP_dataset/clp2k/annotations/training/qiuying_wangchuanshijingtu_65.png","","",""
"","training","983","data/CLP_dataset/clp2k/annotations_overlay/training/qiuying_wangchuanshijingtu_67.jpg","data/CLP_dataset/clp2k/images/training/qiuying_wangchuanshijingtu_67.jpg","data/CLP_dataset/clp2k/annotations/training/qiuying_wangchuanshijingtu_67.png","","",""
"","training","984","data/CLP_dataset/clp2k/annotations_overlay/training/qiuying_wangchuanshijingtu_68.jpg","data/CLP_dataset/clp2k/images/training/qiuying_wangchuanshijingtu_68.jpg","data/CLP_dataset/clp2k/annotations/training/qiuying_wangchuanshijingtu_68.png","","",""
"","training","985","data/CLP_dataset/clp2k/annotations_overlay/training/qiuying_wangchuanshijingtu_70.jpg","data/CLP_dataset/clp2k/images/training/qiuying_wangchuanshijingtu_70.jpg","data/CLP_dataset/clp2k/annotations/training/qiuying_wangchuanshijingtu_70.png","","",""
"","training","986","data/CLP_dataset/clp2k/annotations_overlay/training/qiuying_wangchuanshijingtu_72.jpg","data/CLP_dataset/clp2k/images/training/qiuying_wangchuanshijingtu_72.jpg","data/CLP_dataset/clp2k/annotations/training/qiuying_wangchuanshijingtu_72.png","","",""
"","training","987","data/CLP_dataset/clp2k/annotations_overlay/training/qiuying_wangchuanshijingtu_73.jpg","data/CLP_dataset/clp2k/images/training/qiuying_wangchuanshijingtu_73.jpg","data/CLP_dataset/clp2k/annotations/training/qiuying_wangchuanshijingtu_73.png","","",""
"","training","988","data/CLP_dataset/clp2k/annotations_overlay/training/qiuying_wangchuanshijingtu_74.jpg","data/CLP_dataset/clp2k/images/training/qiuying_wangchuanshijingtu_74.jpg","data/CLP_dataset/clp2k/annotations/training/qiuying_wangchuanshijingtu_74.png","","",""
"","training","989","data/CLP_dataset/clp2k/annotations_overlay/training/qiuying_wangchuanshijingtu_75.jpg","data/CLP_dataset/clp2k/images/training/qiuying_wangchuanshijingtu_75.jpg","data/CLP_dataset/clp2k/annotations/training/qiuying_wangchuanshijingtu_75.png","","",""
"","training","990","data/CLP_dataset/clp2k/annotations_overlay/training/qiuying_wangchuanshijingtu_78.jpg","data/CLP_dataset/clp2k/images/training/qiuying_wangchuanshijingtu_78.jpg","data/CLP_dataset/clp2k/annotations/training/qiuying_wangchuanshijingtu_78.png","","",""
"","training","991","data/CLP_dataset/clp2k/annotations_overlay/training/qiuying_wangchuanshijingtu_79.jpg","data/CLP_dataset/clp2k/images/training/qiuying_wangchuanshijingtu_79.jpg","data/CLP_dataset/clp2k/annotations/training/qiuying_wangchuanshijingtu_79.png","","",""
"","training","992","data/CLP_dataset/clp2k/annotations_overlay/training/qiuying_wangchuanshijingtu_8.jpg","data/CLP_dataset/clp2k/images/training/qiuying_wangchuanshijingtu_8.jpg","data/CLP_dataset/clp2k/annotations/training/qiuying_wangchuanshijingtu_8.png","","",""
"","training","993","data/CLP_dataset/clp2k/annotations_overlay/training/qiuying_wangchuanshijingtu_81.jpg","data/CLP_dataset/clp2k/images/training/qiuying_wangchuanshijingtu_81.jpg","data/CLP_dataset/clp2k/annotations/training/qiuying_wangchuanshijingtu_81.png","","",""
"","training","994","data/CLP_dataset/clp2k/annotations_overlay/training/qiuying_wangchuanshijingtu_82.jpg","data/CLP_dataset/clp2k/images/training/qiuying_wangchuanshijingtu_82.jpg","data/CLP_dataset/clp2k/annotations/training/qiuying_wangchuanshijingtu_82.png","","",""
"","training","995","data/CLP_dataset/clp2k/annotations_overlay/training/qiuying_wangchuanshijingtu_84.jpg","data/CLP_dataset/clp2k/images/training/qiuying_wangchuanshijingtu_84.jpg","data/CLP_dataset/clp2k/annotations/training/qiuying_wangchuanshijingtu_84.png","","",""
"","training","996","data/CLP_dataset/clp2k/annotations_overlay/training/qiuying_wangchuanshijingtu_88.jpg","data/CLP_dataset/clp2k/images/training/qiuying_wangchuanshijingtu_88.jpg","data/CLP_dataset/clp2k/annotations/training/qiuying_wangchuanshijingtu_88.png","","",""
"","training","997","data/CLP_dataset/clp2k/annotations_overlay/training/qiuying_wangchuanshijingtu_90.jpg","data/CLP_dataset/clp2k/images/training/qiuying_wangchuanshijingtu_90.jpg","data/CLP_dataset/clp2k/annotations/training/qiuying_wangchuanshijingtu_90.png","","",""
"","training","998","data/CLP_dataset/clp2k/annotations_overlay/training/qiuying_wangchuanshijingtu_91.jpg","data/CLP_dataset/clp2k/images/training/qiuying_wangchuanshijingtu_91.jpg","data/CLP_dataset/clp2k/annotations/training/qiuying_wangchuanshijingtu_91.png","","",""
"","training","999","data/CLP_dataset/clp2k/annotations_overlay/training/qiuying_wangchuanshijingtu_92.jpg","data/CLP_dataset/clp2k/images/training/qiuying_wangchuanshijingtu_92.jpg","data/CLP_dataset/clp2k/annotations/training/qiuying_wangchuanshijingtu_92.png","","",""
"","training","1000","data/CLP_dataset/clp2k/annotations_overlay/training/qiuying_wangchuanshijingtu_94.jpg","data/CLP_dataset/clp2k/images/training/qiuying_wangchuanshijingtu_94.jpg","data/CLP_dataset/clp2k/annotations/training/qiuying_wangchuanshijingtu_94.png","","",""
"","training","1001","data/CLP_dataset/clp2k/annotations_overlay/training/qiuying_wangchuanshijingtu_96.jpg","data/CLP_dataset/clp2k/images/training/qiuying_wangchuanshijingtu_96.jpg","data/CLP_dataset/clp2k/annotations/training/qiuying_wangchuanshijingtu_96.png","","",""
"","training","1002","data/CLP_dataset/clp2k/annotations_overlay/training/qiuying_wangchuanshijingtu_97.jpg","data/CLP_dataset/clp2k/images/training/qiuying_wangchuanshijingtu_97.jpg","data/CLP_dataset/clp2k/annotations/training/qiuying_wangchuanshijingtu_97.png","","",""
"","training","1003","data/CLP_dataset/clp2k/annotations_overlay/training/qiuying_wangchuanshijingtu_99.jpg","data/CLP_dataset/clp2k/images/training/qiuying_wangchuanshijingtu_99.jpg","data/CLP_dataset/clp2k/annotations/training/qiuying_wangchuanshijingtu_99.png","","",""
"","training","1004","data/CLP_dataset/clp2k/annotations_overlay/training/shen-zhou_fuchun-mountains_10.jpg","data/CLP_dataset/clp2k/images/training/shen-zhou_fuchun-mountains_10.jpg","data/CLP_dataset/clp2k/annotations/training/shen-zhou_fuchun-mountains_10.png","","",""
"","training","1005","data/CLP_dataset/clp2k/annotations_overlay/training/shen-zhou_fuchun-mountains_11.jpg","data/CLP_dataset/clp2k/images/training/shen-zhou_fuchun-mountains_11.jpg","data/CLP_dataset/clp2k/annotations/training/shen-zhou_fuchun-mountains_11.png","","",""
"","training","1006","data/CLP_dataset/clp2k/annotations_overlay/training/shen-zhou_fuchun-mountains_14.jpg","data/CLP_dataset/clp2k/images/training/shen-zhou_fuchun-mountains_14.jpg","data/CLP_dataset/clp2k/annotations/training/shen-zhou_fuchun-mountains_14.png","","",""
"","training","1007","data/CLP_dataset/clp2k/annotations_overlay/training/shen-zhou_fuchun-mountains_15.jpg","data/CLP_dataset/clp2k/images/training/shen-zhou_fuchun-mountains_15.jpg","data/CLP_dataset/clp2k/annotations/training/shen-zhou_fuchun-mountains_15.png","","",""
"","training","1008","data/CLP_dataset/clp2k/annotations_overlay/training/shen-zhou_fuchun-mountains_16.jpg","data/CLP_dataset/clp2k/images/training/shen-zhou_fuchun-mountains_16.jpg","data/CLP_dataset/clp2k/annotations/training/shen-zhou_fuchun-mountains_16.png","","",""
"","training","1009","data/CLP_dataset/clp2k/annotations_overlay/training/shen-zhou_fuchun-mountains_19.jpg","data/CLP_dataset/clp2k/images/training/shen-zhou_fuchun-mountains_19.jpg","data/CLP_dataset/clp2k/annotations/training/shen-zhou_fuchun-mountains_19.png","","",""
"","training","1010","data/CLP_dataset/clp2k/annotations_overlay/training/shen-zhou_fuchun-mountains_20.jpg","data/CLP_dataset/clp2k/images/training/shen-zhou_fuchun-mountains_20.jpg","data/CLP_dataset/clp2k/annotations/training/shen-zhou_fuchun-mountains_20.png","","",""
"","training","1011","data/CLP_dataset/clp2k/annotations_overlay/training/shen-zhou_fuchun-mountains_23.jpg","data/CLP_dataset/clp2k/images/training/shen-zhou_fuchun-mountains_23.jpg","data/CLP_dataset/clp2k/annotations/training/shen-zhou_fuchun-mountains_23.png","","",""
"","training","1012","data/CLP_dataset/clp2k/annotations_overlay/training/shen-zhou_fuchun-mountains_24.jpg","data/CLP_dataset/clp2k/images/training/shen-zhou_fuchun-mountains_24.jpg","data/CLP_dataset/clp2k/annotations/training/shen-zhou_fuchun-mountains_24.png","","",""
"","training","1013","data/CLP_dataset/clp2k/annotations_overlay/training/shen-zhou_fuchun-mountains_25.jpg","data/CLP_dataset/clp2k/images/training/shen-zhou_fuchun-mountains_25.jpg","data/CLP_dataset/clp2k/annotations/training/shen-zhou_fuchun-mountains_25.png","","",""
"","training","1014","data/CLP_dataset/clp2k/annotations_overlay/training/shen-zhou_fuchun-mountains_26.jpg","data/CLP_dataset/clp2k/images/training/shen-zhou_fuchun-mountains_26.jpg","data/CLP_dataset/clp2k/annotations/training/shen-zhou_fuchun-mountains_26.png","","",""
"","training","1015","data/CLP_dataset/clp2k/annotations_overlay/training/shen-zhou_fuchun-mountains_27.jpg","data/CLP_dataset/clp2k/images/training/shen-zhou_fuchun-mountains_27.jpg","data/CLP_dataset/clp2k/annotations/training/shen-zhou_fuchun-mountains_27.png","","",""
"","training","1016","data/CLP_dataset/clp2k/annotations_overlay/training/shen-zhou_fuchun-mountains_8.jpg","data/CLP_dataset/clp2k/images/training/shen-zhou_fuchun-mountains_8.jpg","data/CLP_dataset/clp2k/annotations/training/shen-zhou_fuchun-mountains_8.png","","",""
"","training","1017","data/CLP_dataset/clp2k/annotations_overlay/training/shitao_peach-blossom-spring_4.jpg","data/CLP_dataset/clp2k/images/training/shitao_peach-blossom-spring_4.jpg","data/CLP_dataset/clp2k/annotations/training/shitao_peach-blossom-spring_4.png","","",""
"","training","1018","data/CLP_dataset/clp2k/annotations_overlay/training/shitao_peach-blossom-spring_5.jpg","data/CLP_dataset/clp2k/images/training/shitao_peach-blossom-spring_5.jpg","data/CLP_dataset/clp2k/annotations/training/shitao_peach-blossom-spring_5.png","","",""
"","training","1019","data/CLP_dataset/clp2k/annotations_overlay/training/smithsonian_0.jpg","data/CLP_dataset/clp2k/images/training/smithsonian_0.jpg","data/CLP_dataset/clp2k/annotations/training/smithsonian_0.png","","",""
"","training","1020","data/CLP_dataset/clp2k/annotations_overlay/training/smithsonian_1.jpg","data/CLP_dataset/clp2k/images/training/smithsonian_1.jpg","data/CLP_dataset/clp2k/annotations/training/smithsonian_1.png","","",""
"","training","1021","data/CLP_dataset/clp2k/annotations_overlay/training/smithsonian_10.jpg","data/CLP_dataset/clp2k/images/training/smithsonian_10.jpg","data/CLP_dataset/clp2k/annotations/training/smithsonian_10.png","","",""
"","training","1022","data/CLP_dataset/clp2k/annotations_overlay/training/smithsonian_100.jpg","data/CLP_dataset/clp2k/images/training/smithsonian_100.jpg","data/CLP_dataset/clp2k/annotations/training/smithsonian_100.png","","",""
"","training","1023","data/CLP_dataset/clp2k/annotations_overlay/training/smithsonian_101.jpg","data/CLP_dataset/clp2k/images/training/smithsonian_101.jpg","data/CLP_dataset/clp2k/annotations/training/smithsonian_101.png","","",""
"","training","1024","data/CLP_dataset/clp2k/annotations_overlay/training/smithsonian_102.jpg","data/CLP_dataset/clp2k/images/training/smithsonian_102.jpg","data/CLP_dataset/clp2k/annotations/training/smithsonian_102.png","","",""
"","training","1025","data/CLP_dataset/clp2k/annotations_overlay/training/smithsonian_103.jpg","data/CLP_dataset/clp2k/images/training/smithsonian_103.jpg","data/CLP_dataset/clp2k/annotations/training/smithsonian_103.png","","",""
"","training","1026","data/CLP_dataset/clp2k/annotations_overlay/training/smithsonian_104.jpg","data/CLP_dataset/clp2k/images/training/smithsonian_104.jpg","data/CLP_dataset/clp2k/annotations/training/smithsonian_104.png","","",""
"","training","1027","data/CLP_dataset/clp2k/annotations_overlay/training/smithsonian_105.jpg","data/CLP_dataset/clp2k/images/training/smithsonian_105.jpg","data/CLP_dataset/clp2k/annotations/training/smithsonian_105.png","","",""
"","training","1028","data/CLP_dataset/clp2k/annotations_overlay/training/smithsonian_106.jpg","data/CLP_dataset/clp2k/images/training/smithsonian_106.jpg","data/CLP_dataset/clp2k/annotations/training/smithsonian_106.png","","",""
"","training","1029","data/CLP_dataset/clp2k/annotations_overlay/training/smithsonian_107.jpg","data/CLP_dataset/clp2k/images/training/smithsonian_107.jpg","data/CLP_dataset/clp2k/annotations/training/smithsonian_107.png","","",""
"","training","1030","data/CLP_dataset/clp2k/annotations_overlay/training/smithsonian_108.jpg","data/CLP_dataset/clp2k/images/training/smithsonian_108.jpg","data/CLP_dataset/clp2k/annotations/training/smithsonian_108.png","","",""
"","training","1031","data/CLP_dataset/clp2k/annotations_overlay/training/smithsonian_109.jpg","data/CLP_dataset/clp2k/images/training/smithsonian_109.jpg","data/CLP_dataset/clp2k/annotations/training/smithsonian_109.png","","",""
"","training","1032","data/CLP_dataset/clp2k/annotations_overlay/training/smithsonian_11.jpg","data/CLP_dataset/clp2k/images/training/smithsonian_11.jpg","data/CLP_dataset/clp2k/annotations/training/smithsonian_11.png","","",""
"","training","1033","data/CLP_dataset/clp2k/annotations_overlay/training/smithsonian_110.jpg","data/CLP_dataset/clp2k/images/training/smithsonian_110.jpg","data/CLP_dataset/clp2k/annotations/training/smithsonian_110.png","","",""
"","training","1034","data/CLP_dataset/clp2k/annotations_overlay/training/smithsonian_111.jpg","data/CLP_dataset/clp2k/images/training/smithsonian_111.jpg","data/CLP_dataset/clp2k/annotations/training/smithsonian_111.png","","",""
"","training","1035","data/CLP_dataset/clp2k/annotations_overlay/training/smithsonian_112.jpg","data/CLP_dataset/clp2k/images/training/smithsonian_112.jpg","data/CLP_dataset/clp2k/annotations/training/smithsonian_112.png","","",""
"","training","1036","data/CLP_dataset/clp2k/annotations_overlay/training/smithsonian_113.jpg","data/CLP_dataset/clp2k/images/training/smithsonian_113.jpg","data/CLP_dataset/clp2k/annotations/training/smithsonian_113.png","","",""
"","training","1037","data/CLP_dataset/clp2k/annotations_overlay/training/smithsonian_114.jpg","data/CLP_dataset/clp2k/images/training/smithsonian_114.jpg","data/CLP_dataset/clp2k/annotations/training/smithsonian_114.png","","",""
"","training","1038","data/CLP_dataset/clp2k/annotations_overlay/training/smithsonian_115.jpg","data/CLP_dataset/clp2k/images/training/smithsonian_115.jpg","data/CLP_dataset/clp2k/annotations/training/smithsonian_115.png","","",""
"","training","1039","data/CLP_dataset/clp2k/annotations_overlay/training/smithsonian_116.jpg","data/CLP_dataset/clp2k/images/training/smithsonian_116.jpg","data/CLP_dataset/clp2k/annotations/training/smithsonian_116.png","","",""
"","training","1040","data/CLP_dataset/clp2k/annotations_overlay/training/smithsonian_117.jpg","data/CLP_dataset/clp2k/images/training/smithsonian_117.jpg","data/CLP_dataset/clp2k/annotations/training/smithsonian_117.png","","",""
"","training","1041","data/CLP_dataset/clp2k/annotations_overlay/training/smithsonian_119.jpg","data/CLP_dataset/clp2k/images/training/smithsonian_119.jpg","data/CLP_dataset/clp2k/annotations/training/smithsonian_119.png","","",""
"","training","1042","data/CLP_dataset/clp2k/annotations_overlay/training/smithsonian_120.jpg","data/CLP_dataset/clp2k/images/training/smithsonian_120.jpg","data/CLP_dataset/clp2k/annotations/training/smithsonian_120.png","","",""
"","training","1043","data/CLP_dataset/clp2k/annotations_overlay/training/smithsonian_121.jpg","data/CLP_dataset/clp2k/images/training/smithsonian_121.jpg","data/CLP_dataset/clp2k/annotations/training/smithsonian_121.png","","",""
"","training","1044","data/CLP_dataset/clp2k/annotations_overlay/training/smithsonian_122.jpg","data/CLP_dataset/clp2k/images/training/smithsonian_122.jpg","data/CLP_dataset/clp2k/annotations/training/smithsonian_122.png","","",""
"","training","1045","data/CLP_dataset/clp2k/annotations_overlay/training/smithsonian_123.jpg","data/CLP_dataset/clp2k/images/training/smithsonian_123.jpg","data/CLP_dataset/clp2k/annotations/training/smithsonian_123.png","","",""
"","training","1046","data/CLP_dataset/clp2k/annotations_overlay/training/smithsonian_124.jpg","data/CLP_dataset/clp2k/images/training/smithsonian_124.jpg","data/CLP_dataset/clp2k/annotations/training/smithsonian_124.png","","",""
"","training","1047","data/CLP_dataset/clp2k/annotations_overlay/training/smithsonian_125.jpg","data/CLP_dataset/clp2k/images/training/smithsonian_125.jpg","data/CLP_dataset/clp2k/annotations/training/smithsonian_125.png","","",""
"","training","1048","data/CLP_dataset/clp2k/annotations_overlay/training/smithsonian_126.jpg","data/CLP_dataset/clp2k/images/training/smithsonian_126.jpg","data/CLP_dataset/clp2k/annotations/training/smithsonian_126.png","","",""
"","training","1049","data/CLP_dataset/clp2k/annotations_overlay/training/smithsonian_127.jpg","data/CLP_dataset/clp2k/images/training/smithsonian_127.jpg","data/CLP_dataset/clp2k/annotations/training/smithsonian_127.png","","",""
"","training","1050","data/CLP_dataset/clp2k/annotations_overlay/training/smithsonian_13.jpg","data/CLP_dataset/clp2k/images/training/smithsonian_13.jpg","data/CLP_dataset/clp2k/annotations/training/smithsonian_13.png","","",""
"","training","1051","data/CLP_dataset/clp2k/annotations_overlay/training/smithsonian_130.jpg","data/CLP_dataset/clp2k/images/training/smithsonian_130.jpg","data/CLP_dataset/clp2k/annotations/training/smithsonian_130.png","","",""
"","training","1052","data/CLP_dataset/clp2k/annotations_overlay/training/smithsonian_131.jpg","data/CLP_dataset/clp2k/images/training/smithsonian_131.jpg","data/CLP_dataset/clp2k/annotations/training/smithsonian_131.png","","",""
"","training","1053","data/CLP_dataset/clp2k/annotations_overlay/training/smithsonian_132.jpg","data/CLP_dataset/clp2k/images/training/smithsonian_132.jpg","data/CLP_dataset/clp2k/annotations/training/smithsonian_132.png","","",""
"","training","1054","data/CLP_dataset/clp2k/annotations_overlay/training/smithsonian_133.jpg","data/CLP_dataset/clp2k/images/training/smithsonian_133.jpg","data/CLP_dataset/clp2k/annotations/training/smithsonian_133.png","","",""
"","training","1055","data/CLP_dataset/clp2k/annotations_overlay/training/smithsonian_134.jpg","data/CLP_dataset/clp2k/images/training/smithsonian_134.jpg","data/CLP_dataset/clp2k/annotations/training/smithsonian_134.png","","",""
"","training","1056","data/CLP_dataset/clp2k/annotations_overlay/training/smithsonian_135.jpg","data/CLP_dataset/clp2k/images/training/smithsonian_135.jpg","data/CLP_dataset/clp2k/annotations/training/smithsonian_135.png","","",""
"","training","1057","data/CLP_dataset/clp2k/annotations_overlay/training/smithsonian_136.jpg","data/CLP_dataset/clp2k/images/training/smithsonian_136.jpg","data/CLP_dataset/clp2k/annotations/training/smithsonian_136.png","","",""
"","training","1058","data/CLP_dataset/clp2k/annotations_overlay/training/smithsonian_137.jpg","data/CLP_dataset/clp2k/images/training/smithsonian_137.jpg","data/CLP_dataset/clp2k/annotations/training/smithsonian_137.png","","",""
"","training","1059","data/CLP_dataset/clp2k/annotations_overlay/training/smithsonian_138.jpg","data/CLP_dataset/clp2k/images/training/smithsonian_138.jpg","data/CLP_dataset/clp2k/annotations/training/smithsonian_138.png","","",""
"","training","1060","data/CLP_dataset/clp2k/annotations_overlay/training/smithsonian_139.jpg","data/CLP_dataset/clp2k/images/training/smithsonian_139.jpg","data/CLP_dataset/clp2k/annotations/training/smithsonian_139.png","","",""
"","training","1061","data/CLP_dataset/clp2k/annotations_overlay/training/smithsonian_14.jpg","data/CLP_dataset/clp2k/images/training/smithsonian_14.jpg","data/CLP_dataset/clp2k/annotations/training/smithsonian_14.png","","",""
"","training","1062","data/CLP_dataset/clp2k/annotations_overlay/training/smithsonian_140.jpg","data/CLP_dataset/clp2k/images/training/smithsonian_140.jpg","data/CLP_dataset/clp2k/annotations/training/smithsonian_140.png","","",""
"","training","1063","data/CLP_dataset/clp2k/annotations_overlay/training/smithsonian_141.jpg","data/CLP_dataset/clp2k/images/training/smithsonian_141.jpg","data/CLP_dataset/clp2k/annotations/training/smithsonian_141.png","","",""
"","training","1064","data/CLP_dataset/clp2k/annotations_overlay/training/smithsonian_142.jpg","data/CLP_dataset/clp2k/images/training/smithsonian_142.jpg","data/CLP_dataset/clp2k/annotations/training/smithsonian_142.png","","",""
"","training","1065","data/CLP_dataset/clp2k/annotations_overlay/training/smithsonian_143.jpg","data/CLP_dataset/clp2k/images/training/smithsonian_143.jpg","data/CLP_dataset/clp2k/annotations/training/smithsonian_143.png","","",""
"","training","1066","data/CLP_dataset/clp2k/annotations_overlay/training/smithsonian_144.jpg","data/CLP_dataset/clp2k/images/training/smithsonian_144.jpg","data/CLP_dataset/clp2k/annotations/training/smithsonian_144.png","","",""
"","training","1067","data/CLP_dataset/clp2k/annotations_overlay/training/smithsonian_145.jpg","data/CLP_dataset/clp2k/images/training/smithsonian_145.jpg","data/CLP_dataset/clp2k/annotations/training/smithsonian_145.png","","",""
"","training","1068","data/CLP_dataset/clp2k/annotations_overlay/training/smithsonian_146.jpg","data/CLP_dataset/clp2k/images/training/smithsonian_146.jpg","data/CLP_dataset/clp2k/annotations/training/smithsonian_146.png","","",""
"","training","1069","data/CLP_dataset/clp2k/annotations_overlay/training/smithsonian_147.jpg","data/CLP_dataset/clp2k/images/training/smithsonian_147.jpg","data/CLP_dataset/clp2k/annotations/training/smithsonian_147.png","","",""
"","training","1070","data/CLP_dataset/clp2k/annotations_overlay/training/smithsonian_148.jpg","data/CLP_dataset/clp2k/images/training/smithsonian_148.jpg","data/CLP_dataset/clp2k/annotations/training/smithsonian_148.png","","",""
"","training","1071","data/CLP_dataset/clp2k/annotations_overlay/training/smithsonian_149.jpg","data/CLP_dataset/clp2k/images/training/smithsonian_149.jpg","data/CLP_dataset/clp2k/annotations/training/smithsonian_149.png","","",""
"","training","1072","data/CLP_dataset/clp2k/annotations_overlay/training/smithsonian_15.jpg","data/CLP_dataset/clp2k/images/training/smithsonian_15.jpg","data/CLP_dataset/clp2k/annotations/training/smithsonian_15.png","","",""
"","training","1073","data/CLP_dataset/clp2k/annotations_overlay/training/smithsonian_150.jpg","data/CLP_dataset/clp2k/images/training/smithsonian_150.jpg","data/CLP_dataset/clp2k/annotations/training/smithsonian_150.png","","",""
"","training","1074","data/CLP_dataset/clp2k/annotations_overlay/training/smithsonian_151.jpg","data/CLP_dataset/clp2k/images/training/smithsonian_151.jpg","data/CLP_dataset/clp2k/annotations/training/smithsonian_151.png","","",""
"","training","1075","data/CLP_dataset/clp2k/annotations_overlay/training/smithsonian_152.jpg","data/CLP_dataset/clp2k/images/training/smithsonian_152.jpg","data/CLP_dataset/clp2k/annotations/training/smithsonian_152.png","","",""
"","training","1076","data/CLP_dataset/clp2k/annotations_overlay/training/smithsonian_153.jpg","data/CLP_dataset/clp2k/images/training/smithsonian_153.jpg","data/CLP_dataset/clp2k/annotations/training/smithsonian_153.png","","",""
"","training","1077","data/CLP_dataset/clp2k/annotations_overlay/training/smithsonian_154.jpg","data/CLP_dataset/clp2k/images/training/smithsonian_154.jpg","data/CLP_dataset/clp2k/annotations/training/smithsonian_154.png","","",""
"","training","1078","data/CLP_dataset/clp2k/annotations_overlay/training/smithsonian_155.jpg","data/CLP_dataset/clp2k/images/training/smithsonian_155.jpg","data/CLP_dataset/clp2k/annotations/training/smithsonian_155.png","","",""
"","training","1079","data/CLP_dataset/clp2k/annotations_overlay/training/smithsonian_156.jpg","data/CLP_dataset/clp2k/images/training/smithsonian_156.jpg","data/CLP_dataset/clp2k/annotations/training/smithsonian_156.png","","",""
"","training","1080","data/CLP_dataset/clp2k/annotations_overlay/training/smithsonian_157.jpg","data/CLP_dataset/clp2k/images/training/smithsonian_157.jpg","data/CLP_dataset/clp2k/annotations/training/smithsonian_157.png","","",""
"","training","1081","data/CLP_dataset/clp2k/annotations_overlay/training/smithsonian_158.jpg","data/CLP_dataset/clp2k/images/training/smithsonian_158.jpg","data/CLP_dataset/clp2k/annotations/training/smithsonian_158.png","","",""
"","training","1082","data/CLP_dataset/clp2k/annotations_overlay/training/smithsonian_159.jpg","data/CLP_dataset/clp2k/images/training/smithsonian_159.jpg","data/CLP_dataset/clp2k/annotations/training/smithsonian_159.png","","",""
"","training","1083","data/CLP_dataset/clp2k/annotations_overlay/training/smithsonian_16.jpg","data/CLP_dataset/clp2k/images/training/smithsonian_16.jpg","data/CLP_dataset/clp2k/annotations/training/smithsonian_16.png","","",""
"","training","1084","data/CLP_dataset/clp2k/annotations_overlay/training/smithsonian_160.jpg","data/CLP_dataset/clp2k/images/training/smithsonian_160.jpg","data/CLP_dataset/clp2k/annotations/training/smithsonian_160.png","","",""
"","training","1085","data/CLP_dataset/clp2k/annotations_overlay/training/smithsonian_161.jpg","data/CLP_dataset/clp2k/images/training/smithsonian_161.jpg","data/CLP_dataset/clp2k/annotations/training/smithsonian_161.png","","",""
"","training","1086","data/CLP_dataset/clp2k/annotations_overlay/training/smithsonian_162.jpg","data/CLP_dataset/clp2k/images/training/smithsonian_162.jpg","data/CLP_dataset/clp2k/annotations/training/smithsonian_162.png","","",""
"","training","1087","data/CLP_dataset/clp2k/annotations_overlay/training/smithsonian_163.jpg","data/CLP_dataset/clp2k/images/training/smithsonian_163.jpg","data/CLP_dataset/clp2k/annotations/training/smithsonian_163.png","","",""
"","training","1088","data/CLP_dataset/clp2k/annotations_overlay/training/smithsonian_164.jpg","data/CLP_dataset/clp2k/images/training/smithsonian_164.jpg","data/CLP_dataset/clp2k/annotations/training/smithsonian_164.png","","",""
"","training","1089","data/CLP_dataset/clp2k/annotations_overlay/training/smithsonian_165.jpg","data/CLP_dataset/clp2k/images/training/smithsonian_165.jpg","data/CLP_dataset/clp2k/annotations/training/smithsonian_165.png","","",""
"","training","1090","data/CLP_dataset/clp2k/annotations_overlay/training/smithsonian_166.jpg","data/CLP_dataset/clp2k/images/training/smithsonian_166.jpg","data/CLP_dataset/clp2k/annotations/training/smithsonian_166.png","","",""
"","training","1091","data/CLP_dataset/clp2k/annotations_overlay/training/smithsonian_167.jpg","data/CLP_dataset/clp2k/images/training/smithsonian_167.jpg","data/CLP_dataset/clp2k/annotations/training/smithsonian_167.png","","",""
"","training","1092","data/CLP_dataset/clp2k/annotations_overlay/training/smithsonian_168.jpg","data/CLP_dataset/clp2k/images/training/smithsonian_168.jpg","data/CLP_dataset/clp2k/annotations/training/smithsonian_168.png","","",""
"","training","1093","data/CLP_dataset/clp2k/annotations_overlay/training/smithsonian_169.jpg","data/CLP_dataset/clp2k/images/training/smithsonian_169.jpg","data/CLP_dataset/clp2k/annotations/training/smithsonian_169.png","","",""
"","training","1094","data/CLP_dataset/clp2k/annotations_overlay/training/smithsonian_17.jpg","data/CLP_dataset/clp2k/images/training/smithsonian_17.jpg","data/CLP_dataset/clp2k/annotations/training/smithsonian_17.png","","",""
"","training","1095","data/CLP_dataset/clp2k/annotations_overlay/training/smithsonian_170.jpg","data/CLP_dataset/clp2k/images/training/smithsonian_170.jpg","data/CLP_dataset/clp2k/annotations/training/smithsonian_170.png","","",""
"","training","1096","data/CLP_dataset/clp2k/annotations_overlay/training/smithsonian_171.jpg","data/CLP_dataset/clp2k/images/training/smithsonian_171.jpg","data/CLP_dataset/clp2k/annotations/training/smithsonian_171.png","","",""
"","training","1097","data/CLP_dataset/clp2k/annotations_overlay/training/smithsonian_172.jpg","data/CLP_dataset/clp2k/images/training/smithsonian_172.jpg","data/CLP_dataset/clp2k/annotations/training/smithsonian_172.png","","",""
"","training","1098","data/CLP_dataset/clp2k/annotations_overlay/training/smithsonian_173.jpg","data/CLP_dataset/clp2k/images/training/smithsonian_173.jpg","data/CLP_dataset/clp2k/annotations/training/smithsonian_173.png","","",""
"","training","1099","data/CLP_dataset/clp2k/annotations_overlay/training/smithsonian_174.jpg","data/CLP_dataset/clp2k/images/training/smithsonian_174.jpg","data/CLP_dataset/clp2k/annotations/training/smithsonian_174.png","","",""
"","training","1100","data/CLP_dataset/clp2k/annotations_overlay/training/smithsonian_175.jpg","data/CLP_dataset/clp2k/images/training/smithsonian_175.jpg","data/CLP_dataset/clp2k/annotations/training/smithsonian_175.png","","",""
"","training","1101","data/CLP_dataset/clp2k/annotations_overlay/training/smithsonian_176.jpg","data/CLP_dataset/clp2k/images/training/smithsonian_176.jpg","data/CLP_dataset/clp2k/annotations/training/smithsonian_176.png","","",""
"","training","1102","data/CLP_dataset/clp2k/annotations_overlay/training/smithsonian_177.jpg","data/CLP_dataset/clp2k/images/training/smithsonian_177.jpg","data/CLP_dataset/clp2k/annotations/training/smithsonian_177.png","","",""
"","training","1103","data/CLP_dataset/clp2k/annotations_overlay/training/smithsonian_178.jpg","data/CLP_dataset/clp2k/images/training/smithsonian_178.jpg","data/CLP_dataset/clp2k/annotations/training/smithsonian_178.png","","",""
"","training","1104","data/CLP_dataset/clp2k/annotations_overlay/training/smithsonian_179.jpg","data/CLP_dataset/clp2k/images/training/smithsonian_179.jpg","data/CLP_dataset/clp2k/annotations/training/smithsonian_179.png","","",""
"","training","1105","data/CLP_dataset/clp2k/annotations_overlay/training/smithsonian_18.jpg","data/CLP_dataset/clp2k/images/training/smithsonian_18.jpg","data/CLP_dataset/clp2k/annotations/training/smithsonian_18.png","","",""
"","training","1106","data/CLP_dataset/clp2k/annotations_overlay/training/smithsonian_180.jpg","data/CLP_dataset/clp2k/images/training/smithsonian_180.jpg","data/CLP_dataset/clp2k/annotations/training/smithsonian_180.png","","",""
"","training","1107","data/CLP_dataset/clp2k/annotations_overlay/training/smithsonian_181.jpg","data/CLP_dataset/clp2k/images/training/smithsonian_181.jpg","data/CLP_dataset/clp2k/annotations/training/smithsonian_181.png","","",""
"","training","1108","data/CLP_dataset/clp2k/annotations_overlay/training/smithsonian_182.jpg","data/CLP_dataset/clp2k/images/training/smithsonian_182.jpg","data/CLP_dataset/clp2k/annotations/training/smithsonian_182.png","","",""
"","training","1109","data/CLP_dataset/clp2k/annotations_overlay/training/smithsonian_183.jpg","data/CLP_dataset/clp2k/images/training/smithsonian_183.jpg","data/CLP_dataset/clp2k/annotations/training/smithsonian_183.png","","",""
"","training","1110","data/CLP_dataset/clp2k/annotations_overlay/training/smithsonian_184.jpg","data/CLP_dataset/clp2k/images/training/smithsonian_184.jpg","data/CLP_dataset/clp2k/annotations/training/smithsonian_184.png","","",""
"","training","1111","data/CLP_dataset/clp2k/annotations_overlay/training/smithsonian_185.jpg","data/CLP_dataset/clp2k/images/training/smithsonian_185.jpg","data/CLP_dataset/clp2k/annotations/training/smithsonian_185.png","","",""
"","training","1112","data/CLP_dataset/clp2k/annotations_overlay/training/smithsonian_186.jpg","data/CLP_dataset/clp2k/images/training/smithsonian_186.jpg","data/CLP_dataset/clp2k/annotations/training/smithsonian_186.png","","",""
"","training","1113","data/CLP_dataset/clp2k/annotations_overlay/training/smithsonian_187.jpg","data/CLP_dataset/clp2k/images/training/smithsonian_187.jpg","data/CLP_dataset/clp2k/annotations/training/smithsonian_187.png","","",""
"","training","1114","data/CLP_dataset/clp2k/annotations_overlay/training/smithsonian_188.jpg","data/CLP_dataset/clp2k/images/training/smithsonian_188.jpg","data/CLP_dataset/clp2k/annotations/training/smithsonian_188.png","","",""
"","training","1115","data/CLP_dataset/clp2k/annotations_overlay/training/smithsonian_189.jpg","data/CLP_dataset/clp2k/images/training/smithsonian_189.jpg","data/CLP_dataset/clp2k/annotations/training/smithsonian_189.png","","",""
"","training","1116","data/CLP_dataset/clp2k/annotations_overlay/training/smithsonian_19.jpg","data/CLP_dataset/clp2k/images/training/smithsonian_19.jpg","data/CLP_dataset/clp2k/annotations/training/smithsonian_19.png","","",""
"","training","1117","data/CLP_dataset/clp2k/annotations_overlay/training/smithsonian_190.jpg","data/CLP_dataset/clp2k/images/training/smithsonian_190.jpg","data/CLP_dataset/clp2k/annotations/training/smithsonian_190.png","","",""
"","training","1118","data/CLP_dataset/clp2k/annotations_overlay/training/smithsonian_191.jpg","data/CLP_dataset/clp2k/images/training/smithsonian_191.jpg","data/CLP_dataset/clp2k/annotations/training/smithsonian_191.png","","",""
"","training","1119","data/CLP_dataset/clp2k/annotations_overlay/training/smithsonian_192.jpg","data/CLP_dataset/clp2k/images/training/smithsonian_192.jpg","data/CLP_dataset/clp2k/annotations/training/smithsonian_192.png","","",""
"","training","1120","data/CLP_dataset/clp2k/annotations_overlay/training/smithsonian_193.jpg","data/CLP_dataset/clp2k/images/training/smithsonian_193.jpg","data/CLP_dataset/clp2k/annotations/training/smithsonian_193.png","","",""
"","training","1121","data/CLP_dataset/clp2k/annotations_overlay/training/smithsonian_194.jpg","data/CLP_dataset/clp2k/images/training/smithsonian_194.jpg","data/CLP_dataset/clp2k/annotations/training/smithsonian_194.png","","",""
"","training","1122","data/CLP_dataset/clp2k/annotations_overlay/training/smithsonian_195.jpg","data/CLP_dataset/clp2k/images/training/smithsonian_195.jpg","data/CLP_dataset/clp2k/annotations/training/smithsonian_195.png","","",""
"","training","1123","data/CLP_dataset/clp2k/annotations_overlay/training/smithsonian_196.jpg","data/CLP_dataset/clp2k/images/training/smithsonian_196.jpg","data/CLP_dataset/clp2k/annotations/training/smithsonian_196.png","","",""
"","training","1124","data/CLP_dataset/clp2k/annotations_overlay/training/smithsonian_197.jpg","data/CLP_dataset/clp2k/images/training/smithsonian_197.jpg","data/CLP_dataset/clp2k/annotations/training/smithsonian_197.png","","",""
"","training","1125","data/CLP_dataset/clp2k/annotations_overlay/training/smithsonian_198.jpg","data/CLP_dataset/clp2k/images/training/smithsonian_198.jpg","data/CLP_dataset/clp2k/annotations/training/smithsonian_198.png","","",""
"","training","1126","data/CLP_dataset/clp2k/annotations_overlay/training/smithsonian_199.jpg","data/CLP_dataset/clp2k/images/training/smithsonian_199.jpg","data/CLP_dataset/clp2k/annotations/training/smithsonian_199.png","","",""
"","training","1127","data/CLP_dataset/clp2k/annotations_overlay/training/smithsonian_2.jpg","data/CLP_dataset/clp2k/images/training/smithsonian_2.jpg","data/CLP_dataset/clp2k/annotations/training/smithsonian_2.png","","",""
"","training","1128","data/CLP_dataset/clp2k/annotations_overlay/training/smithsonian_20.jpg","data/CLP_dataset/clp2k/images/training/smithsonian_20.jpg","data/CLP_dataset/clp2k/annotations/training/smithsonian_20.png","","",""
"","training","1129","data/CLP_dataset/clp2k/annotations_overlay/training/smithsonian_200.jpg","data/CLP_dataset/clp2k/images/training/smithsonian_200.jpg","data/CLP_dataset/clp2k/annotations/training/smithsonian_200.png","","",""
"","training","1130","data/CLP_dataset/clp2k/annotations_overlay/training/smithsonian_201.jpg","data/CLP_dataset/clp2k/images/training/smithsonian_201.jpg","data/CLP_dataset/clp2k/annotations/training/smithsonian_201.png","","",""
"","training","1131","data/CLP_dataset/clp2k/annotations_overlay/training/smithsonian_202.jpg","data/CLP_dataset/clp2k/images/training/smithsonian_202.jpg","data/CLP_dataset/clp2k/annotations/training/smithsonian_202.png","","",""
"","training","1132","data/CLP_dataset/clp2k/annotations_overlay/training/smithsonian_203.jpg","data/CLP_dataset/clp2k/images/training/smithsonian_203.jpg","data/CLP_dataset/clp2k/annotations/training/smithsonian_203.png","","",""
"","training","1133","data/CLP_dataset/clp2k/annotations_overlay/training/smithsonian_204.jpg","data/CLP_dataset/clp2k/images/training/smithsonian_204.jpg","data/CLP_dataset/clp2k/annotations/training/smithsonian_204.png","","",""
"","training","1134","data/CLP_dataset/clp2k/annotations_overlay/training/smithsonian_205.jpg","data/CLP_dataset/clp2k/images/training/smithsonian_205.jpg","data/CLP_dataset/clp2k/annotations/training/smithsonian_205.png","","",""
"","training","1135","data/CLP_dataset/clp2k/annotations_overlay/training/smithsonian_207.jpg","data/CLP_dataset/clp2k/images/training/smithsonian_207.jpg","data/CLP_dataset/clp2k/annotations/training/smithsonian_207.png","","",""
"","training","1136","data/CLP_dataset/clp2k/annotations_overlay/training/smithsonian_208.jpg","data/CLP_dataset/clp2k/images/training/smithsonian_208.jpg","data/CLP_dataset/clp2k/annotations/training/smithsonian_208.png","","",""
"","training","1137","data/CLP_dataset/clp2k/annotations_overlay/training/smithsonian_209.jpg","data/CLP_dataset/clp2k/images/training/smithsonian_209.jpg","data/CLP_dataset/clp2k/annotations/training/smithsonian_209.png","","",""
"","training","1138","data/CLP_dataset/clp2k/annotations_overlay/training/smithsonian_21.jpg","data/CLP_dataset/clp2k/images/training/smithsonian_21.jpg","data/CLP_dataset/clp2k/annotations/training/smithsonian_21.png","","",""
"","training","1139","data/CLP_dataset/clp2k/annotations_overlay/training/smithsonian_210.jpg","data/CLP_dataset/clp2k/images/training/smithsonian_210.jpg","data/CLP_dataset/clp2k/annotations/training/smithsonian_210.png","","",""
"","training","1140","data/CLP_dataset/clp2k/annotations_overlay/training/smithsonian_211.jpg","data/CLP_dataset/clp2k/images/training/smithsonian_211.jpg","data/CLP_dataset/clp2k/annotations/training/smithsonian_211.png","","",""
"","training","1141","data/CLP_dataset/clp2k/annotations_overlay/training/smithsonian_212.jpg","data/CLP_dataset/clp2k/images/training/smithsonian_212.jpg","data/CLP_dataset/clp2k/annotations/training/smithsonian_212.png","","",""
"","training","1142","data/CLP_dataset/clp2k/annotations_overlay/training/smithsonian_213.jpg","data/CLP_dataset/clp2k/images/training/smithsonian_213.jpg","data/CLP_dataset/clp2k/annotations/training/smithsonian_213.png","","",""
"","training","1143","data/CLP_dataset/clp2k/annotations_overlay/training/smithsonian_214.jpg","data/CLP_dataset/clp2k/images/training/smithsonian_214.jpg","data/CLP_dataset/clp2k/annotations/training/smithsonian_214.png","","",""
"","training","1144","data/CLP_dataset/clp2k/annotations_overlay/training/smithsonian_215.jpg","data/CLP_dataset/clp2k/images/training/smithsonian_215.jpg","data/CLP_dataset/clp2k/annotations/training/smithsonian_215.png","","",""
"","training","1145","data/CLP_dataset/clp2k/annotations_overlay/training/smithsonian_216.jpg","data/CLP_dataset/clp2k/images/training/smithsonian_216.jpg","data/CLP_dataset/clp2k/annotations/training/smithsonian_216.png","","",""
"","training","1146","data/CLP_dataset/clp2k/annotations_overlay/training/smithsonian_217.jpg","data/CLP_dataset/clp2k/images/training/smithsonian_217.jpg","data/CLP_dataset/clp2k/annotations/training/smithsonian_217.png","","",""
"","training","1147","data/CLP_dataset/clp2k/annotations_overlay/training/smithsonian_219.jpg","data/CLP_dataset/clp2k/images/training/smithsonian_219.jpg","data/CLP_dataset/clp2k/annotations/training/smithsonian_219.png","","",""
"","training","1148","data/CLP_dataset/clp2k/annotations_overlay/training/smithsonian_220.jpg","data/CLP_dataset/clp2k/images/training/smithsonian_220.jpg","data/CLP_dataset/clp2k/annotations/training/smithsonian_220.png","","",""
"","training","1149","data/CLP_dataset/clp2k/annotations_overlay/training/smithsonian_221.jpg","data/CLP_dataset/clp2k/images/training/smithsonian_221.jpg","data/CLP_dataset/clp2k/annotations/training/smithsonian_221.png","","",""
"","training","1150","data/CLP_dataset/clp2k/annotations_overlay/training/smithsonian_222.jpg","data/CLP_dataset/clp2k/images/training/smithsonian_222.jpg","data/CLP_dataset/clp2k/annotations/training/smithsonian_222.png","","",""
"","training","1151","data/CLP_dataset/clp2k/annotations_overlay/training/smithsonian_223.jpg","data/CLP_dataset/clp2k/images/training/smithsonian_223.jpg","data/CLP_dataset/clp2k/annotations/training/smithsonian_223.png","","",""
"","training","1152","data/CLP_dataset/clp2k/annotations_overlay/training/smithsonian_224.jpg","data/CLP_dataset/clp2k/images/training/smithsonian_224.jpg","data/CLP_dataset/clp2k/annotations/training/smithsonian_224.png","","",""
"","training","1153","data/CLP_dataset/clp2k/annotations_overlay/training/smithsonian_225.jpg","data/CLP_dataset/clp2k/images/training/smithsonian_225.jpg","data/CLP_dataset/clp2k/annotations/training/smithsonian_225.png","","",""
"","training","1154","data/CLP_dataset/clp2k/annotations_overlay/training/smithsonian_227.jpg","data/CLP_dataset/clp2k/images/training/smithsonian_227.jpg","data/CLP_dataset/clp2k/annotations/training/smithsonian_227.png","","",""
"","training","1155","data/CLP_dataset/clp2k/annotations_overlay/training/smithsonian_228.jpg","data/CLP_dataset/clp2k/images/training/smithsonian_228.jpg","data/CLP_dataset/clp2k/annotations/training/smithsonian_228.png","","",""
"","training","1156","data/CLP_dataset/clp2k/annotations_overlay/training/smithsonian_229.jpg","data/CLP_dataset/clp2k/images/training/smithsonian_229.jpg","data/CLP_dataset/clp2k/annotations/training/smithsonian_229.png","","",""
"","training","1157","data/CLP_dataset/clp2k/annotations_overlay/training/smithsonian_23.jpg","data/CLP_dataset/clp2k/images/training/smithsonian_23.jpg","data/CLP_dataset/clp2k/annotations/training/smithsonian_23.png","","",""
"","training","1158","data/CLP_dataset/clp2k/annotations_overlay/training/smithsonian_230.jpg","data/CLP_dataset/clp2k/images/training/smithsonian_230.jpg","data/CLP_dataset/clp2k/annotations/training/smithsonian_230.png","","",""
"","training","1159","data/CLP_dataset/clp2k/annotations_overlay/training/smithsonian_231.jpg","data/CLP_dataset/clp2k/images/training/smithsonian_231.jpg","data/CLP_dataset/clp2k/annotations/training/smithsonian_231.png","","",""
"","training","1160","data/CLP_dataset/clp2k/annotations_overlay/training/smithsonian_232.jpg","data/CLP_dataset/clp2k/images/training/smithsonian_232.jpg","data/CLP_dataset/clp2k/annotations/training/smithsonian_232.png","","",""
"","training","1161","data/CLP_dataset/clp2k/annotations_overlay/training/smithsonian_233.jpg","data/CLP_dataset/clp2k/images/training/smithsonian_233.jpg","data/CLP_dataset/clp2k/annotations/training/smithsonian_233.png","","",""
"","training","1162","data/CLP_dataset/clp2k/annotations_overlay/training/smithsonian_234.jpg","data/CLP_dataset/clp2k/images/training/smithsonian_234.jpg","data/CLP_dataset/clp2k/annotations/training/smithsonian_234.png","","",""
"","training","1163","data/CLP_dataset/clp2k/annotations_overlay/training/smithsonian_235.jpg","data/CLP_dataset/clp2k/images/training/smithsonian_235.jpg","data/CLP_dataset/clp2k/annotations/training/smithsonian_235.png","","",""
"","training","1164","data/CLP_dataset/clp2k/annotations_overlay/training/smithsonian_236.jpg","data/CLP_dataset/clp2k/images/training/smithsonian_236.jpg","data/CLP_dataset/clp2k/annotations/training/smithsonian_236.png","","",""
"","training","1165","data/CLP_dataset/clp2k/annotations_overlay/training/smithsonian_237.jpg","data/CLP_dataset/clp2k/images/training/smithsonian_237.jpg","data/CLP_dataset/clp2k/annotations/training/smithsonian_237.png","","",""
"","training","1166","data/CLP_dataset/clp2k/annotations_overlay/training/smithsonian_238.jpg","data/CLP_dataset/clp2k/images/training/smithsonian_238.jpg","data/CLP_dataset/clp2k/annotations/training/smithsonian_238.png","","",""
"","training","1167","data/CLP_dataset/clp2k/annotations_overlay/training/smithsonian_24.jpg","data/CLP_dataset/clp2k/images/training/smithsonian_24.jpg","data/CLP_dataset/clp2k/annotations/training/smithsonian_24.png","","",""
"","training","1168","data/CLP_dataset/clp2k/annotations_overlay/training/smithsonian_240.jpg","data/CLP_dataset/clp2k/images/training/smithsonian_240.jpg","data/CLP_dataset/clp2k/annotations/training/smithsonian_240.png","","",""
"","training","1169","data/CLP_dataset/clp2k/annotations_overlay/training/smithsonian_241.jpg","data/CLP_dataset/clp2k/images/training/smithsonian_241.jpg","data/CLP_dataset/clp2k/annotations/training/smithsonian_241.png","","",""
"","training","1170","data/CLP_dataset/clp2k/annotations_overlay/training/smithsonian_242.jpg","data/CLP_dataset/clp2k/images/training/smithsonian_242.jpg","data/CLP_dataset/clp2k/annotations/training/smithsonian_242.png","","",""
"","training","1171","data/CLP_dataset/clp2k/annotations_overlay/training/smithsonian_243.jpg","data/CLP_dataset/clp2k/images/training/smithsonian_243.jpg","data/CLP_dataset/clp2k/annotations/training/smithsonian_243.png","","",""
"","training","1172","data/CLP_dataset/clp2k/annotations_overlay/training/smithsonian_244.jpg","data/CLP_dataset/clp2k/images/training/smithsonian_244.jpg","data/CLP_dataset/clp2k/annotations/training/smithsonian_244.png","","",""
"","training","1173","data/CLP_dataset/clp2k/annotations_overlay/training/smithsonian_245.jpg","data/CLP_dataset/clp2k/images/training/smithsonian_245.jpg","data/CLP_dataset/clp2k/annotations/training/smithsonian_245.png","","",""
"","training","1174","data/CLP_dataset/clp2k/annotations_overlay/training/smithsonian_246.jpg","data/CLP_dataset/clp2k/images/training/smithsonian_246.jpg","data/CLP_dataset/clp2k/annotations/training/smithsonian_246.png","","",""
"","training","1175","data/CLP_dataset/clp2k/annotations_overlay/training/smithsonian_248.jpg","data/CLP_dataset/clp2k/images/training/smithsonian_248.jpg","data/CLP_dataset/clp2k/annotations/training/smithsonian_248.png","","",""
"","training","1176","data/CLP_dataset/clp2k/annotations_overlay/training/smithsonian_249.jpg","data/CLP_dataset/clp2k/images/training/smithsonian_249.jpg","data/CLP_dataset/clp2k/annotations/training/smithsonian_249.png","","",""
"","training","1177","data/CLP_dataset/clp2k/annotations_overlay/training/smithsonian_25.jpg","data/CLP_dataset/clp2k/images/training/smithsonian_25.jpg","data/CLP_dataset/clp2k/annotations/training/smithsonian_25.png","","",""
"","training","1178","data/CLP_dataset/clp2k/annotations_overlay/training/smithsonian_250.jpg","data/CLP_dataset/clp2k/images/training/smithsonian_250.jpg","data/CLP_dataset/clp2k/annotations/training/smithsonian_250.png","","",""
"","training","1179","data/CLP_dataset/clp2k/annotations_overlay/training/smithsonian_251.jpg","data/CLP_dataset/clp2k/images/training/smithsonian_251.jpg","data/CLP_dataset/clp2k/annotations/training/smithsonian_251.png","","",""
"","training","1180","data/CLP_dataset/clp2k/annotations_overlay/training/smithsonian_252.jpg","data/CLP_dataset/clp2k/images/training/smithsonian_252.jpg","data/CLP_dataset/clp2k/annotations/training/smithsonian_252.png","","",""
"","training","1181","data/CLP_dataset/clp2k/annotations_overlay/training/smithsonian_253.jpg","data/CLP_dataset/clp2k/images/training/smithsonian_253.jpg","data/CLP_dataset/clp2k/annotations/training/smithsonian_253.png","","",""
"","training","1182","data/CLP_dataset/clp2k/annotations_overlay/training/smithsonian_254.jpg","data/CLP_dataset/clp2k/images/training/smithsonian_254.jpg","data/CLP_dataset/clp2k/annotations/training/smithsonian_254.png","","",""
"","training","1183","data/CLP_dataset/clp2k/annotations_overlay/training/smithsonian_255.jpg","data/CLP_dataset/clp2k/images/training/smithsonian_255.jpg","data/CLP_dataset/clp2k/annotations/training/smithsonian_255.png","","",""
"","training","1184","data/CLP_dataset/clp2k/annotations_overlay/training/smithsonian_258.jpg","data/CLP_dataset/clp2k/images/training/smithsonian_258.jpg","data/CLP_dataset/clp2k/annotations/training/smithsonian_258.png","","",""
"","training","1185","data/CLP_dataset/clp2k/annotations_overlay/training/smithsonian_259.jpg","data/CLP_dataset/clp2k/images/training/smithsonian_259.jpg","data/CLP_dataset/clp2k/annotations/training/smithsonian_259.png","","",""
"","training","1186","data/CLP_dataset/clp2k/annotations_overlay/training/smithsonian_26.jpg","data/CLP_dataset/clp2k/images/training/smithsonian_26.jpg","data/CLP_dataset/clp2k/annotations/training/smithsonian_26.png","","",""
"","training","1187","data/CLP_dataset/clp2k/annotations_overlay/training/smithsonian_260.jpg","data/CLP_dataset/clp2k/images/training/smithsonian_260.jpg","data/CLP_dataset/clp2k/annotations/training/smithsonian_260.png","","",""
"","training","1188","data/CLP_dataset/clp2k/annotations_overlay/training/smithsonian_261.jpg","data/CLP_dataset/clp2k/images/training/smithsonian_261.jpg","data/CLP_dataset/clp2k/annotations/training/smithsonian_261.png","","",""
"","training","1189","data/CLP_dataset/clp2k/annotations_overlay/training/smithsonian_262.jpg","data/CLP_dataset/clp2k/images/training/smithsonian_262.jpg","data/CLP_dataset/clp2k/annotations/training/smithsonian_262.png","","",""
"","training","1190","data/CLP_dataset/clp2k/annotations_overlay/training/smithsonian_263.jpg","data/CLP_dataset/clp2k/images/training/smithsonian_263.jpg","data/CLP_dataset/clp2k/annotations/training/smithsonian_263.png","","",""
"","training","1191","data/CLP_dataset/clp2k/annotations_overlay/training/smithsonian_264.jpg","data/CLP_dataset/clp2k/images/training/smithsonian_264.jpg","data/CLP_dataset/clp2k/annotations/training/smithsonian_264.png","","",""
"","training","1192","data/CLP_dataset/clp2k/annotations_overlay/training/smithsonian_266.jpg","data/CLP_dataset/clp2k/images/training/smithsonian_266.jpg","data/CLP_dataset/clp2k/annotations/training/smithsonian_266.png","","",""
"","training","1193","data/CLP_dataset/clp2k/annotations_overlay/training/smithsonian_267.jpg","data/CLP_dataset/clp2k/images/training/smithsonian_267.jpg","data/CLP_dataset/clp2k/annotations/training/smithsonian_267.png","","",""
"","training","1194","data/CLP_dataset/clp2k/annotations_overlay/training/smithsonian_268.jpg","data/CLP_dataset/clp2k/images/training/smithsonian_268.jpg","data/CLP_dataset/clp2k/annotations/training/smithsonian_268.png","","",""
"","training","1195","data/CLP_dataset/clp2k/annotations_overlay/training/smithsonian_269.jpg","data/CLP_dataset/clp2k/images/training/smithsonian_269.jpg","data/CLP_dataset/clp2k/annotations/training/smithsonian_269.png","","",""
"","training","1196","data/CLP_dataset/clp2k/annotations_overlay/training/smithsonian_27.jpg","data/CLP_dataset/clp2k/images/training/smithsonian_27.jpg","data/CLP_dataset/clp2k/annotations/training/smithsonian_27.png","","",""
"","training","1197","data/CLP_dataset/clp2k/annotations_overlay/training/smithsonian_270.jpg","data/CLP_dataset/clp2k/images/training/smithsonian_270.jpg","data/CLP_dataset/clp2k/annotations/training/smithsonian_270.png","","",""
"","training","1198","data/CLP_dataset/clp2k/annotations_overlay/training/smithsonian_271.jpg","data/CLP_dataset/clp2k/images/training/smithsonian_271.jpg","data/CLP_dataset/clp2k/annotations/training/smithsonian_271.png","","",""
"","training","1199","data/CLP_dataset/clp2k/annotations_overlay/training/smithsonian_272.jpg","data/CLP_dataset/clp2k/images/training/smithsonian_272.jpg","data/CLP_dataset/clp2k/annotations/training/smithsonian_272.png","","",""
"","training","1200","data/CLP_dataset/clp2k/annotations_overlay/training/smithsonian_273.jpg","data/CLP_dataset/clp2k/images/training/smithsonian_273.jpg","data/CLP_dataset/clp2k/annotations/training/smithsonian_273.png","","",""
"","training","1201","data/CLP_dataset/clp2k/annotations_overlay/training/smithsonian_274.jpg","data/CLP_dataset/clp2k/images/training/smithsonian_274.jpg","data/CLP_dataset/clp2k/annotations/training/smithsonian_274.png","","",""
"","training","1202","data/CLP_dataset/clp2k/annotations_overlay/training/smithsonian_275.jpg","data/CLP_dataset/clp2k/images/training/smithsonian_275.jpg","data/CLP_dataset/clp2k/annotations/training/smithsonian_275.png","","",""
"","training","1203","data/CLP_dataset/clp2k/annotations_overlay/training/smithsonian_276.jpg","data/CLP_dataset/clp2k/images/training/smithsonian_276.jpg","data/CLP_dataset/clp2k/annotations/training/smithsonian_276.png","","",""
"","training","1204","data/CLP_dataset/clp2k/annotations_overlay/training/smithsonian_277.jpg","data/CLP_dataset/clp2k/images/training/smithsonian_277.jpg","data/CLP_dataset/clp2k/annotations/training/smithsonian_277.png","","",""
"","training","1205","data/CLP_dataset/clp2k/annotations_overlay/training/smithsonian_278.jpg","data/CLP_dataset/clp2k/images/training/smithsonian_278.jpg","data/CLP_dataset/clp2k/annotations/training/smithsonian_278.png","","",""
"","training","1206","data/CLP_dataset/clp2k/annotations_overlay/training/smithsonian_279.jpg","data/CLP_dataset/clp2k/images/training/smithsonian_279.jpg","data/CLP_dataset/clp2k/annotations/training/smithsonian_279.png","","",""
"","training","1207","data/CLP_dataset/clp2k/annotations_overlay/training/smithsonian_28.jpg","data/CLP_dataset/clp2k/images/training/smithsonian_28.jpg","data/CLP_dataset/clp2k/annotations/training/smithsonian_28.png","","",""
"","training","1208","data/CLP_dataset/clp2k/annotations_overlay/training/smithsonian_280.jpg","data/CLP_dataset/clp2k/images/training/smithsonian_280.jpg","data/CLP_dataset/clp2k/annotations/training/smithsonian_280.png","","",""
"","training","1209","data/CLP_dataset/clp2k/annotations_overlay/training/smithsonian_281.jpg","data/CLP_dataset/clp2k/images/training/smithsonian_281.jpg","data/CLP_dataset/clp2k/annotations/training/smithsonian_281.png","","",""
"","training","1210","data/CLP_dataset/clp2k/annotations_overlay/training/smithsonian_282.jpg","data/CLP_dataset/clp2k/images/training/smithsonian_282.jpg","data/CLP_dataset/clp2k/annotations/training/smithsonian_282.png","","",""
"","training","1211","data/CLP_dataset/clp2k/annotations_overlay/training/smithsonian_283.jpg","data/CLP_dataset/clp2k/images/training/smithsonian_283.jpg","data/CLP_dataset/clp2k/annotations/training/smithsonian_283.png","","",""
"","training","1212","data/CLP_dataset/clp2k/annotations_overlay/training/smithsonian_284.jpg","data/CLP_dataset/clp2k/images/training/smithsonian_284.jpg","data/CLP_dataset/clp2k/annotations/training/smithsonian_284.png","","",""
"","training","1213","data/CLP_dataset/clp2k/annotations_overlay/training/smithsonian_285.jpg","data/CLP_dataset/clp2k/images/training/smithsonian_285.jpg","data/CLP_dataset/clp2k/annotations/training/smithsonian_285.png","","",""
"","training","1214","data/CLP_dataset/clp2k/annotations_overlay/training/smithsonian_286.jpg","data/CLP_dataset/clp2k/images/training/smithsonian_286.jpg","data/CLP_dataset/clp2k/annotations/training/smithsonian_286.png","","",""
"","training","1215","data/CLP_dataset/clp2k/annotations_overlay/training/smithsonian_287.jpg","data/CLP_dataset/clp2k/images/training/smithsonian_287.jpg","data/CLP_dataset/clp2k/annotations/training/smithsonian_287.png","","",""
"","training","1216","data/CLP_dataset/clp2k/annotations_overlay/training/smithsonian_288.jpg","data/CLP_dataset/clp2k/images/training/smithsonian_288.jpg","data/CLP_dataset/clp2k/annotations/training/smithsonian_288.png","","",""
"","training","1217","data/CLP_dataset/clp2k/annotations_overlay/training/smithsonian_289.jpg","data/CLP_dataset/clp2k/images/training/smithsonian_289.jpg","data/CLP_dataset/clp2k/annotations/training/smithsonian_289.png","","",""
"","training","1218","data/CLP_dataset/clp2k/annotations_overlay/training/smithsonian_29.jpg","data/CLP_dataset/clp2k/images/training/smithsonian_29.jpg","data/CLP_dataset/clp2k/annotations/training/smithsonian_29.png","","",""
"","training","1219","data/CLP_dataset/clp2k/annotations_overlay/training/smithsonian_290.jpg","data/CLP_dataset/clp2k/images/training/smithsonian_290.jpg","data/CLP_dataset/clp2k/annotations/training/smithsonian_290.png","","",""
"","training","1220","data/CLP_dataset/clp2k/annotations_overlay/training/smithsonian_291.jpg","data/CLP_dataset/clp2k/images/training/smithsonian_291.jpg","data/CLP_dataset/clp2k/annotations/training/smithsonian_291.png","","",""
"","training","1221","data/CLP_dataset/clp2k/annotations_overlay/training/smithsonian_292.jpg","data/CLP_dataset/clp2k/images/training/smithsonian_292.jpg","data/CLP_dataset/clp2k/annotations/training/smithsonian_292.png","","",""
"","training","1222","data/CLP_dataset/clp2k/annotations_overlay/training/smithsonian_293.jpg","data/CLP_dataset/clp2k/images/training/smithsonian_293.jpg","data/CLP_dataset/clp2k/annotations/training/smithsonian_293.png","","",""
"","training","1223","data/CLP_dataset/clp2k/annotations_overlay/training/smithsonian_294.jpg","data/CLP_dataset/clp2k/images/training/smithsonian_294.jpg","data/CLP_dataset/clp2k/annotations/training/smithsonian_294.png","","",""
"","training","1224","data/CLP_dataset/clp2k/annotations_overlay/training/smithsonian_295.jpg","data/CLP_dataset/clp2k/images/training/smithsonian_295.jpg","data/CLP_dataset/clp2k/annotations/training/smithsonian_295.png","","",""
"","training","1225","data/CLP_dataset/clp2k/annotations_overlay/training/smithsonian_296.jpg","data/CLP_dataset/clp2k/images/training/smithsonian_296.jpg","data/CLP_dataset/clp2k/annotations/training/smithsonian_296.png","","",""
"","training","1226","data/CLP_dataset/clp2k/annotations_overlay/training/smithsonian_297.jpg","data/CLP_dataset/clp2k/images/training/smithsonian_297.jpg","data/CLP_dataset/clp2k/annotations/training/smithsonian_297.png","","",""
"","training","1227","data/CLP_dataset/clp2k/annotations_overlay/training/smithsonian_298.jpg","data/CLP_dataset/clp2k/images/training/smithsonian_298.jpg","data/CLP_dataset/clp2k/annotations/training/smithsonian_298.png","","",""
"","training","1228","data/CLP_dataset/clp2k/annotations_overlay/training/smithsonian_299.jpg","data/CLP_dataset/clp2k/images/training/smithsonian_299.jpg","data/CLP_dataset/clp2k/annotations/training/smithsonian_299.png","","",""
"","training","1229","data/CLP_dataset/clp2k/annotations_overlay/training/smithsonian_3.jpg","data/CLP_dataset/clp2k/images/training/smithsonian_3.jpg","data/CLP_dataset/clp2k/annotations/training/smithsonian_3.png","","",""
"","training","1230","data/CLP_dataset/clp2k/annotations_overlay/training/smithsonian_30.jpg","data/CLP_dataset/clp2k/images/training/smithsonian_30.jpg","data/CLP_dataset/clp2k/annotations/training/smithsonian_30.png","","",""
"","training","1231","data/CLP_dataset/clp2k/annotations_overlay/training/smithsonian_300.jpg","data/CLP_dataset/clp2k/images/training/smithsonian_300.jpg","data/CLP_dataset/clp2k/annotations/training/smithsonian_300.png","","",""
"","training","1232","data/CLP_dataset/clp2k/annotations_overlay/training/smithsonian_301.jpg","data/CLP_dataset/clp2k/images/training/smithsonian_301.jpg","data/CLP_dataset/clp2k/annotations/training/smithsonian_301.png","","",""
"","training","1233","data/CLP_dataset/clp2k/annotations_overlay/training/smithsonian_302.jpg","data/CLP_dataset/clp2k/images/training/smithsonian_302.jpg","data/CLP_dataset/clp2k/annotations/training/smithsonian_302.png","","",""
"","training","1234","data/CLP_dataset/clp2k/annotations_overlay/training/smithsonian_303.jpg","data/CLP_dataset/clp2k/images/training/smithsonian_303.jpg","data/CLP_dataset/clp2k/annotations/training/smithsonian_303.png","","",""
"","training","1235","data/CLP_dataset/clp2k/annotations_overlay/training/smithsonian_304.jpg","data/CLP_dataset/clp2k/images/training/smithsonian_304.jpg","data/CLP_dataset/clp2k/annotations/training/smithsonian_304.png","","",""
"","training","1236","data/CLP_dataset/clp2k/annotations_overlay/training/smithsonian_305.jpg","data/CLP_dataset/clp2k/images/training/smithsonian_305.jpg","data/CLP_dataset/clp2k/annotations/training/smithsonian_305.png","","",""
"","training","1237","data/CLP_dataset/clp2k/annotations_overlay/training/smithsonian_306.jpg","data/CLP_dataset/clp2k/images/training/smithsonian_306.jpg","data/CLP_dataset/clp2k/annotations/training/smithsonian_306.png","","",""
"","training","1238","data/CLP_dataset/clp2k/annotations_overlay/training/smithsonian_307.jpg","data/CLP_dataset/clp2k/images/training/smithsonian_307.jpg","data/CLP_dataset/clp2k/annotations/training/smithsonian_307.png","","",""
"","training","1239","data/CLP_dataset/clp2k/annotations_overlay/training/smithsonian_308.jpg","data/CLP_dataset/clp2k/images/training/smithsonian_308.jpg","data/CLP_dataset/clp2k/annotations/training/smithsonian_308.png","","",""
"","training","1240","data/CLP_dataset/clp2k/annotations_overlay/training/smithsonian_31.jpg","data/CLP_dataset/clp2k/images/training/smithsonian_31.jpg","data/CLP_dataset/clp2k/annotations/training/smithsonian_31.png","","",""
"","training","1241","data/CLP_dataset/clp2k/annotations_overlay/training/smithsonian_310.jpg","data/CLP_dataset/clp2k/images/training/smithsonian_310.jpg","data/CLP_dataset/clp2k/annotations/training/smithsonian_310.png","","",""
"","training","1242","data/CLP_dataset/clp2k/annotations_overlay/training/smithsonian_311.jpg","data/CLP_dataset/clp2k/images/training/smithsonian_311.jpg","data/CLP_dataset/clp2k/annotations/training/smithsonian_311.png","","",""
"","training","1243","data/CLP_dataset/clp2k/annotations_overlay/training/smithsonian_312.jpg","data/CLP_dataset/clp2k/images/training/smithsonian_312.jpg","data/CLP_dataset/clp2k/annotations/training/smithsonian_312.png","","",""
"","training","1244","data/CLP_dataset/clp2k/annotations_overlay/training/smithsonian_313.jpg","data/CLP_dataset/clp2k/images/training/smithsonian_313.jpg","data/CLP_dataset/clp2k/annotations/training/smithsonian_313.png","","",""
"","training","1245","data/CLP_dataset/clp2k/annotations_overlay/training/smithsonian_314.jpg","data/CLP_dataset/clp2k/images/training/smithsonian_314.jpg","data/CLP_dataset/clp2k/annotations/training/smithsonian_314.png","","",""
"","training","1246","data/CLP_dataset/clp2k/annotations_overlay/training/smithsonian_315.jpg","data/CLP_dataset/clp2k/images/training/smithsonian_315.jpg","data/CLP_dataset/clp2k/annotations/training/smithsonian_315.png","","",""
"","training","1247","data/CLP_dataset/clp2k/annotations_overlay/training/smithsonian_316.jpg","data/CLP_dataset/clp2k/images/training/smithsonian_316.jpg","data/CLP_dataset/clp2k/annotations/training/smithsonian_316.png","","",""
"","training","1248","data/CLP_dataset/clp2k/annotations_overlay/training/smithsonian_317.jpg","data/CLP_dataset/clp2k/images/training/smithsonian_317.jpg","data/CLP_dataset/clp2k/annotations/training/smithsonian_317.png","","",""
"","training","1249","data/CLP_dataset/clp2k/annotations_overlay/training/smithsonian_318.jpg","data/CLP_dataset/clp2k/images/training/smithsonian_318.jpg","data/CLP_dataset/clp2k/annotations/training/smithsonian_318.png","","",""
"","training","1250","data/CLP_dataset/clp2k/annotations_overlay/training/smithsonian_319.jpg","data/CLP_dataset/clp2k/images/training/smithsonian_319.jpg","data/CLP_dataset/clp2k/annotations/training/smithsonian_319.png","","",""
"","training","1251","data/CLP_dataset/clp2k/annotations_overlay/training/smithsonian_32.jpg","data/CLP_dataset/clp2k/images/training/smithsonian_32.jpg","data/CLP_dataset/clp2k/annotations/training/smithsonian_32.png","","",""
"","training","1252","data/CLP_dataset/clp2k/annotations_overlay/training/smithsonian_320.jpg","data/CLP_dataset/clp2k/images/training/smithsonian_320.jpg","data/CLP_dataset/clp2k/annotations/training/smithsonian_320.png","","",""
"","training","1253","data/CLP_dataset/clp2k/annotations_overlay/training/smithsonian_321.jpg","data/CLP_dataset/clp2k/images/training/smithsonian_321.jpg","data/CLP_dataset/clp2k/annotations/training/smithsonian_321.png","","",""
"","training","1254","data/CLP_dataset/clp2k/annotations_overlay/training/smithsonian_322.jpg","data/CLP_dataset/clp2k/images/training/smithsonian_322.jpg","data/CLP_dataset/clp2k/annotations/training/smithsonian_322.png","","",""
"","training","1255","data/CLP_dataset/clp2k/annotations_overlay/training/smithsonian_323.jpg","data/CLP_dataset/clp2k/images/training/smithsonian_323.jpg","data/CLP_dataset/clp2k/annotations/training/smithsonian_323.png","","",""
"","training","1256","data/CLP_dataset/clp2k/annotations_overlay/training/smithsonian_324.jpg","data/CLP_dataset/clp2k/images/training/smithsonian_324.jpg","data/CLP_dataset/clp2k/annotations/training/smithsonian_324.png","","",""
"","training","1257","data/CLP_dataset/clp2k/annotations_overlay/training/smithsonian_325.jpg","data/CLP_dataset/clp2k/images/training/smithsonian_325.jpg","data/CLP_dataset/clp2k/annotations/training/smithsonian_325.png","","",""
"","training","1258","data/CLP_dataset/clp2k/annotations_overlay/training/smithsonian_326.jpg","data/CLP_dataset/clp2k/images/training/smithsonian_326.jpg","data/CLP_dataset/clp2k/annotations/training/smithsonian_326.png","","",""
"","training","1259","data/CLP_dataset/clp2k/annotations_overlay/training/smithsonian_327.jpg","data/CLP_dataset/clp2k/images/training/smithsonian_327.jpg","data/CLP_dataset/clp2k/annotations/training/smithsonian_327.png","","",""
"","training","1260","data/CLP_dataset/clp2k/annotations_overlay/training/smithsonian_328.jpg","data/CLP_dataset/clp2k/images/training/smithsonian_328.jpg","data/CLP_dataset/clp2k/annotations/training/smithsonian_328.png","","",""
"","training","1261","data/CLP_dataset/clp2k/annotations_overlay/training/smithsonian_329.jpg","data/CLP_dataset/clp2k/images/training/smithsonian_329.jpg","data/CLP_dataset/clp2k/annotations/training/smithsonian_329.png","","",""
"","training","1262","data/CLP_dataset/clp2k/annotations_overlay/training/smithsonian_33.jpg","data/CLP_dataset/clp2k/images/training/smithsonian_33.jpg","data/CLP_dataset/clp2k/annotations/training/smithsonian_33.png","","",""
"","training","1263","data/CLP_dataset/clp2k/annotations_overlay/training/smithsonian_330.jpg","data/CLP_dataset/clp2k/images/training/smithsonian_330.jpg","data/CLP_dataset/clp2k/annotations/training/smithsonian_330.png","","",""
"","training","1264","data/CLP_dataset/clp2k/annotations_overlay/training/smithsonian_331.jpg","data/CLP_dataset/clp2k/images/training/smithsonian_331.jpg","data/CLP_dataset/clp2k/annotations/training/smithsonian_331.png","","",""
"","training","1265","data/CLP_dataset/clp2k/annotations_overlay/training/smithsonian_332.jpg","data/CLP_dataset/clp2k/images/training/smithsonian_332.jpg","data/CLP_dataset/clp2k/annotations/training/smithsonian_332.png","","",""
"","training","1266","data/CLP_dataset/clp2k/annotations_overlay/training/smithsonian_333.jpg","data/CLP_dataset/clp2k/images/training/smithsonian_333.jpg","data/CLP_dataset/clp2k/annotations/training/smithsonian_333.png","","",""
"","training","1267","data/CLP_dataset/clp2k/annotations_overlay/training/smithsonian_334.jpg","data/CLP_dataset/clp2k/images/training/smithsonian_334.jpg","data/CLP_dataset/clp2k/annotations/training/smithsonian_334.png","","",""
"","training","1268","data/CLP_dataset/clp2k/annotations_overlay/training/smithsonian_336.jpg","data/CLP_dataset/clp2k/images/training/smithsonian_336.jpg","data/CLP_dataset/clp2k/annotations/training/smithsonian_336.png","","",""
"","training","1269","data/CLP_dataset/clp2k/annotations_overlay/training/smithsonian_337.jpg","data/CLP_dataset/clp2k/images/training/smithsonian_337.jpg","data/CLP_dataset/clp2k/annotations/training/smithsonian_337.png","","",""
"","training","1270","data/CLP_dataset/clp2k/annotations_overlay/training/smithsonian_338.jpg","data/CLP_dataset/clp2k/images/training/smithsonian_338.jpg","data/CLP_dataset/clp2k/annotations/training/smithsonian_338.png","","",""
"","training","1271","data/CLP_dataset/clp2k/annotations_overlay/training/smithsonian_339.jpg","data/CLP_dataset/clp2k/images/training/smithsonian_339.jpg","data/CLP_dataset/clp2k/annotations/training/smithsonian_339.png","","",""
"","training","1272","data/CLP_dataset/clp2k/annotations_overlay/training/smithsonian_34.jpg","data/CLP_dataset/clp2k/images/training/smithsonian_34.jpg","data/CLP_dataset/clp2k/annotations/training/smithsonian_34.png","","",""
"","training","1273","data/CLP_dataset/clp2k/annotations_overlay/training/smithsonian_340.jpg","data/CLP_dataset/clp2k/images/training/smithsonian_340.jpg","data/CLP_dataset/clp2k/annotations/training/smithsonian_340.png","","",""
"","training","1274","data/CLP_dataset/clp2k/annotations_overlay/training/smithsonian_341.jpg","data/CLP_dataset/clp2k/images/training/smithsonian_341.jpg","data/CLP_dataset/clp2k/annotations/training/smithsonian_341.png","","",""
"","training","1275","data/CLP_dataset/clp2k/annotations_overlay/training/smithsonian_342.jpg","data/CLP_dataset/clp2k/images/training/smithsonian_342.jpg","data/CLP_dataset/clp2k/annotations/training/smithsonian_342.png","","",""
"","training","1276","data/CLP_dataset/clp2k/annotations_overlay/training/smithsonian_343.jpg","data/CLP_dataset/clp2k/images/training/smithsonian_343.jpg","data/CLP_dataset/clp2k/annotations/training/smithsonian_343.png","","",""
"","training","1277","data/CLP_dataset/clp2k/annotations_overlay/training/smithsonian_344.jpg","data/CLP_dataset/clp2k/images/training/smithsonian_344.jpg","data/CLP_dataset/clp2k/annotations/training/smithsonian_344.png","","",""
"","training","1278","data/CLP_dataset/clp2k/annotations_overlay/training/smithsonian_345.jpg","data/CLP_dataset/clp2k/images/training/smithsonian_345.jpg","data/CLP_dataset/clp2k/annotations/training/smithsonian_345.png","","",""
"","training","1279","data/CLP_dataset/clp2k/annotations_overlay/training/smithsonian_346.jpg","data/CLP_dataset/clp2k/images/training/smithsonian_346.jpg","data/CLP_dataset/clp2k/annotations/training/smithsonian_346.png","","",""
"","training","1280","data/CLP_dataset/clp2k/annotations_overlay/training/smithsonian_347.jpg","data/CLP_dataset/clp2k/images/training/smithsonian_347.jpg","data/CLP_dataset/clp2k/annotations/training/smithsonian_347.png","","",""
"","training","1281","data/CLP_dataset/clp2k/annotations_overlay/training/smithsonian_348.jpg","data/CLP_dataset/clp2k/images/training/smithsonian_348.jpg","data/CLP_dataset/clp2k/annotations/training/smithsonian_348.png","","",""
"","training","1282","data/CLP_dataset/clp2k/annotations_overlay/training/smithsonian_349.jpg","data/CLP_dataset/clp2k/images/training/smithsonian_349.jpg","data/CLP_dataset/clp2k/annotations/training/smithsonian_349.png","","",""
"","training","1283","data/CLP_dataset/clp2k/annotations_overlay/training/smithsonian_35.jpg","data/CLP_dataset/clp2k/images/training/smithsonian_35.jpg","data/CLP_dataset/clp2k/annotations/training/smithsonian_35.png","","",""
"","training","1284","data/CLP_dataset/clp2k/annotations_overlay/training/smithsonian_350.jpg","data/CLP_dataset/clp2k/images/training/smithsonian_350.jpg","data/CLP_dataset/clp2k/annotations/training/smithsonian_350.png","","",""
"","training","1285","data/CLP_dataset/clp2k/annotations_overlay/training/smithsonian_351.jpg","data/CLP_dataset/clp2k/images/training/smithsonian_351.jpg","data/CLP_dataset/clp2k/annotations/training/smithsonian_351.png","","",""
"","training","1286","data/CLP_dataset/clp2k/annotations_overlay/training/smithsonian_352.jpg","data/CLP_dataset/clp2k/images/training/smithsonian_352.jpg","data/CLP_dataset/clp2k/annotations/training/smithsonian_352.png","","",""
"","training","1287","data/CLP_dataset/clp2k/annotations_overlay/training/smithsonian_353.jpg","data/CLP_dataset/clp2k/images/training/smithsonian_353.jpg","data/CLP_dataset/clp2k/annotations/training/smithsonian_353.png","","",""
"","training","1288","data/CLP_dataset/clp2k/annotations_overlay/training/smithsonian_355.jpg","data/CLP_dataset/clp2k/images/training/smithsonian_355.jpg","data/CLP_dataset/clp2k/annotations/training/smithsonian_355.png","","",""
"","training","1289","data/CLP_dataset/clp2k/annotations_overlay/training/smithsonian_356.jpg","data/CLP_dataset/clp2k/images/training/smithsonian_356.jpg","data/CLP_dataset/clp2k/annotations/training/smithsonian_356.png","","",""
"","training","1290","data/CLP_dataset/clp2k/annotations_overlay/training/smithsonian_357.jpg","data/CLP_dataset/clp2k/images/training/smithsonian_357.jpg","data/CLP_dataset/clp2k/annotations/training/smithsonian_357.png","","",""
"","training","1291","data/CLP_dataset/clp2k/annotations_overlay/training/smithsonian_359.jpg","data/CLP_dataset/clp2k/images/training/smithsonian_359.jpg","data/CLP_dataset/clp2k/annotations/training/smithsonian_359.png","","",""
"","training","1292","data/CLP_dataset/clp2k/annotations_overlay/training/smithsonian_36.jpg","data/CLP_dataset/clp2k/images/training/smithsonian_36.jpg","data/CLP_dataset/clp2k/annotations/training/smithsonian_36.png","","",""
"","training","1293","data/CLP_dataset/clp2k/annotations_overlay/training/smithsonian_360.jpg","data/CLP_dataset/clp2k/images/training/smithsonian_360.jpg","data/CLP_dataset/clp2k/annotations/training/smithsonian_360.png","","",""
"","training","1294","data/CLP_dataset/clp2k/annotations_overlay/training/smithsonian_361.jpg","data/CLP_dataset/clp2k/images/training/smithsonian_361.jpg","data/CLP_dataset/clp2k/annotations/training/smithsonian_361.png","","",""
"","training","1295","data/CLP_dataset/clp2k/annotations_overlay/training/smithsonian_363.jpg","data/CLP_dataset/clp2k/images/training/smithsonian_363.jpg","data/CLP_dataset/clp2k/annotations/training/smithsonian_363.png","","",""
"","training","1296","data/CLP_dataset/clp2k/annotations_overlay/training/smithsonian_364.jpg","data/CLP_dataset/clp2k/images/training/smithsonian_364.jpg","data/CLP_dataset/clp2k/annotations/training/smithsonian_364.png","","",""
"","training","1297","data/CLP_dataset/clp2k/annotations_overlay/training/smithsonian_365.jpg","data/CLP_dataset/clp2k/images/training/smithsonian_365.jpg","data/CLP_dataset/clp2k/annotations/training/smithsonian_365.png","","",""
"","training","1298","data/CLP_dataset/clp2k/annotations_overlay/training/smithsonian_366.jpg","data/CLP_dataset/clp2k/images/training/smithsonian_366.jpg","data/CLP_dataset/clp2k/annotations/training/smithsonian_366.png","","",""
"","training","1299","data/CLP_dataset/clp2k/annotations_overlay/training/smithsonian_367.jpg","data/CLP_dataset/clp2k/images/training/smithsonian_367.jpg","data/CLP_dataset/clp2k/annotations/training/smithsonian_367.png","","",""
"","training","1300","data/CLP_dataset/clp2k/annotations_overlay/training/smithsonian_368.jpg","data/CLP_dataset/clp2k/images/training/smithsonian_368.jpg","data/CLP_dataset/clp2k/annotations/training/smithsonian_368.png","","",""
"","training","1301","data/CLP_dataset/clp2k/annotations_overlay/training/smithsonian_369.jpg","data/CLP_dataset/clp2k/images/training/smithsonian_369.jpg","data/CLP_dataset/clp2k/annotations/training/smithsonian_369.png","","",""
"","training","1302","data/CLP_dataset/clp2k/annotations_overlay/training/smithsonian_37.jpg","data/CLP_dataset/clp2k/images/training/smithsonian_37.jpg","data/CLP_dataset/clp2k/annotations/training/smithsonian_37.png","","",""
"","training","1303","data/CLP_dataset/clp2k/annotations_overlay/training/smithsonian_370.jpg","data/CLP_dataset/clp2k/images/training/smithsonian_370.jpg","data/CLP_dataset/clp2k/annotations/training/smithsonian_370.png","","",""
"","training","1304","data/CLP_dataset/clp2k/annotations_overlay/training/smithsonian_371.jpg","data/CLP_dataset/clp2k/images/training/smithsonian_371.jpg","data/CLP_dataset/clp2k/annotations/training/smithsonian_371.png","","",""
"","training","1305","data/CLP_dataset/clp2k/annotations_overlay/training/smithsonian_372.jpg","data/CLP_dataset/clp2k/images/training/smithsonian_372.jpg","data/CLP_dataset/clp2k/annotations/training/smithsonian_372.png","","",""
"","training","1306","data/CLP_dataset/clp2k/annotations_overlay/training/smithsonian_373.jpg","data/CLP_dataset/clp2k/images/training/smithsonian_373.jpg","data/CLP_dataset/clp2k/annotations/training/smithsonian_373.png","","",""
"","training","1307","data/CLP_dataset/clp2k/annotations_overlay/training/smithsonian_374.jpg","data/CLP_dataset/clp2k/images/training/smithsonian_374.jpg","data/CLP_dataset/clp2k/annotations/training/smithsonian_374.png","","",""
"","training","1308","data/CLP_dataset/clp2k/annotations_overlay/training/smithsonian_375.jpg","data/CLP_dataset/clp2k/images/training/smithsonian_375.jpg","data/CLP_dataset/clp2k/annotations/training/smithsonian_375.png","","",""
"","training","1309","data/CLP_dataset/clp2k/annotations_overlay/training/smithsonian_376.jpg","data/CLP_dataset/clp2k/images/training/smithsonian_376.jpg","data/CLP_dataset/clp2k/annotations/training/smithsonian_376.png","","",""
"","training","1310","data/CLP_dataset/clp2k/annotations_overlay/training/smithsonian_378.jpg","data/CLP_dataset/clp2k/images/training/smithsonian_378.jpg","data/CLP_dataset/clp2k/annotations/training/smithsonian_378.png","","",""
"","training","1311","data/CLP_dataset/clp2k/annotations_overlay/training/smithsonian_379.jpg","data/CLP_dataset/clp2k/images/training/smithsonian_379.jpg","data/CLP_dataset/clp2k/annotations/training/smithsonian_379.png","","",""
"","training","1312","data/CLP_dataset/clp2k/annotations_overlay/training/smithsonian_38.jpg","data/CLP_dataset/clp2k/images/training/smithsonian_38.jpg","data/CLP_dataset/clp2k/annotations/training/smithsonian_38.png","","",""
"","training","1313","data/CLP_dataset/clp2k/annotations_overlay/training/smithsonian_380.jpg","data/CLP_dataset/clp2k/images/training/smithsonian_380.jpg","data/CLP_dataset/clp2k/annotations/training/smithsonian_380.png","","",""
"","training","1314","data/CLP_dataset/clp2k/annotations_overlay/training/smithsonian_381.jpg","data/CLP_dataset/clp2k/images/training/smithsonian_381.jpg","data/CLP_dataset/clp2k/annotations/training/smithsonian_381.png","","",""
"","training","1315","data/CLP_dataset/clp2k/annotations_overlay/training/smithsonian_382.jpg","data/CLP_dataset/clp2k/images/training/smithsonian_382.jpg","data/CLP_dataset/clp2k/annotations/training/smithsonian_382.png","","",""
"","training","1316","data/CLP_dataset/clp2k/annotations_overlay/training/smithsonian_384.jpg","data/CLP_dataset/clp2k/images/training/smithsonian_384.jpg","data/CLP_dataset/clp2k/annotations/training/smithsonian_384.png","","",""
"","training","1317","data/CLP_dataset/clp2k/annotations_overlay/training/smithsonian_385.jpg","data/CLP_dataset/clp2k/images/training/smithsonian_385.jpg","data/CLP_dataset/clp2k/annotations/training/smithsonian_385.png","","",""
"","training","1318","data/CLP_dataset/clp2k/annotations_overlay/training/smithsonian_386.jpg","data/CLP_dataset/clp2k/images/training/smithsonian_386.jpg","data/CLP_dataset/clp2k/annotations/training/smithsonian_386.png","","",""
"","training","1319","data/CLP_dataset/clp2k/annotations_overlay/training/smithsonian_387.jpg","data/CLP_dataset/clp2k/images/training/smithsonian_387.jpg","data/CLP_dataset/clp2k/annotations/training/smithsonian_387.png","","",""
"","training","1320","data/CLP_dataset/clp2k/annotations_overlay/training/smithsonian_388.jpg","data/CLP_dataset/clp2k/images/training/smithsonian_388.jpg","data/CLP_dataset/clp2k/annotations/training/smithsonian_388.png","","",""
"","training","1321","data/CLP_dataset/clp2k/annotations_overlay/training/smithsonian_389.jpg","data/CLP_dataset/clp2k/images/training/smithsonian_389.jpg","data/CLP_dataset/clp2k/annotations/training/smithsonian_389.png","","",""
"","training","1322","data/CLP_dataset/clp2k/annotations_overlay/training/smithsonian_39.jpg","data/CLP_dataset/clp2k/images/training/smithsonian_39.jpg","data/CLP_dataset/clp2k/annotations/training/smithsonian_39.png","","",""
"","training","1323","data/CLP_dataset/clp2k/annotations_overlay/training/smithsonian_390.jpg","data/CLP_dataset/clp2k/images/training/smithsonian_390.jpg","data/CLP_dataset/clp2k/annotations/training/smithsonian_390.png","","",""
"","training","1324","data/CLP_dataset/clp2k/annotations_overlay/training/smithsonian_391.jpg","data/CLP_dataset/clp2k/images/training/smithsonian_391.jpg","data/CLP_dataset/clp2k/annotations/training/smithsonian_391.png","","",""
"","training","1325","data/CLP_dataset/clp2k/annotations_overlay/training/smithsonian_392.jpg","data/CLP_dataset/clp2k/images/training/smithsonian_392.jpg","data/CLP_dataset/clp2k/annotations/training/smithsonian_392.png","","",""
"","training","1326","data/CLP_dataset/clp2k/annotations_overlay/training/smithsonian_393.jpg","data/CLP_dataset/clp2k/images/training/smithsonian_393.jpg","data/CLP_dataset/clp2k/annotations/training/smithsonian_393.png","","",""
"","training","1327","data/CLP_dataset/clp2k/annotations_overlay/training/smithsonian_394.jpg","data/CLP_dataset/clp2k/images/training/smithsonian_394.jpg","data/CLP_dataset/clp2k/annotations/training/smithsonian_394.png","","",""
"","training","1328","data/CLP_dataset/clp2k/annotations_overlay/training/smithsonian_395.jpg","data/CLP_dataset/clp2k/images/training/smithsonian_395.jpg","data/CLP_dataset/clp2k/annotations/training/smithsonian_395.png","","",""
"","training","1329","data/CLP_dataset/clp2k/annotations_overlay/training/smithsonian_396.jpg","data/CLP_dataset/clp2k/images/training/smithsonian_396.jpg","data/CLP_dataset/clp2k/annotations/training/smithsonian_396.png","","",""
"","training","1330","data/CLP_dataset/clp2k/annotations_overlay/training/smithsonian_397.jpg","data/CLP_dataset/clp2k/images/training/smithsonian_397.jpg","data/CLP_dataset/clp2k/annotations/training/smithsonian_397.png","","",""
"","training","1331","data/CLP_dataset/clp2k/annotations_overlay/training/smithsonian_398.jpg","data/CLP_dataset/clp2k/images/training/smithsonian_398.jpg","data/CLP_dataset/clp2k/annotations/training/smithsonian_398.png","","",""
"","training","1332","data/CLP_dataset/clp2k/annotations_overlay/training/smithsonian_399.jpg","data/CLP_dataset/clp2k/images/training/smithsonian_399.jpg","data/CLP_dataset/clp2k/annotations/training/smithsonian_399.png","","",""
"","training","1333","data/CLP_dataset/clp2k/annotations_overlay/training/smithsonian_4.jpg","data/CLP_dataset/clp2k/images/training/smithsonian_4.jpg","data/CLP_dataset/clp2k/annotations/training/smithsonian_4.png","","",""
"","training","1334","data/CLP_dataset/clp2k/annotations_overlay/training/smithsonian_40.jpg","data/CLP_dataset/clp2k/images/training/smithsonian_40.jpg","data/CLP_dataset/clp2k/annotations/training/smithsonian_40.png","","",""
"","training","1335","data/CLP_dataset/clp2k/annotations_overlay/training/smithsonian_400.jpg","data/CLP_dataset/clp2k/images/training/smithsonian_400.jpg","data/CLP_dataset/clp2k/annotations/training/smithsonian_400.png","","",""
"","training","1336","data/CLP_dataset/clp2k/annotations_overlay/training/smithsonian_401.jpg","data/CLP_dataset/clp2k/images/training/smithsonian_401.jpg","data/CLP_dataset/clp2k/annotations/training/smithsonian_401.png","","",""
"","training","1337","data/CLP_dataset/clp2k/annotations_overlay/training/smithsonian_402.jpg","data/CLP_dataset/clp2k/images/training/smithsonian_402.jpg","data/CLP_dataset/clp2k/annotations/training/smithsonian_402.png","","",""
"","training","1338","data/CLP_dataset/clp2k/annotations_overlay/training/smithsonian_403.jpg","data/CLP_dataset/clp2k/images/training/smithsonian_403.jpg","data/CLP_dataset/clp2k/annotations/training/smithsonian_403.png","","",""
"","training","1339","data/CLP_dataset/clp2k/annotations_overlay/training/smithsonian_406.jpg","data/CLP_dataset/clp2k/images/training/smithsonian_406.jpg","data/CLP_dataset/clp2k/annotations/training/smithsonian_406.png","","",""
"","training","1340","data/CLP_dataset/clp2k/annotations_overlay/training/smithsonian_407.jpg","data/CLP_dataset/clp2k/images/training/smithsonian_407.jpg","data/CLP_dataset/clp2k/annotations/training/smithsonian_407.png","","",""
"","training","1341","data/CLP_dataset/clp2k/annotations_overlay/training/smithsonian_408.jpg","data/CLP_dataset/clp2k/images/training/smithsonian_408.jpg","data/CLP_dataset/clp2k/annotations/training/smithsonian_408.png","","",""
"","training","1342","data/CLP_dataset/clp2k/annotations_overlay/training/smithsonian_409.jpg","data/CLP_dataset/clp2k/images/training/smithsonian_409.jpg","data/CLP_dataset/clp2k/annotations/training/smithsonian_409.png","","",""
"","training","1343","data/CLP_dataset/clp2k/annotations_overlay/training/smithsonian_41.jpg","data/CLP_dataset/clp2k/images/training/smithsonian_41.jpg","data/CLP_dataset/clp2k/annotations/training/smithsonian_41.png","","",""
"","training","1344","data/CLP_dataset/clp2k/annotations_overlay/training/smithsonian_410.jpg","data/CLP_dataset/clp2k/images/training/smithsonian_410.jpg","data/CLP_dataset/clp2k/annotations/training/smithsonian_410.png","","",""
"","training","1345","data/CLP_dataset/clp2k/annotations_overlay/training/smithsonian_411.jpg","data/CLP_dataset/clp2k/images/training/smithsonian_411.jpg","data/CLP_dataset/clp2k/annotations/training/smithsonian_411.png","","",""
"","training","1346","data/CLP_dataset/clp2k/annotations_overlay/training/smithsonian_412.jpg","data/CLP_dataset/clp2k/images/training/smithsonian_412.jpg","data/CLP_dataset/clp2k/annotations/training/smithsonian_412.png","","",""
"","training","1347","data/CLP_dataset/clp2k/annotations_overlay/training/smithsonian_413.jpg","data/CLP_dataset/clp2k/images/training/smithsonian_413.jpg","data/CLP_dataset/clp2k/annotations/training/smithsonian_413.png","","",""
"","training","1348","data/CLP_dataset/clp2k/annotations_overlay/training/smithsonian_414.jpg","data/CLP_dataset/clp2k/images/training/smithsonian_414.jpg","data/CLP_dataset/clp2k/annotations/training/smithsonian_414.png","","",""
"","training","1349","data/CLP_dataset/clp2k/annotations_overlay/training/smithsonian_415.jpg","data/CLP_dataset/clp2k/images/training/smithsonian_415.jpg","data/CLP_dataset/clp2k/annotations/training/smithsonian_415.png","","",""
"","training","1350","data/CLP_dataset/clp2k/annotations_overlay/training/smithsonian_416.jpg","data/CLP_dataset/clp2k/images/training/smithsonian_416.jpg","data/CLP_dataset/clp2k/annotations/training/smithsonian_416.png","","",""
"","training","1351","data/CLP_dataset/clp2k/annotations_overlay/training/smithsonian_417.jpg","data/CLP_dataset/clp2k/images/training/smithsonian_417.jpg","data/CLP_dataset/clp2k/annotations/training/smithsonian_417.png","","",""
"","training","1352","data/CLP_dataset/clp2k/annotations_overlay/training/smithsonian_418.jpg","data/CLP_dataset/clp2k/images/training/smithsonian_418.jpg","data/CLP_dataset/clp2k/annotations/training/smithsonian_418.png","","",""
"","training","1353","data/CLP_dataset/clp2k/annotations_overlay/training/smithsonian_419.jpg","data/CLP_dataset/clp2k/images/training/smithsonian_419.jpg","data/CLP_dataset/clp2k/annotations/training/smithsonian_419.png","","",""
"","training","1354","data/CLP_dataset/clp2k/annotations_overlay/training/smithsonian_42.jpg","data/CLP_dataset/clp2k/images/training/smithsonian_42.jpg","data/CLP_dataset/clp2k/annotations/training/smithsonian_42.png","","",""
"","training","1355","data/CLP_dataset/clp2k/annotations_overlay/training/smithsonian_421.jpg","data/CLP_dataset/clp2k/images/training/smithsonian_421.jpg","data/CLP_dataset/clp2k/annotations/training/smithsonian_421.png","","",""
"","training","1356","data/CLP_dataset/clp2k/annotations_overlay/training/smithsonian_422.jpg","data/CLP_dataset/clp2k/images/training/smithsonian_422.jpg","data/CLP_dataset/clp2k/annotations/training/smithsonian_422.png","","",""
"","training","1357","data/CLP_dataset/clp2k/annotations_overlay/training/smithsonian_423.jpg","data/CLP_dataset/clp2k/images/training/smithsonian_423.jpg","data/CLP_dataset/clp2k/annotations/training/smithsonian_423.png","","",""
"","training","1358","data/CLP_dataset/clp2k/annotations_overlay/training/smithsonian_424.jpg","data/CLP_dataset/clp2k/images/training/smithsonian_424.jpg","data/CLP_dataset/clp2k/annotations/training/smithsonian_424.png","","",""
"","training","1359","data/CLP_dataset/clp2k/annotations_overlay/training/smithsonian_425.jpg","data/CLP_dataset/clp2k/images/training/smithsonian_425.jpg","data/CLP_dataset/clp2k/annotations/training/smithsonian_425.png","","",""
"","training","1360","data/CLP_dataset/clp2k/annotations_overlay/training/smithsonian_426.jpg","data/CLP_dataset/clp2k/images/training/smithsonian_426.jpg","data/CLP_dataset/clp2k/annotations/training/smithsonian_426.png","","",""
"","training","1361","data/CLP_dataset/clp2k/annotations_overlay/training/smithsonian_427.jpg","data/CLP_dataset/clp2k/images/training/smithsonian_427.jpg","data/CLP_dataset/clp2k/annotations/training/smithsonian_427.png","","",""
"","training","1362","data/CLP_dataset/clp2k/annotations_overlay/training/smithsonian_429.jpg","data/CLP_dataset/clp2k/images/training/smithsonian_429.jpg","data/CLP_dataset/clp2k/annotations/training/smithsonian_429.png","","",""
"","training","1363","data/CLP_dataset/clp2k/annotations_overlay/training/smithsonian_430.jpg","data/CLP_dataset/clp2k/images/training/smithsonian_430.jpg","data/CLP_dataset/clp2k/annotations/training/smithsonian_430.png","","",""
"","training","1364","data/CLP_dataset/clp2k/annotations_overlay/training/smithsonian_431.jpg","data/CLP_dataset/clp2k/images/training/smithsonian_431.jpg","data/CLP_dataset/clp2k/annotations/training/smithsonian_431.png","","",""
"","training","1365","data/CLP_dataset/clp2k/annotations_overlay/training/smithsonian_432.jpg","data/CLP_dataset/clp2k/images/training/smithsonian_432.jpg","data/CLP_dataset/clp2k/annotations/training/smithsonian_432.png","","",""
"","training","1366","data/CLP_dataset/clp2k/annotations_overlay/training/smithsonian_433.jpg","data/CLP_dataset/clp2k/images/training/smithsonian_433.jpg","data/CLP_dataset/clp2k/annotations/training/smithsonian_433.png","","",""
"","training","1367","data/CLP_dataset/clp2k/annotations_overlay/training/smithsonian_434.jpg","data/CLP_dataset/clp2k/images/training/smithsonian_434.jpg","data/CLP_dataset/clp2k/annotations/training/smithsonian_434.png","","",""
"","training","1368","data/CLP_dataset/clp2k/annotations_overlay/training/smithsonian_435.jpg","data/CLP_dataset/clp2k/images/training/smithsonian_435.jpg","data/CLP_dataset/clp2k/annotations/training/smithsonian_435.png","","",""
"","training","1369","data/CLP_dataset/clp2k/annotations_overlay/training/smithsonian_436.jpg","data/CLP_dataset/clp2k/images/training/smithsonian_436.jpg","data/CLP_dataset/clp2k/annotations/training/smithsonian_436.png","","",""
"","training","1370","data/CLP_dataset/clp2k/annotations_overlay/training/smithsonian_437.jpg","data/CLP_dataset/clp2k/images/training/smithsonian_437.jpg","data/CLP_dataset/clp2k/annotations/training/smithsonian_437.png","","",""
"","training","1371","data/CLP_dataset/clp2k/annotations_overlay/training/smithsonian_438.jpg","data/CLP_dataset/clp2k/images/training/smithsonian_438.jpg","data/CLP_dataset/clp2k/annotations/training/smithsonian_438.png","","",""
"","training","1372","data/CLP_dataset/clp2k/annotations_overlay/training/smithsonian_439.jpg","data/CLP_dataset/clp2k/images/training/smithsonian_439.jpg","data/CLP_dataset/clp2k/annotations/training/smithsonian_439.png","","",""
"","training","1373","data/CLP_dataset/clp2k/annotations_overlay/training/smithsonian_44.jpg","data/CLP_dataset/clp2k/images/training/smithsonian_44.jpg","data/CLP_dataset/clp2k/annotations/training/smithsonian_44.png","","",""
"","training","1374","data/CLP_dataset/clp2k/annotations_overlay/training/smithsonian_440.jpg","data/CLP_dataset/clp2k/images/training/smithsonian_440.jpg","data/CLP_dataset/clp2k/annotations/training/smithsonian_440.png","","",""
"","training","1375","data/CLP_dataset/clp2k/annotations_overlay/training/smithsonian_441.jpg","data/CLP_dataset/clp2k/images/training/smithsonian_441.jpg","data/CLP_dataset/clp2k/annotations/training/smithsonian_441.png","","",""
"","training","1376","data/CLP_dataset/clp2k/annotations_overlay/training/smithsonian_442.jpg","data/CLP_dataset/clp2k/images/training/smithsonian_442.jpg","data/CLP_dataset/clp2k/annotations/training/smithsonian_442.png","","",""
"","training","1377","data/CLP_dataset/clp2k/annotations_overlay/training/smithsonian_443.jpg","data/CLP_dataset/clp2k/images/training/smithsonian_443.jpg","data/CLP_dataset/clp2k/annotations/training/smithsonian_443.png","","",""
"","training","1378","data/CLP_dataset/clp2k/annotations_overlay/training/smithsonian_445.jpg","data/CLP_dataset/clp2k/images/training/smithsonian_445.jpg","data/CLP_dataset/clp2k/annotations/training/smithsonian_445.png","","",""
"","training","1379","data/CLP_dataset/clp2k/annotations_overlay/training/smithsonian_447.jpg","data/CLP_dataset/clp2k/images/training/smithsonian_447.jpg","data/CLP_dataset/clp2k/annotations/training/smithsonian_447.png","","",""
"","training","1380","data/CLP_dataset/clp2k/annotations_overlay/training/smithsonian_448.jpg","data/CLP_dataset/clp2k/images/training/smithsonian_448.jpg","data/CLP_dataset/clp2k/annotations/training/smithsonian_448.png","","",""
"","training","1381","data/CLP_dataset/clp2k/annotations_overlay/training/smithsonian_449.jpg","data/CLP_dataset/clp2k/images/training/smithsonian_449.jpg","data/CLP_dataset/clp2k/annotations/training/smithsonian_449.png","","",""
"","training","1382","data/CLP_dataset/clp2k/annotations_overlay/training/smithsonian_450.jpg","data/CLP_dataset/clp2k/images/training/smithsonian_450.jpg","data/CLP_dataset/clp2k/annotations/training/smithsonian_450.png","","",""
"","training","1383","data/CLP_dataset/clp2k/annotations_overlay/training/smithsonian_451.jpg","data/CLP_dataset/clp2k/images/training/smithsonian_451.jpg","data/CLP_dataset/clp2k/annotations/training/smithsonian_451.png","","",""
"","training","1384","data/CLP_dataset/clp2k/annotations_overlay/training/smithsonian_452.jpg","data/CLP_dataset/clp2k/images/training/smithsonian_452.jpg","data/CLP_dataset/clp2k/annotations/training/smithsonian_452.png","","",""
"","training","1385","data/CLP_dataset/clp2k/annotations_overlay/training/smithsonian_453.jpg","data/CLP_dataset/clp2k/images/training/smithsonian_453.jpg","data/CLP_dataset/clp2k/annotations/training/smithsonian_453.png","","",""
"","training","1386","data/CLP_dataset/clp2k/annotations_overlay/training/smithsonian_454.jpg","data/CLP_dataset/clp2k/images/training/smithsonian_454.jpg","data/CLP_dataset/clp2k/annotations/training/smithsonian_454.png","","",""
"","training","1387","data/CLP_dataset/clp2k/annotations_overlay/training/smithsonian_455.jpg","data/CLP_dataset/clp2k/images/training/smithsonian_455.jpg","data/CLP_dataset/clp2k/annotations/training/smithsonian_455.png","","",""
"","training","1388","data/CLP_dataset/clp2k/annotations_overlay/training/smithsonian_456.jpg","data/CLP_dataset/clp2k/images/training/smithsonian_456.jpg","data/CLP_dataset/clp2k/annotations/training/smithsonian_456.png","","",""
"","training","1389","data/CLP_dataset/clp2k/annotations_overlay/training/smithsonian_457.jpg","data/CLP_dataset/clp2k/images/training/smithsonian_457.jpg","data/CLP_dataset/clp2k/annotations/training/smithsonian_457.png","","",""
"","training","1390","data/CLP_dataset/clp2k/annotations_overlay/training/smithsonian_458.jpg","data/CLP_dataset/clp2k/images/training/smithsonian_458.jpg","data/CLP_dataset/clp2k/annotations/training/smithsonian_458.png","","",""
"","training","1391","data/CLP_dataset/clp2k/annotations_overlay/training/smithsonian_459.jpg","data/CLP_dataset/clp2k/images/training/smithsonian_459.jpg","data/CLP_dataset/clp2k/annotations/training/smithsonian_459.png","","",""
"","training","1392","data/CLP_dataset/clp2k/annotations_overlay/training/smithsonian_46.jpg","data/CLP_dataset/clp2k/images/training/smithsonian_46.jpg","data/CLP_dataset/clp2k/annotations/training/smithsonian_46.png","","",""
"","training","1393","data/CLP_dataset/clp2k/annotations_overlay/training/smithsonian_460.jpg","data/CLP_dataset/clp2k/images/training/smithsonian_460.jpg","data/CLP_dataset/clp2k/annotations/training/smithsonian_460.png","","",""
"","training","1394","data/CLP_dataset/clp2k/annotations_overlay/training/smithsonian_461.jpg","data/CLP_dataset/clp2k/images/training/smithsonian_461.jpg","data/CLP_dataset/clp2k/annotations/training/smithsonian_461.png","","",""
"","training","1395","data/CLP_dataset/clp2k/annotations_overlay/training/smithsonian_462.jpg","data/CLP_dataset/clp2k/images/training/smithsonian_462.jpg","data/CLP_dataset/clp2k/annotations/training/smithsonian_462.png","","",""
"","training","1396","data/CLP_dataset/clp2k/annotations_overlay/training/smithsonian_463.jpg","data/CLP_dataset/clp2k/images/training/smithsonian_463.jpg","data/CLP_dataset/clp2k/annotations/training/smithsonian_463.png","","",""
"","training","1397","data/CLP_dataset/clp2k/annotations_overlay/training/smithsonian_464.jpg","data/CLP_dataset/clp2k/images/training/smithsonian_464.jpg","data/CLP_dataset/clp2k/annotations/training/smithsonian_464.png","","",""
"","training","1398","data/CLP_dataset/clp2k/annotations_overlay/training/smithsonian_465.jpg","data/CLP_dataset/clp2k/images/training/smithsonian_465.jpg","data/CLP_dataset/clp2k/annotations/training/smithsonian_465.png","","",""
"","training","1399","data/CLP_dataset/clp2k/annotations_overlay/training/smithsonian_467.jpg","data/CLP_dataset/clp2k/images/training/smithsonian_467.jpg","data/CLP_dataset/clp2k/annotations/training/smithsonian_467.png","","",""
"","training","1400","data/CLP_dataset/clp2k/annotations_overlay/training/smithsonian_468.jpg","data/CLP_dataset/clp2k/images/training/smithsonian_468.jpg","data/CLP_dataset/clp2k/annotations/training/smithsonian_468.png","","",""
"","training","1401","data/CLP_dataset/clp2k/annotations_overlay/training/smithsonian_469.jpg","data/CLP_dataset/clp2k/images/training/smithsonian_469.jpg","data/CLP_dataset/clp2k/annotations/training/smithsonian_469.png","","",""
"","training","1402","data/CLP_dataset/clp2k/annotations_overlay/training/smithsonian_47.jpg","data/CLP_dataset/clp2k/images/training/smithsonian_47.jpg","data/CLP_dataset/clp2k/annotations/training/smithsonian_47.png","","",""
"","training","1403","data/CLP_dataset/clp2k/annotations_overlay/training/smithsonian_470.jpg","data/CLP_dataset/clp2k/images/training/smithsonian_470.jpg","data/CLP_dataset/clp2k/annotations/training/smithsonian_470.png","","",""
"","training","1404","data/CLP_dataset/clp2k/annotations_overlay/training/smithsonian_471.jpg","data/CLP_dataset/clp2k/images/training/smithsonian_471.jpg","data/CLP_dataset/clp2k/annotations/training/smithsonian_471.png","","",""
"","training","1405","data/CLP_dataset/clp2k/annotations_overlay/training/smithsonian_472.jpg","data/CLP_dataset/clp2k/images/training/smithsonian_472.jpg","data/CLP_dataset/clp2k/annotations/training/smithsonian_472.png","","",""
"","training","1406","data/CLP_dataset/clp2k/annotations_overlay/training/smithsonian_474.jpg","data/CLP_dataset/clp2k/images/training/smithsonian_474.jpg","data/CLP_dataset/clp2k/annotations/training/smithsonian_474.png","","",""
"","training","1407","data/CLP_dataset/clp2k/annotations_overlay/training/smithsonian_475.jpg","data/CLP_dataset/clp2k/images/training/smithsonian_475.jpg","data/CLP_dataset/clp2k/annotations/training/smithsonian_475.png","","",""
"","training","1408","data/CLP_dataset/clp2k/annotations_overlay/training/smithsonian_476.jpg","data/CLP_dataset/clp2k/images/training/smithsonian_476.jpg","data/CLP_dataset/clp2k/annotations/training/smithsonian_476.png","","",""
"","training","1409","data/CLP_dataset/clp2k/annotations_overlay/training/smithsonian_477.jpg","data/CLP_dataset/clp2k/images/training/smithsonian_477.jpg","data/CLP_dataset/clp2k/annotations/training/smithsonian_477.png","","",""
"","training","1410","data/CLP_dataset/clp2k/annotations_overlay/training/smithsonian_478.jpg","data/CLP_dataset/clp2k/images/training/smithsonian_478.jpg","data/CLP_dataset/clp2k/annotations/training/smithsonian_478.png","","",""
"","training","1411","data/CLP_dataset/clp2k/annotations_overlay/training/smithsonian_479.jpg","data/CLP_dataset/clp2k/images/training/smithsonian_479.jpg","data/CLP_dataset/clp2k/annotations/training/smithsonian_479.png","","",""
"","training","1412","data/CLP_dataset/clp2k/annotations_overlay/training/smithsonian_48.jpg","data/CLP_dataset/clp2k/images/training/smithsonian_48.jpg","data/CLP_dataset/clp2k/annotations/training/smithsonian_48.png","","",""
"","training","1413","data/CLP_dataset/clp2k/annotations_overlay/training/smithsonian_481.jpg","data/CLP_dataset/clp2k/images/training/smithsonian_481.jpg","data/CLP_dataset/clp2k/annotations/training/smithsonian_481.png","","",""
"","training","1414","data/CLP_dataset/clp2k/annotations_overlay/training/smithsonian_482.jpg","data/CLP_dataset/clp2k/images/training/smithsonian_482.jpg","data/CLP_dataset/clp2k/annotations/training/smithsonian_482.png","","",""
"","training","1415","data/CLP_dataset/clp2k/annotations_overlay/training/smithsonian_484.jpg","data/CLP_dataset/clp2k/images/training/smithsonian_484.jpg","data/CLP_dataset/clp2k/annotations/training/smithsonian_484.png","","",""
"","training","1416","data/CLP_dataset/clp2k/annotations_overlay/training/smithsonian_485.jpg","data/CLP_dataset/clp2k/images/training/smithsonian_485.jpg","data/CLP_dataset/clp2k/annotations/training/smithsonian_485.png","","",""
"","training","1417","data/CLP_dataset/clp2k/annotations_overlay/training/smithsonian_486.jpg","data/CLP_dataset/clp2k/images/training/smithsonian_486.jpg","data/CLP_dataset/clp2k/annotations/training/smithsonian_486.png","","",""
"","training","1418","data/CLP_dataset/clp2k/annotations_overlay/training/smithsonian_487.jpg","data/CLP_dataset/clp2k/images/training/smithsonian_487.jpg","data/CLP_dataset/clp2k/annotations/training/smithsonian_487.png","","",""
"","training","1419","data/CLP_dataset/clp2k/annotations_overlay/training/smithsonian_488.jpg","data/CLP_dataset/clp2k/images/training/smithsonian_488.jpg","data/CLP_dataset/clp2k/annotations/training/smithsonian_488.png","","",""
"","training","1420","data/CLP_dataset/clp2k/annotations_overlay/training/smithsonian_489.jpg","data/CLP_dataset/clp2k/images/training/smithsonian_489.jpg","data/CLP_dataset/clp2k/annotations/training/smithsonian_489.png","","",""
"","training","1421","data/CLP_dataset/clp2k/annotations_overlay/training/smithsonian_49.jpg","data/CLP_dataset/clp2k/images/training/smithsonian_49.jpg","data/CLP_dataset/clp2k/annotations/training/smithsonian_49.png","","",""
"","training","1422","data/CLP_dataset/clp2k/annotations_overlay/training/smithsonian_490.jpg","data/CLP_dataset/clp2k/images/training/smithsonian_490.jpg","data/CLP_dataset/clp2k/annotations/training/smithsonian_490.png","","",""
"","training","1423","data/CLP_dataset/clp2k/annotations_overlay/training/smithsonian_491.jpg","data/CLP_dataset/clp2k/images/training/smithsonian_491.jpg","data/CLP_dataset/clp2k/annotations/training/smithsonian_491.png","","",""
"","training","1424","data/CLP_dataset/clp2k/annotations_overlay/training/smithsonian_493.jpg","data/CLP_dataset/clp2k/images/training/smithsonian_493.jpg","data/CLP_dataset/clp2k/annotations/training/smithsonian_493.png","","",""
"","training","1425","data/CLP_dataset/clp2k/annotations_overlay/training/smithsonian_494.jpg","data/CLP_dataset/clp2k/images/training/smithsonian_494.jpg","data/CLP_dataset/clp2k/annotations/training/smithsonian_494.png","","",""
"","training","1426","data/CLP_dataset/clp2k/annotations_overlay/training/smithsonian_495.jpg","data/CLP_dataset/clp2k/images/training/smithsonian_495.jpg","data/CLP_dataset/clp2k/annotations/training/smithsonian_495.png","","",""
"","training","1427","data/CLP_dataset/clp2k/annotations_overlay/training/smithsonian_496.jpg","data/CLP_dataset/clp2k/images/training/smithsonian_496.jpg","data/CLP_dataset/clp2k/annotations/training/smithsonian_496.png","","",""
"","training","1428","data/CLP_dataset/clp2k/annotations_overlay/training/smithsonian_497.jpg","data/CLP_dataset/clp2k/images/training/smithsonian_497.jpg","data/CLP_dataset/clp2k/annotations/training/smithsonian_497.png","","",""
"","training","1429","data/CLP_dataset/clp2k/annotations_overlay/training/smithsonian_498.jpg","data/CLP_dataset/clp2k/images/training/smithsonian_498.jpg","data/CLP_dataset/clp2k/annotations/training/smithsonian_498.png","","",""
"","training","1430","data/CLP_dataset/clp2k/annotations_overlay/training/smithsonian_499.jpg","data/CLP_dataset/clp2k/images/training/smithsonian_499.jpg","data/CLP_dataset/clp2k/annotations/training/smithsonian_499.png","","",""
"","training","1431","data/CLP_dataset/clp2k/annotations_overlay/training/smithsonian_5.jpg","data/CLP_dataset/clp2k/images/training/smithsonian_5.jpg","data/CLP_dataset/clp2k/annotations/training/smithsonian_5.png","","",""
"","training","1432","data/CLP_dataset/clp2k/annotations_overlay/training/smithsonian_50.jpg","data/CLP_dataset/clp2k/images/training/smithsonian_50.jpg","data/CLP_dataset/clp2k/annotations/training/smithsonian_50.png","","",""
"","training","1433","data/CLP_dataset/clp2k/annotations_overlay/training/smithsonian_500.jpg","data/CLP_dataset/clp2k/images/training/smithsonian_500.jpg","data/CLP_dataset/clp2k/annotations/training/smithsonian_500.png","","",""
"","training","1434","data/CLP_dataset/clp2k/annotations_overlay/training/smithsonian_501.jpg","data/CLP_dataset/clp2k/images/training/smithsonian_501.jpg","data/CLP_dataset/clp2k/annotations/training/smithsonian_501.png","","",""
"","training","1435","data/CLP_dataset/clp2k/annotations_overlay/training/smithsonian_502.jpg","data/CLP_dataset/clp2k/images/training/smithsonian_502.jpg","data/CLP_dataset/clp2k/annotations/training/smithsonian_502.png","","",""
"","training","1436","data/CLP_dataset/clp2k/annotations_overlay/training/smithsonian_503.jpg","data/CLP_dataset/clp2k/images/training/smithsonian_503.jpg","data/CLP_dataset/clp2k/annotations/training/smithsonian_503.png","","",""
"","training","1437","data/CLP_dataset/clp2k/annotations_overlay/training/smithsonian_504.jpg","data/CLP_dataset/clp2k/images/training/smithsonian_504.jpg","data/CLP_dataset/clp2k/annotations/training/smithsonian_504.png","","",""
"","training","1438","data/CLP_dataset/clp2k/annotations_overlay/training/smithsonian_505.jpg","data/CLP_dataset/clp2k/images/training/smithsonian_505.jpg","data/CLP_dataset/clp2k/annotations/training/smithsonian_505.png","","",""
"","training","1439","data/CLP_dataset/clp2k/annotations_overlay/training/smithsonian_506.jpg","data/CLP_dataset/clp2k/images/training/smithsonian_506.jpg","data/CLP_dataset/clp2k/annotations/training/smithsonian_506.png","","",""
"","training","1440","data/CLP_dataset/clp2k/annotations_overlay/training/smithsonian_507.jpg","data/CLP_dataset/clp2k/images/training/smithsonian_507.jpg","data/CLP_dataset/clp2k/annotations/training/smithsonian_507.png","","",""
"","training","1441","data/CLP_dataset/clp2k/annotations_overlay/training/smithsonian_508.jpg","data/CLP_dataset/clp2k/images/training/smithsonian_508.jpg","data/CLP_dataset/clp2k/annotations/training/smithsonian_508.png","","",""
"","training","1442","data/CLP_dataset/clp2k/annotations_overlay/training/smithsonian_509.jpg","data/CLP_dataset/clp2k/images/training/smithsonian_509.jpg","data/CLP_dataset/clp2k/annotations/training/smithsonian_509.png","","",""
"","training","1443","data/CLP_dataset/clp2k/annotations_overlay/training/smithsonian_51.jpg","data/CLP_dataset/clp2k/images/training/smithsonian_51.jpg","data/CLP_dataset/clp2k/annotations/training/smithsonian_51.png","","",""
"","training","1444","data/CLP_dataset/clp2k/annotations_overlay/training/smithsonian_510.jpg","data/CLP_dataset/clp2k/images/training/smithsonian_510.jpg","data/CLP_dataset/clp2k/annotations/training/smithsonian_510.png","","",""
"","training","1445","data/CLP_dataset/clp2k/annotations_overlay/training/smithsonian_511.jpg","data/CLP_dataset/clp2k/images/training/smithsonian_511.jpg","data/CLP_dataset/clp2k/annotations/training/smithsonian_511.png","","",""
"","training","1446","data/CLP_dataset/clp2k/annotations_overlay/training/smithsonian_512.jpg","data/CLP_dataset/clp2k/images/training/smithsonian_512.jpg","data/CLP_dataset/clp2k/annotations/training/smithsonian_512.png","","",""
"","training","1447","data/CLP_dataset/clp2k/annotations_overlay/training/smithsonian_514.jpg","data/CLP_dataset/clp2k/images/training/smithsonian_514.jpg","data/CLP_dataset/clp2k/annotations/training/smithsonian_514.png","","",""
"","training","1448","data/CLP_dataset/clp2k/annotations_overlay/training/smithsonian_515.jpg","data/CLP_dataset/clp2k/images/training/smithsonian_515.jpg","data/CLP_dataset/clp2k/annotations/training/smithsonian_515.png","","",""
"","training","1449","data/CLP_dataset/clp2k/annotations_overlay/training/smithsonian_516.jpg","data/CLP_dataset/clp2k/images/training/smithsonian_516.jpg","data/CLP_dataset/clp2k/annotations/training/smithsonian_516.png","","",""
"","training","1450","data/CLP_dataset/clp2k/annotations_overlay/training/smithsonian_517.jpg","data/CLP_dataset/clp2k/images/training/smithsonian_517.jpg","data/CLP_dataset/clp2k/annotations/training/smithsonian_517.png","","",""
"","training","1451","data/CLP_dataset/clp2k/annotations_overlay/training/smithsonian_518.jpg","data/CLP_dataset/clp2k/images/training/smithsonian_518.jpg","data/CLP_dataset/clp2k/annotations/training/smithsonian_518.png","","",""
"","training","1452","data/CLP_dataset/clp2k/annotations_overlay/training/smithsonian_519.jpg","data/CLP_dataset/clp2k/images/training/smithsonian_519.jpg","data/CLP_dataset/clp2k/annotations/training/smithsonian_519.png","","",""
"","training","1453","data/CLP_dataset/clp2k/annotations_overlay/training/smithsonian_52.jpg","data/CLP_dataset/clp2k/images/training/smithsonian_52.jpg","data/CLP_dataset/clp2k/annotations/training/smithsonian_52.png","","",""
"","training","1454","data/CLP_dataset/clp2k/annotations_overlay/training/smithsonian_520.jpg","data/CLP_dataset/clp2k/images/training/smithsonian_520.jpg","data/CLP_dataset/clp2k/annotations/training/smithsonian_520.png","","",""
"","training","1455","data/CLP_dataset/clp2k/annotations_overlay/training/smithsonian_521.jpg","data/CLP_dataset/clp2k/images/training/smithsonian_521.jpg","data/CLP_dataset/clp2k/annotations/training/smithsonian_521.png","","",""
"","training","1456","data/CLP_dataset/clp2k/annotations_overlay/training/smithsonian_522.jpg","data/CLP_dataset/clp2k/images/training/smithsonian_522.jpg","data/CLP_dataset/clp2k/annotations/training/smithsonian_522.png","","",""
"","training","1457","data/CLP_dataset/clp2k/annotations_overlay/training/smithsonian_524.jpg","data/CLP_dataset/clp2k/images/training/smithsonian_524.jpg","data/CLP_dataset/clp2k/annotations/training/smithsonian_524.png","","",""
"","training","1458","data/CLP_dataset/clp2k/annotations_overlay/training/smithsonian_525.jpg","data/CLP_dataset/clp2k/images/training/smithsonian_525.jpg","data/CLP_dataset/clp2k/annotations/training/smithsonian_525.png","","",""
"","training","1459","data/CLP_dataset/clp2k/annotations_overlay/training/smithsonian_526.jpg","data/CLP_dataset/clp2k/images/training/smithsonian_526.jpg","data/CLP_dataset/clp2k/annotations/training/smithsonian_526.png","","",""
"","training","1460","data/CLP_dataset/clp2k/annotations_overlay/training/smithsonian_527.jpg","data/CLP_dataset/clp2k/images/training/smithsonian_527.jpg","data/CLP_dataset/clp2k/annotations/training/smithsonian_527.png","","",""
"","training","1461","data/CLP_dataset/clp2k/annotations_overlay/training/smithsonian_528.jpg","data/CLP_dataset/clp2k/images/training/smithsonian_528.jpg","data/CLP_dataset/clp2k/annotations/training/smithsonian_528.png","","",""
"","training","1462","data/CLP_dataset/clp2k/annotations_overlay/training/smithsonian_529.jpg","data/CLP_dataset/clp2k/images/training/smithsonian_529.jpg","data/CLP_dataset/clp2k/annotations/training/smithsonian_529.png","","",""
"","training","1463","data/CLP_dataset/clp2k/annotations_overlay/training/smithsonian_53.jpg","data/CLP_dataset/clp2k/images/training/smithsonian_53.jpg","data/CLP_dataset/clp2k/annotations/training/smithsonian_53.png","","",""
"","training","1464","data/CLP_dataset/clp2k/annotations_overlay/training/smithsonian_530.jpg","data/CLP_dataset/clp2k/images/training/smithsonian_530.jpg","data/CLP_dataset/clp2k/annotations/training/smithsonian_530.png","","",""
"","training","1465","data/CLP_dataset/clp2k/annotations_overlay/training/smithsonian_531.jpg","data/CLP_dataset/clp2k/images/training/smithsonian_531.jpg","data/CLP_dataset/clp2k/annotations/training/smithsonian_531.png","","",""
"","training","1466","data/CLP_dataset/clp2k/annotations_overlay/training/smithsonian_532.jpg","data/CLP_dataset/clp2k/images/training/smithsonian_532.jpg","data/CLP_dataset/clp2k/annotations/training/smithsonian_532.png","","",""
"","training","1467","data/CLP_dataset/clp2k/annotations_overlay/training/smithsonian_533.jpg","data/CLP_dataset/clp2k/images/training/smithsonian_533.jpg","data/CLP_dataset/clp2k/annotations/training/smithsonian_533.png","","",""
"","training","1468","data/CLP_dataset/clp2k/annotations_overlay/training/smithsonian_535.jpg","data/CLP_dataset/clp2k/images/training/smithsonian_535.jpg","data/CLP_dataset/clp2k/annotations/training/smithsonian_535.png","","",""
"","training","1469","data/CLP_dataset/clp2k/annotations_overlay/training/smithsonian_536.jpg","data/CLP_dataset/clp2k/images/training/smithsonian_536.jpg","data/CLP_dataset/clp2k/annotations/training/smithsonian_536.png","","",""
"","training","1470","data/CLP_dataset/clp2k/annotations_overlay/training/smithsonian_537.jpg","data/CLP_dataset/clp2k/images/training/smithsonian_537.jpg","data/CLP_dataset/clp2k/annotations/training/smithsonian_537.png","","",""
"","training","1471","data/CLP_dataset/clp2k/annotations_overlay/training/smithsonian_538.jpg","data/CLP_dataset/clp2k/images/training/smithsonian_538.jpg","data/CLP_dataset/clp2k/annotations/training/smithsonian_538.png","","",""
"","training","1472","data/CLP_dataset/clp2k/annotations_overlay/training/smithsonian_539.jpg","data/CLP_dataset/clp2k/images/training/smithsonian_539.jpg","data/CLP_dataset/clp2k/annotations/training/smithsonian_539.png","","",""
"","training","1473","data/CLP_dataset/clp2k/annotations_overlay/training/smithsonian_54.jpg","data/CLP_dataset/clp2k/images/training/smithsonian_54.jpg","data/CLP_dataset/clp2k/annotations/training/smithsonian_54.png","","",""
"","training","1474","data/CLP_dataset/clp2k/annotations_overlay/training/smithsonian_540.jpg","data/CLP_dataset/clp2k/images/training/smithsonian_540.jpg","data/CLP_dataset/clp2k/annotations/training/smithsonian_540.png","","",""
"","training","1475","data/CLP_dataset/clp2k/annotations_overlay/training/smithsonian_541.jpg","data/CLP_dataset/clp2k/images/training/smithsonian_541.jpg","data/CLP_dataset/clp2k/annotations/training/smithsonian_541.png","","",""
"","training","1476","data/CLP_dataset/clp2k/annotations_overlay/training/smithsonian_542.jpg","data/CLP_dataset/clp2k/images/training/smithsonian_542.jpg","data/CLP_dataset/clp2k/annotations/training/smithsonian_542.png","","",""
"","training","1477","data/CLP_dataset/clp2k/annotations_overlay/training/smithsonian_543.jpg","data/CLP_dataset/clp2k/images/training/smithsonian_543.jpg","data/CLP_dataset/clp2k/annotations/training/smithsonian_543.png","","",""
"","training","1478","data/CLP_dataset/clp2k/annotations_overlay/training/smithsonian_544.jpg","data/CLP_dataset/clp2k/images/training/smithsonian_544.jpg","data/CLP_dataset/clp2k/annotations/training/smithsonian_544.png","","",""
"","training","1479","data/CLP_dataset/clp2k/annotations_overlay/training/smithsonian_545.jpg","data/CLP_dataset/clp2k/images/training/smithsonian_545.jpg","data/CLP_dataset/clp2k/annotations/training/smithsonian_545.png","","",""
"","training","1480","data/CLP_dataset/clp2k/annotations_overlay/training/smithsonian_546.jpg","data/CLP_dataset/clp2k/images/training/smithsonian_546.jpg","data/CLP_dataset/clp2k/annotations/training/smithsonian_546.png","","",""
"","training","1481","data/CLP_dataset/clp2k/annotations_overlay/training/smithsonian_547.jpg","data/CLP_dataset/clp2k/images/training/smithsonian_547.jpg","data/CLP_dataset/clp2k/annotations/training/smithsonian_547.png","","",""
"","training","1482","data/CLP_dataset/clp2k/annotations_overlay/training/smithsonian_548.jpg","data/CLP_dataset/clp2k/images/training/smithsonian_548.jpg","data/CLP_dataset/clp2k/annotations/training/smithsonian_548.png","","",""
"","training","1483","data/CLP_dataset/clp2k/annotations_overlay/training/smithsonian_549.jpg","data/CLP_dataset/clp2k/images/training/smithsonian_549.jpg","data/CLP_dataset/clp2k/annotations/training/smithsonian_549.png","","",""
"","training","1484","data/CLP_dataset/clp2k/annotations_overlay/training/smithsonian_55.jpg","data/CLP_dataset/clp2k/images/training/smithsonian_55.jpg","data/CLP_dataset/clp2k/annotations/training/smithsonian_55.png","","",""
"","training","1485","data/CLP_dataset/clp2k/annotations_overlay/training/smithsonian_550.jpg","data/CLP_dataset/clp2k/images/training/smithsonian_550.jpg","data/CLP_dataset/clp2k/annotations/training/smithsonian_550.png","","",""
"","training","1486","data/CLP_dataset/clp2k/annotations_overlay/training/smithsonian_551.jpg","data/CLP_dataset/clp2k/images/training/smithsonian_551.jpg","data/CLP_dataset/clp2k/annotations/training/smithsonian_551.png","","",""
"","training","1487","data/CLP_dataset/clp2k/annotations_overlay/training/smithsonian_553.jpg","data/CLP_dataset/clp2k/images/training/smithsonian_553.jpg","data/CLP_dataset/clp2k/annotations/training/smithsonian_553.png","","",""
"","training","1488","data/CLP_dataset/clp2k/annotations_overlay/training/smithsonian_554.jpg","data/CLP_dataset/clp2k/images/training/smithsonian_554.jpg","data/CLP_dataset/clp2k/annotations/training/smithsonian_554.png","","",""
"","training","1489","data/CLP_dataset/clp2k/annotations_overlay/training/smithsonian_555.jpg","data/CLP_dataset/clp2k/images/training/smithsonian_555.jpg","data/CLP_dataset/clp2k/annotations/training/smithsonian_555.png","","",""
"","training","1490","data/CLP_dataset/clp2k/annotations_overlay/training/smithsonian_556.jpg","data/CLP_dataset/clp2k/images/training/smithsonian_556.jpg","data/CLP_dataset/clp2k/annotations/training/smithsonian_556.png","","",""
"","training","1491","data/CLP_dataset/clp2k/annotations_overlay/training/smithsonian_557.jpg","data/CLP_dataset/clp2k/images/training/smithsonian_557.jpg","data/CLP_dataset/clp2k/annotations/training/smithsonian_557.png","","",""
"","training","1492","data/CLP_dataset/clp2k/annotations_overlay/training/smithsonian_558.jpg","data/CLP_dataset/clp2k/images/training/smithsonian_558.jpg","data/CLP_dataset/clp2k/annotations/training/smithsonian_558.png","","",""
"","training","1493","data/CLP_dataset/clp2k/annotations_overlay/training/smithsonian_559.jpg","data/CLP_dataset/clp2k/images/training/smithsonian_559.jpg","data/CLP_dataset/clp2k/annotations/training/smithsonian_559.png","","",""
"","training","1494","data/CLP_dataset/clp2k/annotations_overlay/training/smithsonian_56.jpg","data/CLP_dataset/clp2k/images/training/smithsonian_56.jpg","data/CLP_dataset/clp2k/annotations/training/smithsonian_56.png","","",""
"","training","1495","data/CLP_dataset/clp2k/annotations_overlay/training/smithsonian_560.jpg","data/CLP_dataset/clp2k/images/training/smithsonian_560.jpg","data/CLP_dataset/clp2k/annotations/training/smithsonian_560.png","","",""
"","training","1496","data/CLP_dataset/clp2k/annotations_overlay/training/smithsonian_561.jpg","data/CLP_dataset/clp2k/images/training/smithsonian_561.jpg","data/CLP_dataset/clp2k/annotations/training/smithsonian_561.png","","",""
"","training","1497","data/CLP_dataset/clp2k/annotations_overlay/training/smithsonian_562.jpg","data/CLP_dataset/clp2k/images/training/smithsonian_562.jpg","data/CLP_dataset/clp2k/annotations/training/smithsonian_562.png","","",""
"","training","1498","data/CLP_dataset/clp2k/annotations_overlay/training/smithsonian_563.jpg","data/CLP_dataset/clp2k/images/training/smithsonian_563.jpg","data/CLP_dataset/clp2k/annotations/training/smithsonian_563.png","","",""
"","training","1499","data/CLP_dataset/clp2k/annotations_overlay/training/smithsonian_564.jpg","data/CLP_dataset/clp2k/images/training/smithsonian_564.jpg","data/CLP_dataset/clp2k/annotations/training/smithsonian_564.png","","",""
"","training","1500","data/CLP_dataset/clp2k/annotations_overlay/training/smithsonian_565.jpg","data/CLP_dataset/clp2k/images/training/smithsonian_565.jpg","data/CLP_dataset/clp2k/annotations/training/smithsonian_565.png","","",""
"","training","1501","data/CLP_dataset/clp2k/annotations_overlay/training/smithsonian_566.jpg","data/CLP_dataset/clp2k/images/training/smithsonian_566.jpg","data/CLP_dataset/clp2k/annotations/training/smithsonian_566.png","","",""
"","training","1502","data/CLP_dataset/clp2k/annotations_overlay/training/smithsonian_567.jpg","data/CLP_dataset/clp2k/images/training/smithsonian_567.jpg","data/CLP_dataset/clp2k/annotations/training/smithsonian_567.png","","",""
"","training","1503","data/CLP_dataset/clp2k/annotations_overlay/training/smithsonian_568.jpg","data/CLP_dataset/clp2k/images/training/smithsonian_568.jpg","data/CLP_dataset/clp2k/annotations/training/smithsonian_568.png","","",""
"","training","1504","data/CLP_dataset/clp2k/annotations_overlay/training/smithsonian_569.jpg","data/CLP_dataset/clp2k/images/training/smithsonian_569.jpg","data/CLP_dataset/clp2k/annotations/training/smithsonian_569.png","","",""
"","training","1505","data/CLP_dataset/clp2k/annotations_overlay/training/smithsonian_57.jpg","data/CLP_dataset/clp2k/images/training/smithsonian_57.jpg","data/CLP_dataset/clp2k/annotations/training/smithsonian_57.png","","",""
"","training","1506","data/CLP_dataset/clp2k/annotations_overlay/training/smithsonian_570.jpg","data/CLP_dataset/clp2k/images/training/smithsonian_570.jpg","data/CLP_dataset/clp2k/annotations/training/smithsonian_570.png","","",""
"","training","1507","data/CLP_dataset/clp2k/annotations_overlay/training/smithsonian_571.jpg","data/CLP_dataset/clp2k/images/training/smithsonian_571.jpg","data/CLP_dataset/clp2k/annotations/training/smithsonian_571.png","","",""
"","training","1508","data/CLP_dataset/clp2k/annotations_overlay/training/smithsonian_572.jpg","data/CLP_dataset/clp2k/images/training/smithsonian_572.jpg","data/CLP_dataset/clp2k/annotations/training/smithsonian_572.png","","",""
"","training","1509","data/CLP_dataset/clp2k/annotations_overlay/training/smithsonian_574.jpg","data/CLP_dataset/clp2k/images/training/smithsonian_574.jpg","data/CLP_dataset/clp2k/annotations/training/smithsonian_574.png","","",""
"","training","1510","data/CLP_dataset/clp2k/annotations_overlay/training/smithsonian_575.jpg","data/CLP_dataset/clp2k/images/training/smithsonian_575.jpg","data/CLP_dataset/clp2k/annotations/training/smithsonian_575.png","","",""
"","training","1511","data/CLP_dataset/clp2k/annotations_overlay/training/smithsonian_576.jpg","data/CLP_dataset/clp2k/images/training/smithsonian_576.jpg","data/CLP_dataset/clp2k/annotations/training/smithsonian_576.png","","",""
"","training","1512","data/CLP_dataset/clp2k/annotations_overlay/training/smithsonian_579.jpg","data/CLP_dataset/clp2k/images/training/smithsonian_579.jpg","data/CLP_dataset/clp2k/annotations/training/smithsonian_579.png","","",""
"","training","1513","data/CLP_dataset/clp2k/annotations_overlay/training/smithsonian_58.jpg","data/CLP_dataset/clp2k/images/training/smithsonian_58.jpg","data/CLP_dataset/clp2k/annotations/training/smithsonian_58.png","","",""
"","training","1514","data/CLP_dataset/clp2k/annotations_overlay/training/smithsonian_580.jpg","data/CLP_dataset/clp2k/images/training/smithsonian_580.jpg","data/CLP_dataset/clp2k/annotations/training/smithsonian_580.png","","",""
"","training","1515","data/CLP_dataset/clp2k/annotations_overlay/training/smithsonian_581.jpg","data/CLP_dataset/clp2k/images/training/smithsonian_581.jpg","data/CLP_dataset/clp2k/annotations/training/smithsonian_581.png","","",""
"","training","1516","data/CLP_dataset/clp2k/annotations_overlay/training/smithsonian_582.jpg","data/CLP_dataset/clp2k/images/training/smithsonian_582.jpg","data/CLP_dataset/clp2k/annotations/training/smithsonian_582.png","","",""
"","training","1517","data/CLP_dataset/clp2k/annotations_overlay/training/smithsonian_583.jpg","data/CLP_dataset/clp2k/images/training/smithsonian_583.jpg","data/CLP_dataset/clp2k/annotations/training/smithsonian_583.png","","",""
"","training","1518","data/CLP_dataset/clp2k/annotations_overlay/training/smithsonian_585.jpg","data/CLP_dataset/clp2k/images/training/smithsonian_585.jpg","data/CLP_dataset/clp2k/annotations/training/smithsonian_585.png","","",""
"","training","1519","data/CLP_dataset/clp2k/annotations_overlay/training/smithsonian_586.jpg","data/CLP_dataset/clp2k/images/training/smithsonian_586.jpg","data/CLP_dataset/clp2k/annotations/training/smithsonian_586.png","","",""
"","training","1520","data/CLP_dataset/clp2k/annotations_overlay/training/smithsonian_587.jpg","data/CLP_dataset/clp2k/images/training/smithsonian_587.jpg","data/CLP_dataset/clp2k/annotations/training/smithsonian_587.png","","",""
"","training","1521","data/CLP_dataset/clp2k/annotations_overlay/training/smithsonian_588.jpg","data/CLP_dataset/clp2k/images/training/smithsonian_588.jpg","data/CLP_dataset/clp2k/annotations/training/smithsonian_588.png","","",""
"","training","1522","data/CLP_dataset/clp2k/annotations_overlay/training/smithsonian_589.jpg","data/CLP_dataset/clp2k/images/training/smithsonian_589.jpg","data/CLP_dataset/clp2k/annotations/training/smithsonian_589.png","","",""
"","training","1523","data/CLP_dataset/clp2k/annotations_overlay/training/smithsonian_59.jpg","data/CLP_dataset/clp2k/images/training/smithsonian_59.jpg","data/CLP_dataset/clp2k/annotations/training/smithsonian_59.png","","",""
"","training","1524","data/CLP_dataset/clp2k/annotations_overlay/training/smithsonian_590.jpg","data/CLP_dataset/clp2k/images/training/smithsonian_590.jpg","data/CLP_dataset/clp2k/annotations/training/smithsonian_590.png","","",""
"","training","1525","data/CLP_dataset/clp2k/annotations_overlay/training/smithsonian_591.jpg","data/CLP_dataset/clp2k/images/training/smithsonian_591.jpg","data/CLP_dataset/clp2k/annotations/training/smithsonian_591.png","","",""
"","training","1526","data/CLP_dataset/clp2k/annotations_overlay/training/smithsonian_592.jpg","data/CLP_dataset/clp2k/images/training/smithsonian_592.jpg","data/CLP_dataset/clp2k/annotations/training/smithsonian_592.png","","",""
"","training","1527","data/CLP_dataset/clp2k/annotations_overlay/training/smithsonian_593.jpg","data/CLP_dataset/clp2k/images/training/smithsonian_593.jpg","data/CLP_dataset/clp2k/annotations/training/smithsonian_593.png","","",""
"","training","1528","data/CLP_dataset/clp2k/annotations_overlay/training/smithsonian_594.jpg","data/CLP_dataset/clp2k/images/training/smithsonian_594.jpg","data/CLP_dataset/clp2k/annotations/training/smithsonian_594.png","","",""
"","training","1529","data/CLP_dataset/clp2k/annotations_overlay/training/smithsonian_595.jpg","data/CLP_dataset/clp2k/images/training/smithsonian_595.jpg","data/CLP_dataset/clp2k/annotations/training/smithsonian_595.png","","",""
"","training","1530","data/CLP_dataset/clp2k/annotations_overlay/training/smithsonian_596.jpg","data/CLP_dataset/clp2k/images/training/smithsonian_596.jpg","data/CLP_dataset/clp2k/annotations/training/smithsonian_596.png","","",""
"","training","1531","data/CLP_dataset/clp2k/annotations_overlay/training/smithsonian_597.jpg","data/CLP_dataset/clp2k/images/training/smithsonian_597.jpg","data/CLP_dataset/clp2k/annotations/training/smithsonian_597.png","","",""
"","training","1532","data/CLP_dataset/clp2k/annotations_overlay/training/smithsonian_598.jpg","data/CLP_dataset/clp2k/images/training/smithsonian_598.jpg","data/CLP_dataset/clp2k/annotations/training/smithsonian_598.png","","",""
"","training","1533","data/CLP_dataset/clp2k/annotations_overlay/training/smithsonian_599.jpg","data/CLP_dataset/clp2k/images/training/smithsonian_599.jpg","data/CLP_dataset/clp2k/annotations/training/smithsonian_599.png","","",""
"","training","1534","data/CLP_dataset/clp2k/annotations_overlay/training/smithsonian_6.jpg","data/CLP_dataset/clp2k/images/training/smithsonian_6.jpg","data/CLP_dataset/clp2k/annotations/training/smithsonian_6.png","","",""
"","training","1535","data/CLP_dataset/clp2k/annotations_overlay/training/smithsonian_60.jpg","data/CLP_dataset/clp2k/images/training/smithsonian_60.jpg","data/CLP_dataset/clp2k/annotations/training/smithsonian_60.png","","",""
"","training","1536","data/CLP_dataset/clp2k/annotations_overlay/training/smithsonian_600.jpg","data/CLP_dataset/clp2k/images/training/smithsonian_600.jpg","data/CLP_dataset/clp2k/annotations/training/smithsonian_600.png","","",""
"","training","1537","data/CLP_dataset/clp2k/annotations_overlay/training/smithsonian_601.jpg","data/CLP_dataset/clp2k/images/training/smithsonian_601.jpg","data/CLP_dataset/clp2k/annotations/training/smithsonian_601.png","","",""
"","training","1538","data/CLP_dataset/clp2k/annotations_overlay/training/smithsonian_602.jpg","data/CLP_dataset/clp2k/images/training/smithsonian_602.jpg","data/CLP_dataset/clp2k/annotations/training/smithsonian_602.png","","",""
"","training","1539","data/CLP_dataset/clp2k/annotations_overlay/training/smithsonian_603.jpg","data/CLP_dataset/clp2k/images/training/smithsonian_603.jpg","data/CLP_dataset/clp2k/annotations/training/smithsonian_603.png","","",""
"","training","1540","data/CLP_dataset/clp2k/annotations_overlay/training/smithsonian_604.jpg","data/CLP_dataset/clp2k/images/training/smithsonian_604.jpg","data/CLP_dataset/clp2k/annotations/training/smithsonian_604.png","","",""
"","training","1541","data/CLP_dataset/clp2k/annotations_overlay/training/smithsonian_605.jpg","data/CLP_dataset/clp2k/images/training/smithsonian_605.jpg","data/CLP_dataset/clp2k/annotations/training/smithsonian_605.png","","",""
"","training","1542","data/CLP_dataset/clp2k/annotations_overlay/training/smithsonian_606.jpg","data/CLP_dataset/clp2k/images/training/smithsonian_606.jpg","data/CLP_dataset/clp2k/annotations/training/smithsonian_606.png","","",""
"","training","1543","data/CLP_dataset/clp2k/annotations_overlay/training/smithsonian_607.jpg","data/CLP_dataset/clp2k/images/training/smithsonian_607.jpg","data/CLP_dataset/clp2k/annotations/training/smithsonian_607.png","","",""
"","training","1544","data/CLP_dataset/clp2k/annotations_overlay/training/smithsonian_608.jpg","data/CLP_dataset/clp2k/images/training/smithsonian_608.jpg","data/CLP_dataset/clp2k/annotations/training/smithsonian_608.png","","",""
"","training","1545","data/CLP_dataset/clp2k/annotations_overlay/training/smithsonian_609.jpg","data/CLP_dataset/clp2k/images/training/smithsonian_609.jpg","data/CLP_dataset/clp2k/annotations/training/smithsonian_609.png","","",""
"","training","1546","data/CLP_dataset/clp2k/annotations_overlay/training/smithsonian_61.jpg","data/CLP_dataset/clp2k/images/training/smithsonian_61.jpg","data/CLP_dataset/clp2k/annotations/training/smithsonian_61.png","","",""
"","training","1547","data/CLP_dataset/clp2k/annotations_overlay/training/smithsonian_610.jpg","data/CLP_dataset/clp2k/images/training/smithsonian_610.jpg","data/CLP_dataset/clp2k/annotations/training/smithsonian_610.png","","",""
"","training","1548","data/CLP_dataset/clp2k/annotations_overlay/training/smithsonian_611.jpg","data/CLP_dataset/clp2k/images/training/smithsonian_611.jpg","data/CLP_dataset/clp2k/annotations/training/smithsonian_611.png","","",""
"","training","1549","data/CLP_dataset/clp2k/annotations_overlay/training/smithsonian_612.jpg","data/CLP_dataset/clp2k/images/training/smithsonian_612.jpg","data/CLP_dataset/clp2k/annotations/training/smithsonian_612.png","","",""
"","training","1550","data/CLP_dataset/clp2k/annotations_overlay/training/smithsonian_613.jpg","data/CLP_dataset/clp2k/images/training/smithsonian_613.jpg","data/CLP_dataset/clp2k/annotations/training/smithsonian_613.png","","",""
"","training","1551","data/CLP_dataset/clp2k/annotations_overlay/training/smithsonian_614.jpg","data/CLP_dataset/clp2k/images/training/smithsonian_614.jpg","data/CLP_dataset/clp2k/annotations/training/smithsonian_614.png","","",""
"","training","1552","data/CLP_dataset/clp2k/annotations_overlay/training/smithsonian_615.jpg","data/CLP_dataset/clp2k/images/training/smithsonian_615.jpg","data/CLP_dataset/clp2k/annotations/training/smithsonian_615.png","","",""
"","training","1553","data/CLP_dataset/clp2k/annotations_overlay/training/smithsonian_616.jpg","data/CLP_dataset/clp2k/images/training/smithsonian_616.jpg","data/CLP_dataset/clp2k/annotations/training/smithsonian_616.png","","",""
"","training","1554","data/CLP_dataset/clp2k/annotations_overlay/training/smithsonian_617.jpg","data/CLP_dataset/clp2k/images/training/smithsonian_617.jpg","data/CLP_dataset/clp2k/annotations/training/smithsonian_617.png","","",""
"","training","1555","data/CLP_dataset/clp2k/annotations_overlay/training/smithsonian_618.jpg","data/CLP_dataset/clp2k/images/training/smithsonian_618.jpg","data/CLP_dataset/clp2k/annotations/training/smithsonian_618.png","","",""
"","training","1556","data/CLP_dataset/clp2k/annotations_overlay/training/smithsonian_619.jpg","data/CLP_dataset/clp2k/images/training/smithsonian_619.jpg","data/CLP_dataset/clp2k/annotations/training/smithsonian_619.png","","",""
"","training","1557","data/CLP_dataset/clp2k/annotations_overlay/training/smithsonian_62.jpg","data/CLP_dataset/clp2k/images/training/smithsonian_62.jpg","data/CLP_dataset/clp2k/annotations/training/smithsonian_62.png","","",""
"","training","1558","data/CLP_dataset/clp2k/annotations_overlay/training/smithsonian_620.jpg","data/CLP_dataset/clp2k/images/training/smithsonian_620.jpg","data/CLP_dataset/clp2k/annotations/training/smithsonian_620.png","","",""
"","training","1559","data/CLP_dataset/clp2k/annotations_overlay/training/smithsonian_621.jpg","data/CLP_dataset/clp2k/images/training/smithsonian_621.jpg","data/CLP_dataset/clp2k/annotations/training/smithsonian_621.png","","",""
"","training","1560","data/CLP_dataset/clp2k/annotations_overlay/training/smithsonian_622.jpg","data/CLP_dataset/clp2k/images/training/smithsonian_622.jpg","data/CLP_dataset/clp2k/annotations/training/smithsonian_622.png","","",""
"","training","1561","data/CLP_dataset/clp2k/annotations_overlay/training/smithsonian_623.jpg","data/CLP_dataset/clp2k/images/training/smithsonian_623.jpg","data/CLP_dataset/clp2k/annotations/training/smithsonian_623.png","","",""
"","training","1562","data/CLP_dataset/clp2k/annotations_overlay/training/smithsonian_624.jpg","data/CLP_dataset/clp2k/images/training/smithsonian_624.jpg","data/CLP_dataset/clp2k/annotations/training/smithsonian_624.png","","",""
"","training","1563","data/CLP_dataset/clp2k/annotations_overlay/training/smithsonian_625.jpg","data/CLP_dataset/clp2k/images/training/smithsonian_625.jpg","data/CLP_dataset/clp2k/annotations/training/smithsonian_625.png","","",""
"","training","1564","data/CLP_dataset/clp2k/annotations_overlay/training/smithsonian_626.jpg","data/CLP_dataset/clp2k/images/training/smithsonian_626.jpg","data/CLP_dataset/clp2k/annotations/training/smithsonian_626.png","","",""
"","training","1565","data/CLP_dataset/clp2k/annotations_overlay/training/smithsonian_627.jpg","data/CLP_dataset/clp2k/images/training/smithsonian_627.jpg","data/CLP_dataset/clp2k/annotations/training/smithsonian_627.png","","",""
"","training","1566","data/CLP_dataset/clp2k/annotations_overlay/training/smithsonian_628.jpg","data/CLP_dataset/clp2k/images/training/smithsonian_628.jpg","data/CLP_dataset/clp2k/annotations/training/smithsonian_628.png","","",""
"","training","1567","data/CLP_dataset/clp2k/annotations_overlay/training/smithsonian_63.jpg","data/CLP_dataset/clp2k/images/training/smithsonian_63.jpg","data/CLP_dataset/clp2k/annotations/training/smithsonian_63.png","","",""
"","training","1568","data/CLP_dataset/clp2k/annotations_overlay/training/smithsonian_630.jpg","data/CLP_dataset/clp2k/images/training/smithsonian_630.jpg","data/CLP_dataset/clp2k/annotations/training/smithsonian_630.png","","",""
"","training","1569","data/CLP_dataset/clp2k/annotations_overlay/training/smithsonian_631.jpg","data/CLP_dataset/clp2k/images/training/smithsonian_631.jpg","data/CLP_dataset/clp2k/annotations/training/smithsonian_631.png","","",""
"","training","1570","data/CLP_dataset/clp2k/annotations_overlay/training/smithsonian_632.jpg","data/CLP_dataset/clp2k/images/training/smithsonian_632.jpg","data/CLP_dataset/clp2k/annotations/training/smithsonian_632.png","","",""
"","training","1571","data/CLP_dataset/clp2k/annotations_overlay/training/smithsonian_633.jpg","data/CLP_dataset/clp2k/images/training/smithsonian_633.jpg","data/CLP_dataset/clp2k/annotations/training/smithsonian_633.png","","",""
"","training","1572","data/CLP_dataset/clp2k/annotations_overlay/training/smithsonian_634.jpg","data/CLP_dataset/clp2k/images/training/smithsonian_634.jpg","data/CLP_dataset/clp2k/annotations/training/smithsonian_634.png","","",""
"","training","1573","data/CLP_dataset/clp2k/annotations_overlay/training/smithsonian_635.jpg","data/CLP_dataset/clp2k/images/training/smithsonian_635.jpg","data/CLP_dataset/clp2k/annotations/training/smithsonian_635.png","","",""
"","training","1574","data/CLP_dataset/clp2k/annotations_overlay/training/smithsonian_637.jpg","data/CLP_dataset/clp2k/images/training/smithsonian_637.jpg","data/CLP_dataset/clp2k/annotations/training/smithsonian_637.png","","",""
"","training","1575","data/CLP_dataset/clp2k/annotations_overlay/training/smithsonian_639.jpg","data/CLP_dataset/clp2k/images/training/smithsonian_639.jpg","data/CLP_dataset/clp2k/annotations/training/smithsonian_639.png","","",""
"","training","1576","data/CLP_dataset/clp2k/annotations_overlay/training/smithsonian_64.jpg","data/CLP_dataset/clp2k/images/training/smithsonian_64.jpg","data/CLP_dataset/clp2k/annotations/training/smithsonian_64.png","","",""
"","training","1577","data/CLP_dataset/clp2k/annotations_overlay/training/smithsonian_640.jpg","data/CLP_dataset/clp2k/images/training/smithsonian_640.jpg","data/CLP_dataset/clp2k/annotations/training/smithsonian_640.png","","",""
"","training","1578","data/CLP_dataset/clp2k/annotations_overlay/training/smithsonian_641.jpg","data/CLP_dataset/clp2k/images/training/smithsonian_641.jpg","data/CLP_dataset/clp2k/annotations/training/smithsonian_641.png","","",""
"","training","1579","data/CLP_dataset/clp2k/annotations_overlay/training/smithsonian_642.jpg","data/CLP_dataset/clp2k/images/training/smithsonian_642.jpg","data/CLP_dataset/clp2k/annotations/training/smithsonian_642.png","","",""
"","training","1580","data/CLP_dataset/clp2k/annotations_overlay/training/smithsonian_644.jpg","data/CLP_dataset/clp2k/images/training/smithsonian_644.jpg","data/CLP_dataset/clp2k/annotations/training/smithsonian_644.png","","",""
"","training","1581","data/CLP_dataset/clp2k/annotations_overlay/training/smithsonian_645.jpg","data/CLP_dataset/clp2k/images/training/smithsonian_645.jpg","data/CLP_dataset/clp2k/annotations/training/smithsonian_645.png","","",""
"","training","1582","data/CLP_dataset/clp2k/annotations_overlay/training/smithsonian_646.jpg","data/CLP_dataset/clp2k/images/training/smithsonian_646.jpg","data/CLP_dataset/clp2k/annotations/training/smithsonian_646.png","","",""
"","training","1583","data/CLP_dataset/clp2k/annotations_overlay/training/smithsonian_647.jpg","data/CLP_dataset/clp2k/images/training/smithsonian_647.jpg","data/CLP_dataset/clp2k/annotations/training/smithsonian_647.png","","",""
"","training","1584","data/CLP_dataset/clp2k/annotations_overlay/training/smithsonian_648.jpg","data/CLP_dataset/clp2k/images/training/smithsonian_648.jpg","data/CLP_dataset/clp2k/annotations/training/smithsonian_648.png","","",""
"","training","1585","data/CLP_dataset/clp2k/annotations_overlay/training/smithsonian_649.jpg","data/CLP_dataset/clp2k/images/training/smithsonian_649.jpg","data/CLP_dataset/clp2k/annotations/training/smithsonian_649.png","","",""
"","training","1586","data/CLP_dataset/clp2k/annotations_overlay/training/smithsonian_65.jpg","data/CLP_dataset/clp2k/images/training/smithsonian_65.jpg","data/CLP_dataset/clp2k/annotations/training/smithsonian_65.png","","",""
"","training","1587","data/CLP_dataset/clp2k/annotations_overlay/training/smithsonian_650.jpg","data/CLP_dataset/clp2k/images/training/smithsonian_650.jpg","data/CLP_dataset/clp2k/annotations/training/smithsonian_650.png","","",""
"","training","1588","data/CLP_dataset/clp2k/annotations_overlay/training/smithsonian_651.jpg","data/CLP_dataset/clp2k/images/training/smithsonian_651.jpg","data/CLP_dataset/clp2k/annotations/training/smithsonian_651.png","","",""
"","training","1589","data/CLP_dataset/clp2k/annotations_overlay/training/smithsonian_652.jpg","data/CLP_dataset/clp2k/images/training/smithsonian_652.jpg","data/CLP_dataset/clp2k/annotations/training/smithsonian_652.png","","",""
"","training","1590","data/CLP_dataset/clp2k/annotations_overlay/training/smithsonian_654.jpg","data/CLP_dataset/clp2k/images/training/smithsonian_654.jpg","data/CLP_dataset/clp2k/annotations/training/smithsonian_654.png","","",""
"","training","1591","data/CLP_dataset/clp2k/annotations_overlay/training/smithsonian_655.jpg","data/CLP_dataset/clp2k/images/training/smithsonian_655.jpg","data/CLP_dataset/clp2k/annotations/training/smithsonian_655.png","","",""
"","training","1592","data/CLP_dataset/clp2k/annotations_overlay/training/smithsonian_656.jpg","data/CLP_dataset/clp2k/images/training/smithsonian_656.jpg","data/CLP_dataset/clp2k/annotations/training/smithsonian_656.png","","",""
"","training","1593","data/CLP_dataset/clp2k/annotations_overlay/training/smithsonian_657.jpg","data/CLP_dataset/clp2k/images/training/smithsonian_657.jpg","data/CLP_dataset/clp2k/annotations/training/smithsonian_657.png","","",""
"","training","1594","data/CLP_dataset/clp2k/annotations_overlay/training/smithsonian_658.jpg","data/CLP_dataset/clp2k/images/training/smithsonian_658.jpg","data/CLP_dataset/clp2k/annotations/training/smithsonian_658.png","","",""
"","training","1595","data/CLP_dataset/clp2k/annotations_overlay/training/smithsonian_659.jpg","data/CLP_dataset/clp2k/images/training/smithsonian_659.jpg","data/CLP_dataset/clp2k/annotations/training/smithsonian_659.png","","",""
"","training","1596","data/CLP_dataset/clp2k/annotations_overlay/training/smithsonian_66.jpg","data/CLP_dataset/clp2k/images/training/smithsonian_66.jpg","data/CLP_dataset/clp2k/annotations/training/smithsonian_66.png","","",""
"","training","1597","data/CLP_dataset/clp2k/annotations_overlay/training/smithsonian_660.jpg","data/CLP_dataset/clp2k/images/training/smithsonian_660.jpg","data/CLP_dataset/clp2k/annotations/training/smithsonian_660.png","","",""
"","training","1598","data/CLP_dataset/clp2k/annotations_overlay/training/smithsonian_661.jpg","data/CLP_dataset/clp2k/images/training/smithsonian_661.jpg","data/CLP_dataset/clp2k/annotations/training/smithsonian_661.png","","",""
"","training","1599","data/CLP_dataset/clp2k/annotations_overlay/training/smithsonian_662.jpg","data/CLP_dataset/clp2k/images/training/smithsonian_662.jpg","data/CLP_dataset/clp2k/annotations/training/smithsonian_662.png","","",""
"","training","1600","data/CLP_dataset/clp2k/annotations_overlay/training/smithsonian_663.jpg","data/CLP_dataset/clp2k/images/training/smithsonian_663.jpg","data/CLP_dataset/clp2k/annotations/training/smithsonian_663.png","","",""
"","training","1601","data/CLP_dataset/clp2k/annotations_overlay/training/smithsonian_664.jpg","data/CLP_dataset/clp2k/images/training/smithsonian_664.jpg","data/CLP_dataset/clp2k/annotations/training/smithsonian_664.png","","",""
"","training","1602","data/CLP_dataset/clp2k/annotations_overlay/training/smithsonian_665.jpg","data/CLP_dataset/clp2k/images/training/smithsonian_665.jpg","data/CLP_dataset/clp2k/annotations/training/smithsonian_665.png","","",""
"","training","1603","data/CLP_dataset/clp2k/annotations_overlay/training/smithsonian_666.jpg","data/CLP_dataset/clp2k/images/training/smithsonian_666.jpg","data/CLP_dataset/clp2k/annotations/training/smithsonian_666.png","","",""
"","training","1604","data/CLP_dataset/clp2k/annotations_overlay/training/smithsonian_667.jpg","data/CLP_dataset/clp2k/images/training/smithsonian_667.jpg","data/CLP_dataset/clp2k/annotations/training/smithsonian_667.png","","",""
"","training","1605","data/CLP_dataset/clp2k/annotations_overlay/training/smithsonian_668.jpg","data/CLP_dataset/clp2k/images/training/smithsonian_668.jpg","data/CLP_dataset/clp2k/annotations/training/smithsonian_668.png","","",""
"","training","1606","data/CLP_dataset/clp2k/annotations_overlay/training/smithsonian_669.jpg","data/CLP_dataset/clp2k/images/training/smithsonian_669.jpg","data/CLP_dataset/clp2k/annotations/training/smithsonian_669.png","","",""
"","training","1607","data/CLP_dataset/clp2k/annotations_overlay/training/smithsonian_67.jpg","data/CLP_dataset/clp2k/images/training/smithsonian_67.jpg","data/CLP_dataset/clp2k/annotations/training/smithsonian_67.png","","",""
"","training","1608","data/CLP_dataset/clp2k/annotations_overlay/training/smithsonian_670.jpg","data/CLP_dataset/clp2k/images/training/smithsonian_670.jpg","data/CLP_dataset/clp2k/annotations/training/smithsonian_670.png","","",""
"","training","1609","data/CLP_dataset/clp2k/annotations_overlay/training/smithsonian_671.jpg","data/CLP_dataset/clp2k/images/training/smithsonian_671.jpg","data/CLP_dataset/clp2k/annotations/training/smithsonian_671.png","","",""
"","training","1610","data/CLP_dataset/clp2k/annotations_overlay/training/smithsonian_672.jpg","data/CLP_dataset/clp2k/images/training/smithsonian_672.jpg","data/CLP_dataset/clp2k/annotations/training/smithsonian_672.png","","",""
"","training","1611","data/CLP_dataset/clp2k/annotations_overlay/training/smithsonian_674.jpg","data/CLP_dataset/clp2k/images/training/smithsonian_674.jpg","data/CLP_dataset/clp2k/annotations/training/smithsonian_674.png","","",""
"","training","1612","data/CLP_dataset/clp2k/annotations_overlay/training/smithsonian_676.jpg","data/CLP_dataset/clp2k/images/training/smithsonian_676.jpg","data/CLP_dataset/clp2k/annotations/training/smithsonian_676.png","","",""
"","training","1613","data/CLP_dataset/clp2k/annotations_overlay/training/smithsonian_677.jpg","data/CLP_dataset/clp2k/images/training/smithsonian_677.jpg","data/CLP_dataset/clp2k/annotations/training/smithsonian_677.png","","",""
"","training","1614","data/CLP_dataset/clp2k/annotations_overlay/training/smithsonian_678.jpg","data/CLP_dataset/clp2k/images/training/smithsonian_678.jpg","data/CLP_dataset/clp2k/annotations/training/smithsonian_678.png","","",""
"","training","1615","data/CLP_dataset/clp2k/annotations_overlay/training/smithsonian_679.jpg","data/CLP_dataset/clp2k/images/training/smithsonian_679.jpg","data/CLP_dataset/clp2k/annotations/training/smithsonian_679.png","","",""
"","training","1616","data/CLP_dataset/clp2k/annotations_overlay/training/smithsonian_68.jpg","data/CLP_dataset/clp2k/images/training/smithsonian_68.jpg","data/CLP_dataset/clp2k/annotations/training/smithsonian_68.png","","",""
"","training","1617","data/CLP_dataset/clp2k/annotations_overlay/training/smithsonian_680.jpg","data/CLP_dataset/clp2k/images/training/smithsonian_680.jpg","data/CLP_dataset/clp2k/annotations/training/smithsonian_680.png","","",""
"","training","1618","data/CLP_dataset/clp2k/annotations_overlay/training/smithsonian_681.jpg","data/CLP_dataset/clp2k/images/training/smithsonian_681.jpg","data/CLP_dataset/clp2k/annotations/training/smithsonian_681.png","","",""
"","training","1619","data/CLP_dataset/clp2k/annotations_overlay/training/smithsonian_682.jpg","data/CLP_dataset/clp2k/images/training/smithsonian_682.jpg","data/CLP_dataset/clp2k/annotations/training/smithsonian_682.png","","",""
"","training","1620","data/CLP_dataset/clp2k/annotations_overlay/training/smithsonian_683.jpg","data/CLP_dataset/clp2k/images/training/smithsonian_683.jpg","data/CLP_dataset/clp2k/annotations/training/smithsonian_683.png","","",""
"","training","1621","data/CLP_dataset/clp2k/annotations_overlay/training/smithsonian_684.jpg","data/CLP_dataset/clp2k/images/training/smithsonian_684.jpg","data/CLP_dataset/clp2k/annotations/training/smithsonian_684.png","","",""
"","training","1622","data/CLP_dataset/clp2k/annotations_overlay/training/smithsonian_685.jpg","data/CLP_dataset/clp2k/images/training/smithsonian_685.jpg","data/CLP_dataset/clp2k/annotations/training/smithsonian_685.png","","",""
"","training","1623","data/CLP_dataset/clp2k/annotations_overlay/training/smithsonian_686.jpg","data/CLP_dataset/clp2k/images/training/smithsonian_686.jpg","data/CLP_dataset/clp2k/annotations/training/smithsonian_686.png","","",""
"","training","1624","data/CLP_dataset/clp2k/annotations_overlay/training/smithsonian_687.jpg","data/CLP_dataset/clp2k/images/training/smithsonian_687.jpg","data/CLP_dataset/clp2k/annotations/training/smithsonian_687.png","","",""
"","training","1625","data/CLP_dataset/clp2k/annotations_overlay/training/smithsonian_688.jpg","data/CLP_dataset/clp2k/images/training/smithsonian_688.jpg","data/CLP_dataset/clp2k/annotations/training/smithsonian_688.png","","",""
"","training","1626","data/CLP_dataset/clp2k/annotations_overlay/training/smithsonian_689.jpg","data/CLP_dataset/clp2k/images/training/smithsonian_689.jpg","data/CLP_dataset/clp2k/annotations/training/smithsonian_689.png","","",""
"","training","1627","data/CLP_dataset/clp2k/annotations_overlay/training/smithsonian_69.jpg","data/CLP_dataset/clp2k/images/training/smithsonian_69.jpg","data/CLP_dataset/clp2k/annotations/training/smithsonian_69.png","","",""
"","training","1628","data/CLP_dataset/clp2k/annotations_overlay/training/smithsonian_690.jpg","data/CLP_dataset/clp2k/images/training/smithsonian_690.jpg","data/CLP_dataset/clp2k/annotations/training/smithsonian_690.png","","",""
"","training","1629","data/CLP_dataset/clp2k/annotations_overlay/training/smithsonian_691.jpg","data/CLP_dataset/clp2k/images/training/smithsonian_691.jpg","data/CLP_dataset/clp2k/annotations/training/smithsonian_691.png","","",""
"","training","1630","data/CLP_dataset/clp2k/annotations_overlay/training/smithsonian_692.jpg","data/CLP_dataset/clp2k/images/training/smithsonian_692.jpg","data/CLP_dataset/clp2k/annotations/training/smithsonian_692.png","","",""
"","training","1631","data/CLP_dataset/clp2k/annotations_overlay/training/smithsonian_693.jpg","data/CLP_dataset/clp2k/images/training/smithsonian_693.jpg","data/CLP_dataset/clp2k/annotations/training/smithsonian_693.png","","",""
"","training","1632","data/CLP_dataset/clp2k/annotations_overlay/training/smithsonian_695.jpg","data/CLP_dataset/clp2k/images/training/smithsonian_695.jpg","data/CLP_dataset/clp2k/annotations/training/smithsonian_695.png","","",""
"","training","1633","data/CLP_dataset/clp2k/annotations_overlay/training/smithsonian_696.jpg","data/CLP_dataset/clp2k/images/training/smithsonian_696.jpg","data/CLP_dataset/clp2k/annotations/training/smithsonian_696.png","","",""
"","training","1634","data/CLP_dataset/clp2k/annotations_overlay/training/smithsonian_697.jpg","data/CLP_dataset/clp2k/images/training/smithsonian_697.jpg","data/CLP_dataset/clp2k/annotations/training/smithsonian_697.png","","",""
"","training","1635","data/CLP_dataset/clp2k/annotations_overlay/training/smithsonian_698.jpg","data/CLP_dataset/clp2k/images/training/smithsonian_698.jpg","data/CLP_dataset/clp2k/annotations/training/smithsonian_698.png","","",""
"","training","1636","data/CLP_dataset/clp2k/annotations_overlay/training/smithsonian_699.jpg","data/CLP_dataset/clp2k/images/training/smithsonian_699.jpg","data/CLP_dataset/clp2k/annotations/training/smithsonian_699.png","","",""
"","training","1637","data/CLP_dataset/clp2k/annotations_overlay/training/smithsonian_7.jpg","data/CLP_dataset/clp2k/images/training/smithsonian_7.jpg","data/CLP_dataset/clp2k/annotations/training/smithsonian_7.png","","",""
"","training","1638","data/CLP_dataset/clp2k/annotations_overlay/training/smithsonian_70.jpg","data/CLP_dataset/clp2k/images/training/smithsonian_70.jpg","data/CLP_dataset/clp2k/annotations/training/smithsonian_70.png","","",""
"","training","1639","data/CLP_dataset/clp2k/annotations_overlay/training/smithsonian_702.jpg","data/CLP_dataset/clp2k/images/training/smithsonian_702.jpg","data/CLP_dataset/clp2k/annotations/training/smithsonian_702.png","","",""
"","training","1640","data/CLP_dataset/clp2k/annotations_overlay/training/smithsonian_703.jpg","data/CLP_dataset/clp2k/images/training/smithsonian_703.jpg","data/CLP_dataset/clp2k/annotations/training/smithsonian_703.png","","",""
"","training","1641","data/CLP_dataset/clp2k/annotations_overlay/training/smithsonian_704.jpg","data/CLP_dataset/clp2k/images/training/smithsonian_704.jpg","data/CLP_dataset/clp2k/annotations/training/smithsonian_704.png","","",""
"","training","1642","data/CLP_dataset/clp2k/annotations_overlay/training/smithsonian_705.jpg","data/CLP_dataset/clp2k/images/training/smithsonian_705.jpg","data/CLP_dataset/clp2k/annotations/training/smithsonian_705.png","","",""
"","training","1643","data/CLP_dataset/clp2k/annotations_overlay/training/smithsonian_706.jpg","data/CLP_dataset/clp2k/images/training/smithsonian_706.jpg","data/CLP_dataset/clp2k/annotations/training/smithsonian_706.png","","",""
"","training","1644","data/CLP_dataset/clp2k/annotations_overlay/training/smithsonian_707.jpg","data/CLP_dataset/clp2k/images/training/smithsonian_707.jpg","data/CLP_dataset/clp2k/annotations/training/smithsonian_707.png","","",""
"","training","1645","data/CLP_dataset/clp2k/annotations_overlay/training/smithsonian_708.jpg","data/CLP_dataset/clp2k/images/training/smithsonian_708.jpg","data/CLP_dataset/clp2k/annotations/training/smithsonian_708.png","","",""
"","training","1646","data/CLP_dataset/clp2k/annotations_overlay/training/smithsonian_71.jpg","data/CLP_dataset/clp2k/images/training/smithsonian_71.jpg","data/CLP_dataset/clp2k/annotations/training/smithsonian_71.png","","",""
"","training","1647","data/CLP_dataset/clp2k/annotations_overlay/training/smithsonian_710.jpg","data/CLP_dataset/clp2k/images/training/smithsonian_710.jpg","data/CLP_dataset/clp2k/annotations/training/smithsonian_710.png","","",""
"","training","1648","data/CLP_dataset/clp2k/annotations_overlay/training/smithsonian_711.jpg","data/CLP_dataset/clp2k/images/training/smithsonian_711.jpg","data/CLP_dataset/clp2k/annotations/training/smithsonian_711.png","","",""
"","training","1649","data/CLP_dataset/clp2k/annotations_overlay/training/smithsonian_712.jpg","data/CLP_dataset/clp2k/images/training/smithsonian_712.jpg","data/CLP_dataset/clp2k/annotations/training/smithsonian_712.png","","",""
"","training","1650","data/CLP_dataset/clp2k/annotations_overlay/training/smithsonian_713.jpg","data/CLP_dataset/clp2k/images/training/smithsonian_713.jpg","data/CLP_dataset/clp2k/annotations/training/smithsonian_713.png","","",""
"","training","1651","data/CLP_dataset/clp2k/annotations_overlay/training/smithsonian_714.jpg","data/CLP_dataset/clp2k/images/training/smithsonian_714.jpg","data/CLP_dataset/clp2k/annotations/training/smithsonian_714.png","","",""
"","training","1652","data/CLP_dataset/clp2k/annotations_overlay/training/smithsonian_715.jpg","data/CLP_dataset/clp2k/images/training/smithsonian_715.jpg","data/CLP_dataset/clp2k/annotations/training/smithsonian_715.png","","",""
"","training","1653","data/CLP_dataset/clp2k/annotations_overlay/training/smithsonian_716.jpg","data/CLP_dataset/clp2k/images/training/smithsonian_716.jpg","data/CLP_dataset/clp2k/annotations/training/smithsonian_716.png","","",""
"","training","1654","data/CLP_dataset/clp2k/annotations_overlay/training/smithsonian_717.jpg","data/CLP_dataset/clp2k/images/training/smithsonian_717.jpg","data/CLP_dataset/clp2k/annotations/training/smithsonian_717.png","","",""
"","training","1655","data/CLP_dataset/clp2k/annotations_overlay/training/smithsonian_718.jpg","data/CLP_dataset/clp2k/images/training/smithsonian_718.jpg","data/CLP_dataset/clp2k/annotations/training/smithsonian_718.png","","",""
"","training","1656","data/CLP_dataset/clp2k/annotations_overlay/training/smithsonian_719.jpg","data/CLP_dataset/clp2k/images/training/smithsonian_719.jpg","data/CLP_dataset/clp2k/annotations/training/smithsonian_719.png","","",""
"","training","1657","data/CLP_dataset/clp2k/annotations_overlay/training/smithsonian_720.jpg","data/CLP_dataset/clp2k/images/training/smithsonian_720.jpg","data/CLP_dataset/clp2k/annotations/training/smithsonian_720.png","","",""
"","training","1658","data/CLP_dataset/clp2k/annotations_overlay/training/smithsonian_721.jpg","data/CLP_dataset/clp2k/images/training/smithsonian_721.jpg","data/CLP_dataset/clp2k/annotations/training/smithsonian_721.png","","",""
"","training","1659","data/CLP_dataset/clp2k/annotations_overlay/training/smithsonian_722.jpg","data/CLP_dataset/clp2k/images/training/smithsonian_722.jpg","data/CLP_dataset/clp2k/annotations/training/smithsonian_722.png","","",""
"","training","1660","data/CLP_dataset/clp2k/annotations_overlay/training/smithsonian_723.jpg","data/CLP_dataset/clp2k/images/training/smithsonian_723.jpg","data/CLP_dataset/clp2k/annotations/training/smithsonian_723.png","","",""
"","training","1661","data/CLP_dataset/clp2k/annotations_overlay/training/smithsonian_724.jpg","data/CLP_dataset/clp2k/images/training/smithsonian_724.jpg","data/CLP_dataset/clp2k/annotations/training/smithsonian_724.png","","",""
"","training","1662","data/CLP_dataset/clp2k/annotations_overlay/training/smithsonian_725.jpg","data/CLP_dataset/clp2k/images/training/smithsonian_725.jpg","data/CLP_dataset/clp2k/annotations/training/smithsonian_725.png","","",""
"","training","1663","data/CLP_dataset/clp2k/annotations_overlay/training/smithsonian_726.jpg","data/CLP_dataset/clp2k/images/training/smithsonian_726.jpg","data/CLP_dataset/clp2k/annotations/training/smithsonian_726.png","","",""
"","training","1664","data/CLP_dataset/clp2k/annotations_overlay/training/smithsonian_728.jpg","data/CLP_dataset/clp2k/images/training/smithsonian_728.jpg","data/CLP_dataset/clp2k/annotations/training/smithsonian_728.png","","",""
"","training","1665","data/CLP_dataset/clp2k/annotations_overlay/training/smithsonian_729.jpg","data/CLP_dataset/clp2k/images/training/smithsonian_729.jpg","data/CLP_dataset/clp2k/annotations/training/smithsonian_729.png","","",""
"","training","1666","data/CLP_dataset/clp2k/annotations_overlay/training/smithsonian_73.jpg","data/CLP_dataset/clp2k/images/training/smithsonian_73.jpg","data/CLP_dataset/clp2k/annotations/training/smithsonian_73.png","","",""
"","training","1667","data/CLP_dataset/clp2k/annotations_overlay/training/smithsonian_730.jpg","data/CLP_dataset/clp2k/images/training/smithsonian_730.jpg","data/CLP_dataset/clp2k/annotations/training/smithsonian_730.png","","",""
"","training","1668","data/CLP_dataset/clp2k/annotations_overlay/training/smithsonian_731.jpg","data/CLP_dataset/clp2k/images/training/smithsonian_731.jpg","data/CLP_dataset/clp2k/annotations/training/smithsonian_731.png","","",""
"","training","1669","data/CLP_dataset/clp2k/annotations_overlay/training/smithsonian_732.jpg","data/CLP_dataset/clp2k/images/training/smithsonian_732.jpg","data/CLP_dataset/clp2k/annotations/training/smithsonian_732.png","","",""
"","training","1670","data/CLP_dataset/clp2k/annotations_overlay/training/smithsonian_733.jpg","data/CLP_dataset/clp2k/images/training/smithsonian_733.jpg","data/CLP_dataset/clp2k/annotations/training/smithsonian_733.png","","",""
"","training","1671","data/CLP_dataset/clp2k/annotations_overlay/training/smithsonian_734.jpg","data/CLP_dataset/clp2k/images/training/smithsonian_734.jpg","data/CLP_dataset/clp2k/annotations/training/smithsonian_734.png","","",""
"","training","1672","data/CLP_dataset/clp2k/annotations_overlay/training/smithsonian_735.jpg","data/CLP_dataset/clp2k/images/training/smithsonian_735.jpg","data/CLP_dataset/clp2k/annotations/training/smithsonian_735.png","","",""
"","training","1673","data/CLP_dataset/clp2k/annotations_overlay/training/smithsonian_736.jpg","data/CLP_dataset/clp2k/images/training/smithsonian_736.jpg","data/CLP_dataset/clp2k/annotations/training/smithsonian_736.png","","",""
"","training","1674","data/CLP_dataset/clp2k/annotations_overlay/training/smithsonian_737.jpg","data/CLP_dataset/clp2k/images/training/smithsonian_737.jpg","data/CLP_dataset/clp2k/annotations/training/smithsonian_737.png","","",""
"","training","1675","data/CLP_dataset/clp2k/annotations_overlay/training/smithsonian_738.jpg","data/CLP_dataset/clp2k/images/training/smithsonian_738.jpg","data/CLP_dataset/clp2k/annotations/training/smithsonian_738.png","","",""
"","training","1676","data/CLP_dataset/clp2k/annotations_overlay/training/smithsonian_739.jpg","data/CLP_dataset/clp2k/images/training/smithsonian_739.jpg","data/CLP_dataset/clp2k/annotations/training/smithsonian_739.png","","",""
"","training","1677","data/CLP_dataset/clp2k/annotations_overlay/training/smithsonian_74.jpg","data/CLP_dataset/clp2k/images/training/smithsonian_74.jpg","data/CLP_dataset/clp2k/annotations/training/smithsonian_74.png","","",""
"","training","1678","data/CLP_dataset/clp2k/annotations_overlay/training/smithsonian_740.jpg","data/CLP_dataset/clp2k/images/training/smithsonian_740.jpg","data/CLP_dataset/clp2k/annotations/training/smithsonian_740.png","","",""
"","training","1679","data/CLP_dataset/clp2k/annotations_overlay/training/smithsonian_741.jpg","data/CLP_dataset/clp2k/images/training/smithsonian_741.jpg","data/CLP_dataset/clp2k/annotations/training/smithsonian_741.png","","",""
"","training","1680","data/CLP_dataset/clp2k/annotations_overlay/training/smithsonian_742.jpg","data/CLP_dataset/clp2k/images/training/smithsonian_742.jpg","data/CLP_dataset/clp2k/annotations/training/smithsonian_742.png","","",""
"","training","1681","data/CLP_dataset/clp2k/annotations_overlay/training/smithsonian_743.jpg","data/CLP_dataset/clp2k/images/training/smithsonian_743.jpg","data/CLP_dataset/clp2k/annotations/training/smithsonian_743.png","","",""
"","training","1682","data/CLP_dataset/clp2k/annotations_overlay/training/smithsonian_744.jpg","data/CLP_dataset/clp2k/images/training/smithsonian_744.jpg","data/CLP_dataset/clp2k/annotations/training/smithsonian_744.png","","",""
"","training","1683","data/CLP_dataset/clp2k/annotations_overlay/training/smithsonian_745.jpg","data/CLP_dataset/clp2k/images/training/smithsonian_745.jpg","data/CLP_dataset/clp2k/annotations/training/smithsonian_745.png","","",""
"","training","1684","data/CLP_dataset/clp2k/annotations_overlay/training/smithsonian_746.jpg","data/CLP_dataset/clp2k/images/training/smithsonian_746.jpg","data/CLP_dataset/clp2k/annotations/training/smithsonian_746.png","","",""
"","training","1685","data/CLP_dataset/clp2k/annotations_overlay/training/smithsonian_747.jpg","data/CLP_dataset/clp2k/images/training/smithsonian_747.jpg","data/CLP_dataset/clp2k/annotations/training/smithsonian_747.png","","",""
"","training","1686","data/CLP_dataset/clp2k/annotations_overlay/training/smithsonian_748.jpg","data/CLP_dataset/clp2k/images/training/smithsonian_748.jpg","data/CLP_dataset/clp2k/annotations/training/smithsonian_748.png","","",""
"","training","1687","data/CLP_dataset/clp2k/annotations_overlay/training/smithsonian_749.jpg","data/CLP_dataset/clp2k/images/training/smithsonian_749.jpg","data/CLP_dataset/clp2k/annotations/training/smithsonian_749.png","","",""
"","training","1688","data/CLP_dataset/clp2k/annotations_overlay/training/smithsonian_752.jpg","data/CLP_dataset/clp2k/images/training/smithsonian_752.jpg","data/CLP_dataset/clp2k/annotations/training/smithsonian_752.png","","",""
"","training","1689","data/CLP_dataset/clp2k/annotations_overlay/training/smithsonian_753.jpg","data/CLP_dataset/clp2k/images/training/smithsonian_753.jpg","data/CLP_dataset/clp2k/annotations/training/smithsonian_753.png","","",""
"","training","1690","data/CLP_dataset/clp2k/annotations_overlay/training/smithsonian_754.jpg","data/CLP_dataset/clp2k/images/training/smithsonian_754.jpg","data/CLP_dataset/clp2k/annotations/training/smithsonian_754.png","","",""
"","training","1691","data/CLP_dataset/clp2k/annotations_overlay/training/smithsonian_755.jpg","data/CLP_dataset/clp2k/images/training/smithsonian_755.jpg","data/CLP_dataset/clp2k/annotations/training/smithsonian_755.png","","",""
"","training","1692","data/CLP_dataset/clp2k/annotations_overlay/training/smithsonian_756.jpg","data/CLP_dataset/clp2k/images/training/smithsonian_756.jpg","data/CLP_dataset/clp2k/annotations/training/smithsonian_756.png","","",""
"","training","1693","data/CLP_dataset/clp2k/annotations_overlay/training/smithsonian_757.jpg","data/CLP_dataset/clp2k/images/training/smithsonian_757.jpg","data/CLP_dataset/clp2k/annotations/training/smithsonian_757.png","","",""
"","training","1694","data/CLP_dataset/clp2k/annotations_overlay/training/smithsonian_759.jpg","data/CLP_dataset/clp2k/images/training/smithsonian_759.jpg","data/CLP_dataset/clp2k/annotations/training/smithsonian_759.png","","",""
"","training","1695","data/CLP_dataset/clp2k/annotations_overlay/training/smithsonian_76.jpg","data/CLP_dataset/clp2k/images/training/smithsonian_76.jpg","data/CLP_dataset/clp2k/annotations/training/smithsonian_76.png","","",""
"","training","1696","data/CLP_dataset/clp2k/annotations_overlay/training/smithsonian_760.jpg","data/CLP_dataset/clp2k/images/training/smithsonian_760.jpg","data/CLP_dataset/clp2k/annotations/training/smithsonian_760.png","","",""
"","training","1697","data/CLP_dataset/clp2k/annotations_overlay/training/smithsonian_761.jpg","data/CLP_dataset/clp2k/images/training/smithsonian_761.jpg","data/CLP_dataset/clp2k/annotations/training/smithsonian_761.png","","",""
"","training","1698","data/CLP_dataset/clp2k/annotations_overlay/training/smithsonian_762.jpg","data/CLP_dataset/clp2k/images/training/smithsonian_762.jpg","data/CLP_dataset/clp2k/annotations/training/smithsonian_762.png","","",""
"","training","1699","data/CLP_dataset/clp2k/annotations_overlay/training/smithsonian_763.jpg","data/CLP_dataset/clp2k/images/training/smithsonian_763.jpg","data/CLP_dataset/clp2k/annotations/training/smithsonian_763.png","","",""
"","training","1700","data/CLP_dataset/clp2k/annotations_overlay/training/smithsonian_764.jpg","data/CLP_dataset/clp2k/images/training/smithsonian_764.jpg","data/CLP_dataset/clp2k/annotations/training/smithsonian_764.png","","",""
"","training","1701","data/CLP_dataset/clp2k/annotations_overlay/training/smithsonian_765.jpg","data/CLP_dataset/clp2k/images/training/smithsonian_765.jpg","data/CLP_dataset/clp2k/annotations/training/smithsonian_765.png","","",""
"","training","1702","data/CLP_dataset/clp2k/annotations_overlay/training/smithsonian_766.jpg","data/CLP_dataset/clp2k/images/training/smithsonian_766.jpg","data/CLP_dataset/clp2k/annotations/training/smithsonian_766.png","","",""
"","training","1703","data/CLP_dataset/clp2k/annotations_overlay/training/smithsonian_767.jpg","data/CLP_dataset/clp2k/images/training/smithsonian_767.jpg","data/CLP_dataset/clp2k/annotations/training/smithsonian_767.png","","",""
"","training","1704","data/CLP_dataset/clp2k/annotations_overlay/training/smithsonian_768.jpg","data/CLP_dataset/clp2k/images/training/smithsonian_768.jpg","data/CLP_dataset/clp2k/annotations/training/smithsonian_768.png","","",""
"","training","1705","data/CLP_dataset/clp2k/annotations_overlay/training/smithsonian_77.jpg","data/CLP_dataset/clp2k/images/training/smithsonian_77.jpg","data/CLP_dataset/clp2k/annotations/training/smithsonian_77.png","","",""
"","training","1706","data/CLP_dataset/clp2k/annotations_overlay/training/smithsonian_770.jpg","data/CLP_dataset/clp2k/images/training/smithsonian_770.jpg","data/CLP_dataset/clp2k/annotations/training/smithsonian_770.png","","",""
"","training","1707","data/CLP_dataset/clp2k/annotations_overlay/training/smithsonian_771.jpg","data/CLP_dataset/clp2k/images/training/smithsonian_771.jpg","data/CLP_dataset/clp2k/annotations/training/smithsonian_771.png","","",""
"","training","1708","data/CLP_dataset/clp2k/annotations_overlay/training/smithsonian_772.jpg","data/CLP_dataset/clp2k/images/training/smithsonian_772.jpg","data/CLP_dataset/clp2k/annotations/training/smithsonian_772.png","","",""
"","training","1709","data/CLP_dataset/clp2k/annotations_overlay/training/smithsonian_773.jpg","data/CLP_dataset/clp2k/images/training/smithsonian_773.jpg","data/CLP_dataset/clp2k/annotations/training/smithsonian_773.png","","",""
"","training","1710","data/CLP_dataset/clp2k/annotations_overlay/training/smithsonian_774.jpg","data/CLP_dataset/clp2k/images/training/smithsonian_774.jpg","data/CLP_dataset/clp2k/annotations/training/smithsonian_774.png","","",""
"","training","1711","data/CLP_dataset/clp2k/annotations_overlay/training/smithsonian_775.jpg","data/CLP_dataset/clp2k/images/training/smithsonian_775.jpg","data/CLP_dataset/clp2k/annotations/training/smithsonian_775.png","","",""
"","training","1712","data/CLP_dataset/clp2k/annotations_overlay/training/smithsonian_778.jpg","data/CLP_dataset/clp2k/images/training/smithsonian_778.jpg","data/CLP_dataset/clp2k/annotations/training/smithsonian_778.png","","",""
"","training","1713","data/CLP_dataset/clp2k/annotations_overlay/training/smithsonian_779.jpg","data/CLP_dataset/clp2k/images/training/smithsonian_779.jpg","data/CLP_dataset/clp2k/annotations/training/smithsonian_779.png","","",""
"","training","1714","data/CLP_dataset/clp2k/annotations_overlay/training/smithsonian_78.jpg","data/CLP_dataset/clp2k/images/training/smithsonian_78.jpg","data/CLP_dataset/clp2k/annotations/training/smithsonian_78.png","","",""
"","training","1715","data/CLP_dataset/clp2k/annotations_overlay/training/smithsonian_780.jpg","data/CLP_dataset/clp2k/images/training/smithsonian_780.jpg","data/CLP_dataset/clp2k/annotations/training/smithsonian_780.png","","",""
"","training","1716","data/CLP_dataset/clp2k/annotations_overlay/training/smithsonian_781.jpg","data/CLP_dataset/clp2k/images/training/smithsonian_781.jpg","data/CLP_dataset/clp2k/annotations/training/smithsonian_781.png","","",""
"","training","1717","data/CLP_dataset/clp2k/annotations_overlay/training/smithsonian_782.jpg","data/CLP_dataset/clp2k/images/training/smithsonian_782.jpg","data/CLP_dataset/clp2k/annotations/training/smithsonian_782.png","","",""
"","training","1718","data/CLP_dataset/clp2k/annotations_overlay/training/smithsonian_784.jpg","data/CLP_dataset/clp2k/images/training/smithsonian_784.jpg","data/CLP_dataset/clp2k/annotations/training/smithsonian_784.png","","",""
"","training","1719","data/CLP_dataset/clp2k/annotations_overlay/training/smithsonian_785.jpg","data/CLP_dataset/clp2k/images/training/smithsonian_785.jpg","data/CLP_dataset/clp2k/annotations/training/smithsonian_785.png","","",""
"","training","1720","data/CLP_dataset/clp2k/annotations_overlay/training/smithsonian_786.jpg","data/CLP_dataset/clp2k/images/training/smithsonian_786.jpg","data/CLP_dataset/clp2k/annotations/training/smithsonian_786.png","","",""
"","training","1721","data/CLP_dataset/clp2k/annotations_overlay/training/smithsonian_787.jpg","data/CLP_dataset/clp2k/images/training/smithsonian_787.jpg","data/CLP_dataset/clp2k/annotations/training/smithsonian_787.png","","",""
"","training","1722","data/CLP_dataset/clp2k/annotations_overlay/training/smithsonian_788.jpg","data/CLP_dataset/clp2k/images/training/smithsonian_788.jpg","data/CLP_dataset/clp2k/annotations/training/smithsonian_788.png","","",""
"","training","1723","data/CLP_dataset/clp2k/annotations_overlay/training/smithsonian_789.jpg","data/CLP_dataset/clp2k/images/training/smithsonian_789.jpg","data/CLP_dataset/clp2k/annotations/training/smithsonian_789.png","","",""
"","training","1724","data/CLP_dataset/clp2k/annotations_overlay/training/smithsonian_79.jpg","data/CLP_dataset/clp2k/images/training/smithsonian_79.jpg","data/CLP_dataset/clp2k/annotations/training/smithsonian_79.png","","",""
"","training","1725","data/CLP_dataset/clp2k/annotations_overlay/training/smithsonian_790.jpg","data/CLP_dataset/clp2k/images/training/smithsonian_790.jpg","data/CLP_dataset/clp2k/annotations/training/smithsonian_790.png","","",""
"","training","1726","data/CLP_dataset/clp2k/annotations_overlay/training/smithsonian_791.jpg","data/CLP_dataset/clp2k/images/training/smithsonian_791.jpg","data/CLP_dataset/clp2k/annotations/training/smithsonian_791.png","","",""
"","training","1727","data/CLP_dataset/clp2k/annotations_overlay/training/smithsonian_794.jpg","data/CLP_dataset/clp2k/images/training/smithsonian_794.jpg","data/CLP_dataset/clp2k/annotations/training/smithsonian_794.png","","",""
"","training","1728","data/CLP_dataset/clp2k/annotations_overlay/training/smithsonian_795.jpg","data/CLP_dataset/clp2k/images/training/smithsonian_795.jpg","data/CLP_dataset/clp2k/annotations/training/smithsonian_795.png","","",""
"","training","1729","data/CLP_dataset/clp2k/annotations_overlay/training/smithsonian_796.jpg","data/CLP_dataset/clp2k/images/training/smithsonian_796.jpg","data/CLP_dataset/clp2k/annotations/training/smithsonian_796.png","","",""
"","training","1730","data/CLP_dataset/clp2k/annotations_overlay/training/smithsonian_797.jpg","data/CLP_dataset/clp2k/images/training/smithsonian_797.jpg","data/CLP_dataset/clp2k/annotations/training/smithsonian_797.png","","",""
"","training","1731","data/CLP_dataset/clp2k/annotations_overlay/training/smithsonian_798.jpg","data/CLP_dataset/clp2k/images/training/smithsonian_798.jpg","data/CLP_dataset/clp2k/annotations/training/smithsonian_798.png","","",""
"","training","1732","data/CLP_dataset/clp2k/annotations_overlay/training/smithsonian_799.jpg","data/CLP_dataset/clp2k/images/training/smithsonian_799.jpg","data/CLP_dataset/clp2k/annotations/training/smithsonian_799.png","","",""
"","training","1733","data/CLP_dataset/clp2k/annotations_overlay/training/smithsonian_8.jpg","data/CLP_dataset/clp2k/images/training/smithsonian_8.jpg","data/CLP_dataset/clp2k/annotations/training/smithsonian_8.png","","",""
"","training","1734","data/CLP_dataset/clp2k/annotations_overlay/training/smithsonian_80.jpg","data/CLP_dataset/clp2k/images/training/smithsonian_80.jpg","data/CLP_dataset/clp2k/annotations/training/smithsonian_80.png","","",""
"","training","1735","data/CLP_dataset/clp2k/annotations_overlay/training/smithsonian_800.jpg","data/CLP_dataset/clp2k/images/training/smithsonian_800.jpg","data/CLP_dataset/clp2k/annotations/training/smithsonian_800.png","","",""
"","training","1736","data/CLP_dataset/clp2k/annotations_overlay/training/smithsonian_801.jpg","data/CLP_dataset/clp2k/images/training/smithsonian_801.jpg","data/CLP_dataset/clp2k/annotations/training/smithsonian_801.png","","",""
"","training","1737","data/CLP_dataset/clp2k/annotations_overlay/training/smithsonian_802.jpg","data/CLP_dataset/clp2k/images/training/smithsonian_802.jpg","data/CLP_dataset/clp2k/annotations/training/smithsonian_802.png","","",""
"","training","1738","data/CLP_dataset/clp2k/annotations_overlay/training/smithsonian_803.jpg","data/CLP_dataset/clp2k/images/training/smithsonian_803.jpg","data/CLP_dataset/clp2k/annotations/training/smithsonian_803.png","","",""
"","training","1739","data/CLP_dataset/clp2k/annotations_overlay/training/smithsonian_805.jpg","data/CLP_dataset/clp2k/images/training/smithsonian_805.jpg","data/CLP_dataset/clp2k/annotations/training/smithsonian_805.png","","",""
"","training","1740","data/CLP_dataset/clp2k/annotations_overlay/training/smithsonian_808.jpg","data/CLP_dataset/clp2k/images/training/smithsonian_808.jpg","data/CLP_dataset/clp2k/annotations/training/smithsonian_808.png","","",""
"","training","1741","data/CLP_dataset/clp2k/annotations_overlay/training/smithsonian_809.jpg","data/CLP_dataset/clp2k/images/training/smithsonian_809.jpg","data/CLP_dataset/clp2k/annotations/training/smithsonian_809.png","","",""
"","training","1742","data/CLP_dataset/clp2k/annotations_overlay/training/smithsonian_81.jpg","data/CLP_dataset/clp2k/images/training/smithsonian_81.jpg","data/CLP_dataset/clp2k/annotations/training/smithsonian_81.png","","",""
"","training","1743","data/CLP_dataset/clp2k/annotations_overlay/training/smithsonian_810.jpg","data/CLP_dataset/clp2k/images/training/smithsonian_810.jpg","data/CLP_dataset/clp2k/annotations/training/smithsonian_810.png","","",""
"","training","1744","data/CLP_dataset/clp2k/annotations_overlay/training/smithsonian_811.jpg","data/CLP_dataset/clp2k/images/training/smithsonian_811.jpg","data/CLP_dataset/clp2k/annotations/training/smithsonian_811.png","","",""
"","training","1745","data/CLP_dataset/clp2k/annotations_overlay/training/smithsonian_812.jpg","data/CLP_dataset/clp2k/images/training/smithsonian_812.jpg","data/CLP_dataset/clp2k/annotations/training/smithsonian_812.png","","",""
"","training","1746","data/CLP_dataset/clp2k/annotations_overlay/training/smithsonian_813.jpg","data/CLP_dataset/clp2k/images/training/smithsonian_813.jpg","data/CLP_dataset/clp2k/annotations/training/smithsonian_813.png","","",""
"","training","1747","data/CLP_dataset/clp2k/annotations_overlay/training/smithsonian_814.jpg","data/CLP_dataset/clp2k/images/training/smithsonian_814.jpg","data/CLP_dataset/clp2k/annotations/training/smithsonian_814.png","","",""
"","training","1748","data/CLP_dataset/clp2k/annotations_overlay/training/smithsonian_816.jpg","data/CLP_dataset/clp2k/images/training/smithsonian_816.jpg","data/CLP_dataset/clp2k/annotations/training/smithsonian_816.png","","",""
"","training","1749","data/CLP_dataset/clp2k/annotations_overlay/training/smithsonian_817.jpg","data/CLP_dataset/clp2k/images/training/smithsonian_817.jpg","data/CLP_dataset/clp2k/annotations/training/smithsonian_817.png","","",""
"","training","1750","data/CLP_dataset/clp2k/annotations_overlay/training/smithsonian_818.jpg","data/CLP_dataset/clp2k/images/training/smithsonian_818.jpg","data/CLP_dataset/clp2k/annotations/training/smithsonian_818.png","","",""
"","training","1751","data/CLP_dataset/clp2k/annotations_overlay/training/smithsonian_819.jpg","data/CLP_dataset/clp2k/images/training/smithsonian_819.jpg","data/CLP_dataset/clp2k/annotations/training/smithsonian_819.png","","",""
"","training","1752","data/CLP_dataset/clp2k/annotations_overlay/training/smithsonian_82.jpg","data/CLP_dataset/clp2k/images/training/smithsonian_82.jpg","data/CLP_dataset/clp2k/annotations/training/smithsonian_82.png","","",""
"","training","1753","data/CLP_dataset/clp2k/annotations_overlay/training/smithsonian_821.jpg","data/CLP_dataset/clp2k/images/training/smithsonian_821.jpg","data/CLP_dataset/clp2k/annotations/training/smithsonian_821.png","","",""
"","training","1754","data/CLP_dataset/clp2k/annotations_overlay/training/smithsonian_822.jpg","data/CLP_dataset/clp2k/images/training/smithsonian_822.jpg","data/CLP_dataset/clp2k/annotations/training/smithsonian_822.png","","",""
"","training","1755","data/CLP_dataset/clp2k/annotations_overlay/training/smithsonian_823.jpg","data/CLP_dataset/clp2k/images/training/smithsonian_823.jpg","data/CLP_dataset/clp2k/annotations/training/smithsonian_823.png","","",""
"","training","1756","data/CLP_dataset/clp2k/annotations_overlay/training/smithsonian_825.jpg","data/CLP_dataset/clp2k/images/training/smithsonian_825.jpg","data/CLP_dataset/clp2k/annotations/training/smithsonian_825.png","","",""
"","training","1757","data/CLP_dataset/clp2k/annotations_overlay/training/smithsonian_826.jpg","data/CLP_dataset/clp2k/images/training/smithsonian_826.jpg","data/CLP_dataset/clp2k/annotations/training/smithsonian_826.png","","",""
"","training","1758","data/CLP_dataset/clp2k/annotations_overlay/training/smithsonian_827.jpg","data/CLP_dataset/clp2k/images/training/smithsonian_827.jpg","data/CLP_dataset/clp2k/annotations/training/smithsonian_827.png","","",""
"","training","1759","data/CLP_dataset/clp2k/annotations_overlay/training/smithsonian_828.jpg","data/CLP_dataset/clp2k/images/training/smithsonian_828.jpg","data/CLP_dataset/clp2k/annotations/training/smithsonian_828.png","","",""
"","training","1760","data/CLP_dataset/clp2k/annotations_overlay/training/smithsonian_829.jpg","data/CLP_dataset/clp2k/images/training/smithsonian_829.jpg","data/CLP_dataset/clp2k/annotations/training/smithsonian_829.png","","",""
"","training","1761","data/CLP_dataset/clp2k/annotations_overlay/training/smithsonian_83.jpg","data/CLP_dataset/clp2k/images/training/smithsonian_83.jpg","data/CLP_dataset/clp2k/annotations/training/smithsonian_83.png","","",""
"","training","1762","data/CLP_dataset/clp2k/annotations_overlay/training/smithsonian_830.jpg","data/CLP_dataset/clp2k/images/training/smithsonian_830.jpg","data/CLP_dataset/clp2k/annotations/training/smithsonian_830.png","","",""
"","training","1763","data/CLP_dataset/clp2k/annotations_overlay/training/smithsonian_831.jpg","data/CLP_dataset/clp2k/images/training/smithsonian_831.jpg","data/CLP_dataset/clp2k/annotations/training/smithsonian_831.png","","",""
"","training","1764","data/CLP_dataset/clp2k/annotations_overlay/training/smithsonian_832.jpg","data/CLP_dataset/clp2k/images/training/smithsonian_832.jpg","data/CLP_dataset/clp2k/annotations/training/smithsonian_832.png","","",""
"","training","1765","data/CLP_dataset/clp2k/annotations_overlay/training/smithsonian_833.jpg","data/CLP_dataset/clp2k/images/training/smithsonian_833.jpg","data/CLP_dataset/clp2k/annotations/training/smithsonian_833.png","","",""
"","training","1766","data/CLP_dataset/clp2k/annotations_overlay/training/smithsonian_835.jpg","data/CLP_dataset/clp2k/images/training/smithsonian_835.jpg","data/CLP_dataset/clp2k/annotations/training/smithsonian_835.png","","",""
"","training","1767","data/CLP_dataset/clp2k/annotations_overlay/training/smithsonian_836.jpg","data/CLP_dataset/clp2k/images/training/smithsonian_836.jpg","data/CLP_dataset/clp2k/annotations/training/smithsonian_836.png","","",""
"","training","1768","data/CLP_dataset/clp2k/annotations_overlay/training/smithsonian_837.jpg","data/CLP_dataset/clp2k/images/training/smithsonian_837.jpg","data/CLP_dataset/clp2k/annotations/training/smithsonian_837.png","","",""
"","training","1769","data/CLP_dataset/clp2k/annotations_overlay/training/smithsonian_838.jpg","data/CLP_dataset/clp2k/images/training/smithsonian_838.jpg","data/CLP_dataset/clp2k/annotations/training/smithsonian_838.png","","",""
"","training","1770","data/CLP_dataset/clp2k/annotations_overlay/training/smithsonian_839.jpg","data/CLP_dataset/clp2k/images/training/smithsonian_839.jpg","data/CLP_dataset/clp2k/annotations/training/smithsonian_839.png","","",""
"","training","1771","data/CLP_dataset/clp2k/annotations_overlay/training/smithsonian_840.jpg","data/CLP_dataset/clp2k/images/training/smithsonian_840.jpg","data/CLP_dataset/clp2k/annotations/training/smithsonian_840.png","","",""
"","training","1772","data/CLP_dataset/clp2k/annotations_overlay/training/smithsonian_841.jpg","data/CLP_dataset/clp2k/images/training/smithsonian_841.jpg","data/CLP_dataset/clp2k/annotations/training/smithsonian_841.png","","",""
"","training","1773","data/CLP_dataset/clp2k/annotations_overlay/training/smithsonian_842.jpg","data/CLP_dataset/clp2k/images/training/smithsonian_842.jpg","data/CLP_dataset/clp2k/annotations/training/smithsonian_842.png","","",""
"","training","1774","data/CLP_dataset/clp2k/annotations_overlay/training/smithsonian_843.jpg","data/CLP_dataset/clp2k/images/training/smithsonian_843.jpg","data/CLP_dataset/clp2k/annotations/training/smithsonian_843.png","","",""
"","training","1775","data/CLP_dataset/clp2k/annotations_overlay/training/smithsonian_844.jpg","data/CLP_dataset/clp2k/images/training/smithsonian_844.jpg","data/CLP_dataset/clp2k/annotations/training/smithsonian_844.png","","",""
"","training","1776","data/CLP_dataset/clp2k/annotations_overlay/training/smithsonian_846.jpg","data/CLP_dataset/clp2k/images/training/smithsonian_846.jpg","data/CLP_dataset/clp2k/annotations/training/smithsonian_846.png","","",""
"","training","1777","data/CLP_dataset/clp2k/annotations_overlay/training/smithsonian_847.jpg","data/CLP_dataset/clp2k/images/training/smithsonian_847.jpg","data/CLP_dataset/clp2k/annotations/training/smithsonian_847.png","","",""
"","training","1778","data/CLP_dataset/clp2k/annotations_overlay/training/smithsonian_848.jpg","data/CLP_dataset/clp2k/images/training/smithsonian_848.jpg","data/CLP_dataset/clp2k/annotations/training/smithsonian_848.png","","",""
"","training","1779","data/CLP_dataset/clp2k/annotations_overlay/training/smithsonian_849.jpg","data/CLP_dataset/clp2k/images/training/smithsonian_849.jpg","data/CLP_dataset/clp2k/annotations/training/smithsonian_849.png","","",""
"","training","1780","data/CLP_dataset/clp2k/annotations_overlay/training/smithsonian_85.jpg","data/CLP_dataset/clp2k/images/training/smithsonian_85.jpg","data/CLP_dataset/clp2k/annotations/training/smithsonian_85.png","","",""
"","training","1781","data/CLP_dataset/clp2k/annotations_overlay/training/smithsonian_850.jpg","data/CLP_dataset/clp2k/images/training/smithsonian_850.jpg","data/CLP_dataset/clp2k/annotations/training/smithsonian_850.png","","",""
"","training","1782","data/CLP_dataset/clp2k/annotations_overlay/training/smithsonian_851.jpg","data/CLP_dataset/clp2k/images/training/smithsonian_851.jpg","data/CLP_dataset/clp2k/annotations/training/smithsonian_851.png","","",""
"","training","1783","data/CLP_dataset/clp2k/annotations_overlay/training/smithsonian_852.jpg","data/CLP_dataset/clp2k/images/training/smithsonian_852.jpg","data/CLP_dataset/clp2k/annotations/training/smithsonian_852.png","","",""
"","training","1784","data/CLP_dataset/clp2k/annotations_overlay/training/smithsonian_853.jpg","data/CLP_dataset/clp2k/images/training/smithsonian_853.jpg","data/CLP_dataset/clp2k/annotations/training/smithsonian_853.png","","",""
"","training","1785","data/CLP_dataset/clp2k/annotations_overlay/training/smithsonian_854.jpg","data/CLP_dataset/clp2k/images/training/smithsonian_854.jpg","data/CLP_dataset/clp2k/annotations/training/smithsonian_854.png","","",""
"","training","1786","data/CLP_dataset/clp2k/annotations_overlay/training/smithsonian_855.jpg","data/CLP_dataset/clp2k/images/training/smithsonian_855.jpg","data/CLP_dataset/clp2k/annotations/training/smithsonian_855.png","","",""
"","training","1787","data/CLP_dataset/clp2k/annotations_overlay/training/smithsonian_856.jpg","data/CLP_dataset/clp2k/images/training/smithsonian_856.jpg","data/CLP_dataset/clp2k/annotations/training/smithsonian_856.png","","",""
"","training","1788","data/CLP_dataset/clp2k/annotations_overlay/training/smithsonian_857.jpg","data/CLP_dataset/clp2k/images/training/smithsonian_857.jpg","data/CLP_dataset/clp2k/annotations/training/smithsonian_857.png","","",""
"","training","1789","data/CLP_dataset/clp2k/annotations_overlay/training/smithsonian_858.jpg","data/CLP_dataset/clp2k/images/training/smithsonian_858.jpg","data/CLP_dataset/clp2k/annotations/training/smithsonian_858.png","","",""
"","training","1790","data/CLP_dataset/clp2k/annotations_overlay/training/smithsonian_859.jpg","data/CLP_dataset/clp2k/images/training/smithsonian_859.jpg","data/CLP_dataset/clp2k/annotations/training/smithsonian_859.png","","",""
"","training","1791","data/CLP_dataset/clp2k/annotations_overlay/training/smithsonian_86.jpg","data/CLP_dataset/clp2k/images/training/smithsonian_86.jpg","data/CLP_dataset/clp2k/annotations/training/smithsonian_86.png","","",""
"","training","1792","data/CLP_dataset/clp2k/annotations_overlay/training/smithsonian_861.jpg","data/CLP_dataset/clp2k/images/training/smithsonian_861.jpg","data/CLP_dataset/clp2k/annotations/training/smithsonian_861.png","","",""
"","training","1793","data/CLP_dataset/clp2k/annotations_overlay/training/smithsonian_862.jpg","data/CLP_dataset/clp2k/images/training/smithsonian_862.jpg","data/CLP_dataset/clp2k/annotations/training/smithsonian_862.png","","",""
"","training","1794","data/CLP_dataset/clp2k/annotations_overlay/training/smithsonian_863.jpg","data/CLP_dataset/clp2k/images/training/smithsonian_863.jpg","data/CLP_dataset/clp2k/annotations/training/smithsonian_863.png","","",""
"","training","1795","data/CLP_dataset/clp2k/annotations_overlay/training/smithsonian_864.jpg","data/CLP_dataset/clp2k/images/training/smithsonian_864.jpg","data/CLP_dataset/clp2k/annotations/training/smithsonian_864.png","","",""
"","training","1796","data/CLP_dataset/clp2k/annotations_overlay/training/smithsonian_865.jpg","data/CLP_dataset/clp2k/images/training/smithsonian_865.jpg","data/CLP_dataset/clp2k/annotations/training/smithsonian_865.png","","",""
"","training","1797","data/CLP_dataset/clp2k/annotations_overlay/training/smithsonian_866.jpg","data/CLP_dataset/clp2k/images/training/smithsonian_866.jpg","data/CLP_dataset/clp2k/annotations/training/smithsonian_866.png","","",""
"","training","1798","data/CLP_dataset/clp2k/annotations_overlay/training/smithsonian_867.jpg","data/CLP_dataset/clp2k/images/training/smithsonian_867.jpg","data/CLP_dataset/clp2k/annotations/training/smithsonian_867.png","","",""
"","training","1799","data/CLP_dataset/clp2k/annotations_overlay/training/smithsonian_868.jpg","data/CLP_dataset/clp2k/images/training/smithsonian_868.jpg","data/CLP_dataset/clp2k/annotations/training/smithsonian_868.png","","",""
"","training","1800","data/CLP_dataset/clp2k/annotations_overlay/training/smithsonian_869.jpg","data/CLP_dataset/clp2k/images/training/smithsonian_869.jpg","data/CLP_dataset/clp2k/annotations/training/smithsonian_869.png","","",""
"","training","1801","data/CLP_dataset/clp2k/annotations_overlay/training/smithsonian_87.jpg","data/CLP_dataset/clp2k/images/training/smithsonian_87.jpg","data/CLP_dataset/clp2k/annotations/training/smithsonian_87.png","","",""
"","training","1802","data/CLP_dataset/clp2k/annotations_overlay/training/smithsonian_870.jpg","data/CLP_dataset/clp2k/images/training/smithsonian_870.jpg","data/CLP_dataset/clp2k/annotations/training/smithsonian_870.png","","",""
"","training","1803","data/CLP_dataset/clp2k/annotations_overlay/training/smithsonian_871.jpg","data/CLP_dataset/clp2k/images/training/smithsonian_871.jpg","data/CLP_dataset/clp2k/annotations/training/smithsonian_871.png","","",""
"","training","1804","data/CLP_dataset/clp2k/annotations_overlay/training/smithsonian_872.jpg","data/CLP_dataset/clp2k/images/training/smithsonian_872.jpg","data/CLP_dataset/clp2k/annotations/training/smithsonian_872.png","","",""
"","training","1805","data/CLP_dataset/clp2k/annotations_overlay/training/smithsonian_873.jpg","data/CLP_dataset/clp2k/images/training/smithsonian_873.jpg","data/CLP_dataset/clp2k/annotations/training/smithsonian_873.png","","",""
"","training","1806","data/CLP_dataset/clp2k/annotations_overlay/training/smithsonian_874.jpg","data/CLP_dataset/clp2k/images/training/smithsonian_874.jpg","data/CLP_dataset/clp2k/annotations/training/smithsonian_874.png","","",""
"","training","1807","data/CLP_dataset/clp2k/annotations_overlay/training/smithsonian_875.jpg","data/CLP_dataset/clp2k/images/training/smithsonian_875.jpg","data/CLP_dataset/clp2k/annotations/training/smithsonian_875.png","","",""
"","training","1808","data/CLP_dataset/clp2k/annotations_overlay/training/smithsonian_877.jpg","data/CLP_dataset/clp2k/images/training/smithsonian_877.jpg","data/CLP_dataset/clp2k/annotations/training/smithsonian_877.png","","",""
"","training","1809","data/CLP_dataset/clp2k/annotations_overlay/training/smithsonian_879.jpg","data/CLP_dataset/clp2k/images/training/smithsonian_879.jpg","data/CLP_dataset/clp2k/annotations/training/smithsonian_879.png","","",""
"","training","1810","data/CLP_dataset/clp2k/annotations_overlay/training/smithsonian_88.jpg","data/CLP_dataset/clp2k/images/training/smithsonian_88.jpg","data/CLP_dataset/clp2k/annotations/training/smithsonian_88.png","","",""
"","training","1811","data/CLP_dataset/clp2k/annotations_overlay/training/smithsonian_9.jpg","data/CLP_dataset/clp2k/images/training/smithsonian_9.jpg","data/CLP_dataset/clp2k/annotations/training/smithsonian_9.png","","",""
"","training","1812","data/CLP_dataset/clp2k/annotations_overlay/training/smithsonian_90.jpg","data/CLP_dataset/clp2k/images/training/smithsonian_90.jpg","data/CLP_dataset/clp2k/annotations/training/smithsonian_90.png","","",""
"","training","1813","data/CLP_dataset/clp2k/annotations_overlay/training/smithsonian_91.jpg","data/CLP_dataset/clp2k/images/training/smithsonian_91.jpg","data/CLP_dataset/clp2k/annotations/training/smithsonian_91.png","","",""
"","training","1814","data/CLP_dataset/clp2k/annotations_overlay/training/smithsonian_92.jpg","data/CLP_dataset/clp2k/images/training/smithsonian_92.jpg","data/CLP_dataset/clp2k/annotations/training/smithsonian_92.png","","",""
"","training","1815","data/CLP_dataset/clp2k/annotations_overlay/training/smithsonian_93.jpg","data/CLP_dataset/clp2k/images/training/smithsonian_93.jpg","data/CLP_dataset/clp2k/annotations/training/smithsonian_93.png","","",""
"","training","1816","data/CLP_dataset/clp2k/annotations_overlay/training/smithsonian_94.jpg","data/CLP_dataset/clp2k/images/training/smithsonian_94.jpg","data/CLP_dataset/clp2k/annotations/training/smithsonian_94.png","","",""
"","training","1817","data/CLP_dataset/clp2k/annotations_overlay/training/smithsonian_95.jpg","data/CLP_dataset/clp2k/images/training/smithsonian_95.jpg","data/CLP_dataset/clp2k/annotations/training/smithsonian_95.png","","",""
"","training","1818","data/CLP_dataset/clp2k/annotations_overlay/training/smithsonian_96.jpg","data/CLP_dataset/clp2k/images/training/smithsonian_96.jpg","data/CLP_dataset/clp2k/annotations/training/smithsonian_96.png","","",""
"","training","1819","data/CLP_dataset/clp2k/annotations_overlay/training/smithsonian_97.jpg","data/CLP_dataset/clp2k/images/training/smithsonian_97.jpg","data/CLP_dataset/clp2k/annotations/training/smithsonian_97.png","","",""
"","training","1820","data/CLP_dataset/clp2k/annotations_overlay/training/smithsonian_98.jpg","data/CLP_dataset/clp2k/images/training/smithsonian_98.jpg","data/CLP_dataset/clp2k/annotations/training/smithsonian_98.png","","",""
"","training","1821","data/CLP_dataset/clp2k/annotations_overlay/training/smithsonian_99.jpg","data/CLP_dataset/clp2k/images/training/smithsonian_99.jpg","data/CLP_dataset/clp2k/annotations/training/smithsonian_99.png","","",""
"","training","1822","data/CLP_dataset/clp2k/annotations_overlay/training/sushi_yanjiangdiezhangtu_144.jpg","data/CLP_dataset/clp2k/images/training/sushi_yanjiangdiezhangtu_144.jpg","data/CLP_dataset/clp2k/annotations/training/sushi_yanjiangdiezhangtu_144.png","","",""
"","training","1823","data/CLP_dataset/clp2k/annotations_overlay/training/sushi_yanjiangdiezhangtu_146.jpg","data/CLP_dataset/clp2k/images/training/sushi_yanjiangdiezhangtu_146.jpg","data/CLP_dataset/clp2k/annotations/training/sushi_yanjiangdiezhangtu_146.png","","",""
"","training","1824","data/CLP_dataset/clp2k/annotations_overlay/training/sushi_yanjiangdiezhangtu_147.jpg","data/CLP_dataset/clp2k/images/training/sushi_yanjiangdiezhangtu_147.jpg","data/CLP_dataset/clp2k/annotations/training/sushi_yanjiangdiezhangtu_147.png","","",""
"","training","1825","data/CLP_dataset/clp2k/annotations_overlay/training/sushi_yanjiangdiezhangtu_155.jpg","data/CLP_dataset/clp2k/images/training/sushi_yanjiangdiezhangtu_155.jpg","data/CLP_dataset/clp2k/annotations/training/sushi_yanjiangdiezhangtu_155.png","","",""
"","training","1826","data/CLP_dataset/clp2k/annotations_overlay/training/sushi_yanjiangdiezhangtu_157.jpg","data/CLP_dataset/clp2k/images/training/sushi_yanjiangdiezhangtu_157.jpg","data/CLP_dataset/clp2k/annotations/training/sushi_yanjiangdiezhangtu_157.png","","",""
"","training","1827","data/CLP_dataset/clp2k/annotations_overlay/training/sushi_yanjiangdiezhangtu_159.jpg","data/CLP_dataset/clp2k/images/training/sushi_yanjiangdiezhangtu_159.jpg","data/CLP_dataset/clp2k/annotations/training/sushi_yanjiangdiezhangtu_159.png","","",""
"","training","1828","data/CLP_dataset/clp2k/annotations_overlay/training/sushi_yanjiangdiezhangtu_160.jpg","data/CLP_dataset/clp2k/images/training/sushi_yanjiangdiezhangtu_160.jpg","data/CLP_dataset/clp2k/annotations/training/sushi_yanjiangdiezhangtu_160.png","","",""
"","training","1829","data/CLP_dataset/clp2k/annotations_overlay/training/sushi_yanjiangdiezhangtu_166.jpg","data/CLP_dataset/clp2k/images/training/sushi_yanjiangdiezhangtu_166.jpg","data/CLP_dataset/clp2k/annotations/training/sushi_yanjiangdiezhangtu_166.png","","",""
"","training","1830","data/CLP_dataset/clp2k/annotations_overlay/training/sushi_yanjiangdiezhangtu_168.jpg","data/CLP_dataset/clp2k/images/training/sushi_yanjiangdiezhangtu_168.jpg","data/CLP_dataset/clp2k/annotations/training/sushi_yanjiangdiezhangtu_168.png","","",""
"","training","1831","data/CLP_dataset/clp2k/annotations_overlay/training/sushi_yanjiangdiezhangtu_34.jpg","data/CLP_dataset/clp2k/images/training/sushi_yanjiangdiezhangtu_34.jpg","data/CLP_dataset/clp2k/annotations/training/sushi_yanjiangdiezhangtu_34.png","","",""
"","training","1832","data/CLP_dataset/clp2k/annotations_overlay/training/sushi_yanjiangdiezhangtu_36.jpg","data/CLP_dataset/clp2k/images/training/sushi_yanjiangdiezhangtu_36.jpg","data/CLP_dataset/clp2k/annotations/training/sushi_yanjiangdiezhangtu_36.png","","",""
"","training","1833","data/CLP_dataset/clp2k/annotations_overlay/training/sushi_yanjiangdiezhangtu_37.jpg","data/CLP_dataset/clp2k/images/training/sushi_yanjiangdiezhangtu_37.jpg","data/CLP_dataset/clp2k/annotations/training/sushi_yanjiangdiezhangtu_37.png","","",""
"","training","1834","data/CLP_dataset/clp2k/annotations_overlay/training/sushi_yanjiangdiezhangtu_38.jpg","data/CLP_dataset/clp2k/images/training/sushi_yanjiangdiezhangtu_38.jpg","data/CLP_dataset/clp2k/annotations/training/sushi_yanjiangdiezhangtu_38.png","","",""
"","training","1835","data/CLP_dataset/clp2k/annotations_overlay/training/sushi_yanjiangdiezhangtu_39.jpg","data/CLP_dataset/clp2k/images/training/sushi_yanjiangdiezhangtu_39.jpg","data/CLP_dataset/clp2k/annotations/training/sushi_yanjiangdiezhangtu_39.png","","",""
"","training","1836","data/CLP_dataset/clp2k/annotations_overlay/training/sushi_yanjiangdiezhangtu_67.jpg","data/CLP_dataset/clp2k/images/training/sushi_yanjiangdiezhangtu_67.jpg","data/CLP_dataset/clp2k/annotations/training/sushi_yanjiangdiezhangtu_67.png","","",""
"","training","1837","data/CLP_dataset/clp2k/annotations_overlay/training/sushi_yanjiangdiezhangtu_68.jpg","data/CLP_dataset/clp2k/images/training/sushi_yanjiangdiezhangtu_68.jpg","data/CLP_dataset/clp2k/annotations/training/sushi_yanjiangdiezhangtu_68.png","","",""
"","training","1838","data/CLP_dataset/clp2k/annotations_overlay/training/sushi_yanjiangdiezhangtu_69.jpg","data/CLP_dataset/clp2k/images/training/sushi_yanjiangdiezhangtu_69.jpg","data/CLP_dataset/clp2k/annotations/training/sushi_yanjiangdiezhangtu_69.png","","",""
"","training","1839","data/CLP_dataset/clp2k/annotations_overlay/training/sushi_yanjiangdiezhangtu_72.jpg","data/CLP_dataset/clp2k/images/training/sushi_yanjiangdiezhangtu_72.jpg","data/CLP_dataset/clp2k/annotations/training/sushi_yanjiangdiezhangtu_72.png","","",""
"","training","1840","data/CLP_dataset/clp2k/annotations_overlay/training/sushi_yanjiangdiezhangtu_89.jpg","data/CLP_dataset/clp2k/images/training/sushi_yanjiangdiezhangtu_89.jpg","data/CLP_dataset/clp2k/annotations/training/sushi_yanjiangdiezhangtu_89.png","","",""
"","training","1841","data/CLP_dataset/clp2k/annotations_overlay/training/sushi_yanjiangdiezhangtu_97.jpg","data/CLP_dataset/clp2k/images/training/sushi_yanjiangdiezhangtu_97.jpg","data/CLP_dataset/clp2k/annotations/training/sushi_yanjiangdiezhangtu_97.png","","",""
"","training","1842","data/CLP_dataset/clp2k/annotations_overlay/training/taiguyiminjiangshanxinglvtu_13.jpg","data/CLP_dataset/clp2k/images/training/taiguyiminjiangshanxinglvtu_13.jpg","data/CLP_dataset/clp2k/annotations/training/taiguyiminjiangshanxinglvtu_13.png","","",""
"","training","1843","data/CLP_dataset/clp2k/annotations_overlay/training/taiguyiminjiangshanxinglvtu_23.jpg","data/CLP_dataset/clp2k/images/training/taiguyiminjiangshanxinglvtu_23.jpg","data/CLP_dataset/clp2k/annotations/training/taiguyiminjiangshanxinglvtu_23.png","","",""
"","training","1844","data/CLP_dataset/clp2k/annotations_overlay/training/taiguyiminjiangshanxinglvtu_32.jpg","data/CLP_dataset/clp2k/images/training/taiguyiminjiangshanxinglvtu_32.jpg","data/CLP_dataset/clp2k/annotations/training/taiguyiminjiangshanxinglvtu_32.png","","",""
"","training","1845","data/CLP_dataset/clp2k/annotations_overlay/training/taiguyiminjiangshanxinglvtu_43.jpg","data/CLP_dataset/clp2k/images/training/taiguyiminjiangshanxinglvtu_43.jpg","data/CLP_dataset/clp2k/annotations/training/taiguyiminjiangshanxinglvtu_43.png","","",""
"","training","1846","data/CLP_dataset/clp2k/annotations_overlay/training/taiguyiminjiangshanxinglvtu_44.jpg","data/CLP_dataset/clp2k/images/training/taiguyiminjiangshanxinglvtu_44.jpg","data/CLP_dataset/clp2k/annotations/training/taiguyiminjiangshanxinglvtu_44.png","","",""
"","training","1847","data/CLP_dataset/clp2k/annotations_overlay/training/taiguyiminjiangshanxinglvtu_46.jpg","data/CLP_dataset/clp2k/images/training/taiguyiminjiangshanxinglvtu_46.jpg","data/CLP_dataset/clp2k/annotations/training/taiguyiminjiangshanxinglvtu_46.png","","",""
"","training","1848","data/CLP_dataset/clp2k/annotations_overlay/training/taiguyiminjiangshanxinglvtu_47.jpg","data/CLP_dataset/clp2k/images/training/taiguyiminjiangshanxinglvtu_47.jpg","data/CLP_dataset/clp2k/annotations/training/taiguyiminjiangshanxinglvtu_47.png","","",""
"","training","1849","data/CLP_dataset/clp2k/annotations_overlay/training/taiguyiminjiangshanxinglvtu_50.jpg","data/CLP_dataset/clp2k/images/training/taiguyiminjiangshanxinglvtu_50.jpg","data/CLP_dataset/clp2k/annotations/training/taiguyiminjiangshanxinglvtu_50.png","","",""
"","training","1850","data/CLP_dataset/clp2k/annotations_overlay/training/taiguyiminjiangshanxinglvtu_52.jpg","data/CLP_dataset/clp2k/images/training/taiguyiminjiangshanxinglvtu_52.jpg","data/CLP_dataset/clp2k/annotations/training/taiguyiminjiangshanxinglvtu_52.png","","",""
"","training","1851","data/CLP_dataset/clp2k/annotations_overlay/training/taiguyiminjiangshanxinglvtu_58.jpg","data/CLP_dataset/clp2k/images/training/taiguyiminjiangshanxinglvtu_58.jpg","data/CLP_dataset/clp2k/annotations/training/taiguyiminjiangshanxinglvtu_58.png","","",""
"","training","1852","data/CLP_dataset/clp2k/annotations_overlay/training/taiguyiminjiangshanxinglvtu_68.jpg","data/CLP_dataset/clp2k/images/training/taiguyiminjiangshanxinglvtu_68.jpg","data/CLP_dataset/clp2k/annotations/training/taiguyiminjiangshanxinglvtu_68.png","","",""
"","training","1853","data/CLP_dataset/clp2k/annotations_overlay/training/tang-yin_making-tea_2.jpg","data/CLP_dataset/clp2k/images/training/tang-yin_making-tea_2.jpg","data/CLP_dataset/clp2k/annotations/training/tang-yin_making-tea_2.png","","",""
"","training","1854","data/CLP_dataset/clp2k/annotations_overlay/training/tang-yin_making-tea_3.jpg","data/CLP_dataset/clp2k/images/training/tang-yin_making-tea_3.jpg","data/CLP_dataset/clp2k/annotations/training/tang-yin_making-tea_3.png","","",""
"","training","1855","data/CLP_dataset/clp2k/annotations_overlay/training/wang-jian_styles-of-old-masters_3.jpg","data/CLP_dataset/clp2k/images/training/wang-jian_styles-of-old-masters_3.jpg","data/CLP_dataset/clp2k/annotations/training/wang-jian_styles-of-old-masters_3.png","","",""
"","training","1856","data/CLP_dataset/clp2k/annotations_overlay/training/wang-jian_styles-of-old-masters_6.jpg","data/CLP_dataset/clp2k/images/training/wang-jian_styles-of-old-masters_6.jpg","data/CLP_dataset/clp2k/annotations/training/wang-jian_styles-of-old-masters_6.png","","",""
"","training","1857","data/CLP_dataset/clp2k/annotations_overlay/training/wang-jian_white-clouds-on-the-xiao-and-xiang-rivers_5.jpg","data/CLP_dataset/clp2k/images/training/wang-jian_white-clouds-on-the-xiao-and-xiang-rivers_5.jpg","data/CLP_dataset/clp2k/annotations/training/wang-jian_white-clouds-on-the-xiao-and-xiang-rivers_5.png","","",""
"","training","1858","data/CLP_dataset/clp2k/annotations_overlay/training/wang-jian_white-clouds-on-the-xiao-and-xiang-rivers_6.jpg","data/CLP_dataset/clp2k/images/training/wang-jian_white-clouds-on-the-xiao-and-xiang-rivers_6.jpg","data/CLP_dataset/clp2k/annotations/training/wang-jian_white-clouds-on-the-xiao-and-xiang-rivers_6.png","","",""
"","training","1859","data/CLP_dataset/clp2k/annotations_overlay/training/wang-jian_white-clouds-on-the-xiao-and-xiang-rivers_7.jpg","data/CLP_dataset/clp2k/images/training/wang-jian_white-clouds-on-the-xiao-and-xiang-rivers_7.jpg","data/CLP_dataset/clp2k/annotations/training/wang-jian_white-clouds-on-the-xiao-and-xiang-rivers_7.png","","",""
"","training","1860","data/CLP_dataset/clp2k/annotations_overlay/training/wang-shimin_clearing-of-rivers-and-mountains-after-snow_1.jpg","data/CLP_dataset/clp2k/images/training/wang-shimin_clearing-of-rivers-and-mountains-after-snow_1.jpg","data/CLP_dataset/clp2k/annotations/training/wang-shimin_clearing-of-rivers-and-mountains-after-snow_1.png","","",""
"","training","1861","data/CLP_dataset/clp2k/annotations_overlay/training/wang-shimin_clearing-of-rivers-and-mountains-after-snow_3.jpg","data/CLP_dataset/clp2k/images/training/wang-shimin_clearing-of-rivers-and-mountains-after-snow_3.jpg","data/CLP_dataset/clp2k/annotations/training/wang-shimin_clearing-of-rivers-and-mountains-after-snow_3.png","","",""
"","training","1862","data/CLP_dataset/clp2k/annotations_overlay/training/wang-shimin_clearing-of-rivers-and-mountains-after-snow_5.jpg","data/CLP_dataset/clp2k/images/training/wang-shimin_clearing-of-rivers-and-mountains-after-snow_5.jpg","data/CLP_dataset/clp2k/annotations/training/wang-shimin_clearing-of-rivers-and-mountains-after-snow_5.png","","",""
"","training","1863","data/CLP_dataset/clp2k/annotations_overlay/training/wang-shimin_clearing-of-rivers-and-mountains-after-snow_6.jpg","data/CLP_dataset/clp2k/images/training/wang-shimin_clearing-of-rivers-and-mountains-after-snow_6.jpg","data/CLP_dataset/clp2k/annotations/training/wang-shimin_clearing-of-rivers-and-mountains-after-snow_6.png","","",""
"","training","1864","data/CLP_dataset/clp2k/annotations_overlay/training/wang-shimin_clearing-of-rivers-and-mountains-after-snow_7.jpg","data/CLP_dataset/clp2k/images/training/wang-shimin_clearing-of-rivers-and-mountains-after-snow_7.jpg","data/CLP_dataset/clp2k/annotations/training/wang-shimin_clearing-of-rivers-and-mountains-after-snow_7.png","","",""
"","training","1865","data/CLP_dataset/clp2k/annotations_overlay/training/wang-yuanqi_autumn-mountains_2.jpg","data/CLP_dataset/clp2k/images/training/wang-yuanqi_autumn-mountains_2.jpg","data/CLP_dataset/clp2k/annotations/training/wang-yuanqi_autumn-mountains_2.png","","",""
"","training","1866","data/CLP_dataset/clp2k/annotations_overlay/training/wang-yuanqi_autumn-mountains_3.jpg","data/CLP_dataset/clp2k/images/training/wang-yuanqi_autumn-mountains_3.jpg","data/CLP_dataset/clp2k/annotations/training/wang-yuanqi_autumn-mountains_3.png","","",""
"","training","1867","data/CLP_dataset/clp2k/annotations_overlay/training/wang-yuanqi_autumn-mountains_5.jpg","data/CLP_dataset/clp2k/images/training/wang-yuanqi_autumn-mountains_5.jpg","data/CLP_dataset/clp2k/annotations/training/wang-yuanqi_autumn-mountains_5.png","","",""
"","training","1868","data/CLP_dataset/clp2k/annotations_overlay/training/wang-yuanqi_autumn-mountains_6.jpg","data/CLP_dataset/clp2k/images/training/wang-yuanqi_autumn-mountains_6.jpg","data/CLP_dataset/clp2k/annotations/training/wang-yuanqi_autumn-mountains_6.png","","",""
"","training","1869","data/CLP_dataset/clp2k/annotations_overlay/training/wangximen_101.jpg","data/CLP_dataset/clp2k/images/training/wangximen_101.jpg","data/CLP_dataset/clp2k/annotations/training/wangximen_101.png","","",""
"","training","1870","data/CLP_dataset/clp2k/annotations_overlay/training/wangximen_102.jpg","data/CLP_dataset/clp2k/images/training/wangximen_102.jpg","data/CLP_dataset/clp2k/annotations/training/wangximen_102.png","","",""
"","training","1871","data/CLP_dataset/clp2k/annotations_overlay/training/wangximen_104.jpg","data/CLP_dataset/clp2k/images/training/wangximen_104.jpg","data/CLP_dataset/clp2k/annotations/training/wangximen_104.png","","",""
"","training","1872","data/CLP_dataset/clp2k/annotations_overlay/training/wangximen_105.jpg","data/CLP_dataset/clp2k/images/training/wangximen_105.jpg","data/CLP_dataset/clp2k/annotations/training/wangximen_105.png","","",""
"","training","1873","data/CLP_dataset/clp2k/annotations_overlay/training/wangximen_108.jpg","data/CLP_dataset/clp2k/images/training/wangximen_108.jpg","data/CLP_dataset/clp2k/annotations/training/wangximen_108.png","","",""
"","training","1874","data/CLP_dataset/clp2k/annotations_overlay/training/wangximen_11.jpg","data/CLP_dataset/clp2k/images/training/wangximen_11.jpg","data/CLP_dataset/clp2k/annotations/training/wangximen_11.png","","",""
"","training","1875","data/CLP_dataset/clp2k/annotations_overlay/training/wangximen_110.jpg","data/CLP_dataset/clp2k/images/training/wangximen_110.jpg","data/CLP_dataset/clp2k/annotations/training/wangximen_110.png","","",""
"","training","1876","data/CLP_dataset/clp2k/annotations_overlay/training/wangximen_114.jpg","data/CLP_dataset/clp2k/images/training/wangximen_114.jpg","data/CLP_dataset/clp2k/annotations/training/wangximen_114.png","","",""
"","training","1877","data/CLP_dataset/clp2k/annotations_overlay/training/wangximen_116.jpg","data/CLP_dataset/clp2k/images/training/wangximen_116.jpg","data/CLP_dataset/clp2k/annotations/training/wangximen_116.png","","",""
"","training","1878","data/CLP_dataset/clp2k/annotations_overlay/training/wangximen_117.jpg","data/CLP_dataset/clp2k/images/training/wangximen_117.jpg","data/CLP_dataset/clp2k/annotations/training/wangximen_117.png","","",""
"","training","1879","data/CLP_dataset/clp2k/annotations_overlay/training/wangximen_118.jpg","data/CLP_dataset/clp2k/images/training/wangximen_118.jpg","data/CLP_dataset/clp2k/annotations/training/wangximen_118.png","","",""
"","training","1880","data/CLP_dataset/clp2k/annotations_overlay/training/wangximen_12.jpg","data/CLP_dataset/clp2k/images/training/wangximen_12.jpg","data/CLP_dataset/clp2k/annotations/training/wangximen_12.png","","",""
"","training","1881","data/CLP_dataset/clp2k/annotations_overlay/training/wangximen_120.jpg","data/CLP_dataset/clp2k/images/training/wangximen_120.jpg","data/CLP_dataset/clp2k/annotations/training/wangximen_120.png","","",""
"","training","1882","data/CLP_dataset/clp2k/annotations_overlay/training/wangximen_122.jpg","data/CLP_dataset/clp2k/images/training/wangximen_122.jpg","data/CLP_dataset/clp2k/annotations/training/wangximen_122.png","","",""
"","training","1883","data/CLP_dataset/clp2k/annotations_overlay/training/wangximen_123.jpg","data/CLP_dataset/clp2k/images/training/wangximen_123.jpg","data/CLP_dataset/clp2k/annotations/training/wangximen_123.png","","",""
"","training","1884","data/CLP_dataset/clp2k/annotations_overlay/training/wangximen_125.jpg","data/CLP_dataset/clp2k/images/training/wangximen_125.jpg","data/CLP_dataset/clp2k/annotations/training/wangximen_125.png","","",""
"","training","1885","data/CLP_dataset/clp2k/annotations_overlay/training/wangximen_128.jpg","data/CLP_dataset/clp2k/images/training/wangximen_128.jpg","data/CLP_dataset/clp2k/annotations/training/wangximen_128.png","","",""
"","training","1886","data/CLP_dataset/clp2k/annotations_overlay/training/wangximen_131.jpg","data/CLP_dataset/clp2k/images/training/wangximen_131.jpg","data/CLP_dataset/clp2k/annotations/training/wangximen_131.png","","",""
"","training","1887","data/CLP_dataset/clp2k/annotations_overlay/training/wangximen_133.jpg","data/CLP_dataset/clp2k/images/training/wangximen_133.jpg","data/CLP_dataset/clp2k/annotations/training/wangximen_133.png","","",""
"","training","1888","data/CLP_dataset/clp2k/annotations_overlay/training/wangximen_134.jpg","data/CLP_dataset/clp2k/images/training/wangximen_134.jpg","data/CLP_dataset/clp2k/annotations/training/wangximen_134.png","","",""
"","training","1889","data/CLP_dataset/clp2k/annotations_overlay/training/wangximen_135.jpg","data/CLP_dataset/clp2k/images/training/wangximen_135.jpg","data/CLP_dataset/clp2k/annotations/training/wangximen_135.png","","",""
"","training","1890","data/CLP_dataset/clp2k/annotations_overlay/training/wangximen_136.jpg","data/CLP_dataset/clp2k/images/training/wangximen_136.jpg","data/CLP_dataset/clp2k/annotations/training/wangximen_136.png","","",""
"","training","1891","data/CLP_dataset/clp2k/annotations_overlay/training/wangximen_137.jpg","data/CLP_dataset/clp2k/images/training/wangximen_137.jpg","data/CLP_dataset/clp2k/annotations/training/wangximen_137.png","","",""
"","training","1892","data/CLP_dataset/clp2k/annotations_overlay/training/wangximen_138.jpg","data/CLP_dataset/clp2k/images/training/wangximen_138.jpg","data/CLP_dataset/clp2k/annotations/training/wangximen_138.png","","",""
"","training","1893","data/CLP_dataset/clp2k/annotations_overlay/training/wangximen_14.jpg","data/CLP_dataset/clp2k/images/training/wangximen_14.jpg","data/CLP_dataset/clp2k/annotations/training/wangximen_14.png","","",""
"","training","1894","data/CLP_dataset/clp2k/annotations_overlay/training/wangximen_141.jpg","data/CLP_dataset/clp2k/images/training/wangximen_141.jpg","data/CLP_dataset/clp2k/annotations/training/wangximen_141.png","","",""
"","training","1895","data/CLP_dataset/clp2k/annotations_overlay/training/wangximen_156.jpg","data/CLP_dataset/clp2k/images/training/wangximen_156.jpg","data/CLP_dataset/clp2k/annotations/training/wangximen_156.png","","",""
"","training","1896","data/CLP_dataset/clp2k/annotations_overlay/training/wangximen_158.jpg","data/CLP_dataset/clp2k/images/training/wangximen_158.jpg","data/CLP_dataset/clp2k/annotations/training/wangximen_158.png","","",""
"","training","1897","data/CLP_dataset/clp2k/annotations_overlay/training/wangximen_161.jpg","data/CLP_dataset/clp2k/images/training/wangximen_161.jpg","data/CLP_dataset/clp2k/annotations/training/wangximen_161.png","","",""
"","training","1898","data/CLP_dataset/clp2k/annotations_overlay/training/wangximen_162.jpg","data/CLP_dataset/clp2k/images/training/wangximen_162.jpg","data/CLP_dataset/clp2k/annotations/training/wangximen_162.png","","",""
"","training","1899","data/CLP_dataset/clp2k/annotations_overlay/training/wangximen_164.jpg","data/CLP_dataset/clp2k/images/training/wangximen_164.jpg","data/CLP_dataset/clp2k/annotations/training/wangximen_164.png","","",""
"","training","1900","data/CLP_dataset/clp2k/annotations_overlay/training/wangximen_167.jpg","data/CLP_dataset/clp2k/images/training/wangximen_167.jpg","data/CLP_dataset/clp2k/annotations/training/wangximen_167.png","","",""
"","training","1901","data/CLP_dataset/clp2k/annotations_overlay/training/wangximen_17.jpg","data/CLP_dataset/clp2k/images/training/wangximen_17.jpg","data/CLP_dataset/clp2k/annotations/training/wangximen_17.png","","",""
"","training","1902","data/CLP_dataset/clp2k/annotations_overlay/training/wangximen_18.jpg","data/CLP_dataset/clp2k/images/training/wangximen_18.jpg","data/CLP_dataset/clp2k/annotations/training/wangximen_18.png","","",""
"","training","1903","data/CLP_dataset/clp2k/annotations_overlay/training/wangximen_21.jpg","data/CLP_dataset/clp2k/images/training/wangximen_21.jpg","data/CLP_dataset/clp2k/annotations/training/wangximen_21.png","","",""
"","training","1904","data/CLP_dataset/clp2k/annotations_overlay/training/wangximen_24.jpg","data/CLP_dataset/clp2k/images/training/wangximen_24.jpg","data/CLP_dataset/clp2k/annotations/training/wangximen_24.png","","",""
"","training","1905","data/CLP_dataset/clp2k/annotations_overlay/training/wangximen_26.jpg","data/CLP_dataset/clp2k/images/training/wangximen_26.jpg","data/CLP_dataset/clp2k/annotations/training/wangximen_26.png","","",""
"","training","1906","data/CLP_dataset/clp2k/annotations_overlay/training/wangximen_27.jpg","data/CLP_dataset/clp2k/images/training/wangximen_27.jpg","data/CLP_dataset/clp2k/annotations/training/wangximen_27.png","","",""
"","training","1907","data/CLP_dataset/clp2k/annotations_overlay/training/wangximen_32.jpg","data/CLP_dataset/clp2k/images/training/wangximen_32.jpg","data/CLP_dataset/clp2k/annotations/training/wangximen_32.png","","",""
"","training","1908","data/CLP_dataset/clp2k/annotations_overlay/training/wangximen_38.jpg","data/CLP_dataset/clp2k/images/training/wangximen_38.jpg","data/CLP_dataset/clp2k/annotations/training/wangximen_38.png","","",""
"","training","1909","data/CLP_dataset/clp2k/annotations_overlay/training/wangximen_41.jpg","data/CLP_dataset/clp2k/images/training/wangximen_41.jpg","data/CLP_dataset/clp2k/annotations/training/wangximen_41.png","","",""
"","training","1910","data/CLP_dataset/clp2k/annotations_overlay/training/wangximen_47.jpg","data/CLP_dataset/clp2k/images/training/wangximen_47.jpg","data/CLP_dataset/clp2k/annotations/training/wangximen_47.png","","",""
"","training","1911","data/CLP_dataset/clp2k/annotations_overlay/training/wangximen_51.jpg","data/CLP_dataset/clp2k/images/training/wangximen_51.jpg","data/CLP_dataset/clp2k/annotations/training/wangximen_51.png","","",""
"","training","1912","data/CLP_dataset/clp2k/annotations_overlay/training/wangximen_53.jpg","data/CLP_dataset/clp2k/images/training/wangximen_53.jpg","data/CLP_dataset/clp2k/annotations/training/wangximen_53.png","","",""
"","training","1913","data/CLP_dataset/clp2k/annotations_overlay/training/wangximen_59.jpg","data/CLP_dataset/clp2k/images/training/wangximen_59.jpg","data/CLP_dataset/clp2k/annotations/training/wangximen_59.png","","",""
"","training","1914","data/CLP_dataset/clp2k/annotations_overlay/training/wangximen_63.jpg","data/CLP_dataset/clp2k/images/training/wangximen_63.jpg","data/CLP_dataset/clp2k/annotations/training/wangximen_63.png","","",""
"","training","1915","data/CLP_dataset/clp2k/annotations_overlay/training/wangximen_68.jpg","data/CLP_dataset/clp2k/images/training/wangximen_68.jpg","data/CLP_dataset/clp2k/annotations/training/wangximen_68.png","","",""
"","training","1916","data/CLP_dataset/clp2k/annotations_overlay/training/wangximen_69.jpg","data/CLP_dataset/clp2k/images/training/wangximen_69.jpg","data/CLP_dataset/clp2k/annotations/training/wangximen_69.png","","",""
"","training","1917","data/CLP_dataset/clp2k/annotations_overlay/training/wangximen_70.jpg","data/CLP_dataset/clp2k/images/training/wangximen_70.jpg","data/CLP_dataset/clp2k/annotations/training/wangximen_70.png","","",""
"","training","1918","data/CLP_dataset/clp2k/annotations_overlay/training/wangximen_71.jpg","data/CLP_dataset/clp2k/images/training/wangximen_71.jpg","data/CLP_dataset/clp2k/annotations/training/wangximen_71.png","","",""
"","training","1919","data/CLP_dataset/clp2k/annotations_overlay/training/wangximen_75.jpg","data/CLP_dataset/clp2k/images/training/wangximen_75.jpg","data/CLP_dataset/clp2k/annotations/training/wangximen_75.png","","",""
"","training","1920","data/CLP_dataset/clp2k/annotations_overlay/training/wangximen_86.jpg","data/CLP_dataset/clp2k/images/training/wangximen_86.jpg","data/CLP_dataset/clp2k/annotations/training/wangximen_86.png","","",""
"","training","1921","data/CLP_dataset/clp2k/annotations_overlay/training/wangximen_87.jpg","data/CLP_dataset/clp2k/images/training/wangximen_87.jpg","data/CLP_dataset/clp2k/annotations/training/wangximen_87.png","","",""
"","training","1922","data/CLP_dataset/clp2k/annotations_overlay/training/wangximen_89.jpg","data/CLP_dataset/clp2k/images/training/wangximen_89.jpg","data/CLP_dataset/clp2k/annotations/training/wangximen_89.png","","",""
"","training","1923","data/CLP_dataset/clp2k/annotations_overlay/training/wangximen_95.jpg","data/CLP_dataset/clp2k/images/training/wangximen_95.jpg","data/CLP_dataset/clp2k/annotations/training/wangximen_95.png","","",""
"","training","1924","data/CLP_dataset/clp2k/annotations_overlay/training/wangximen_99.jpg","data/CLP_dataset/clp2k/images/training/wangximen_99.jpg","data/CLP_dataset/clp2k/annotations/training/wangximen_99.png","","",""
"","training","1925","data/CLP_dataset/clp2k/annotations_overlay/training/wen-zhengming_peach-blossom-spring_10.jpg","data/CLP_dataset/clp2k/images/training/wen-zhengming_peach-blossom-spring_10.jpg","data/CLP_dataset/clp2k/annotations/training/wen-zhengming_peach-blossom-spring_10.png","","",""
"","training","1926","data/CLP_dataset/clp2k/annotations_overlay/training/wen-zhengming_peach-blossom-spring_11.jpg","data/CLP_dataset/clp2k/images/training/wen-zhengming_peach-blossom-spring_11.jpg","data/CLP_dataset/clp2k/annotations/training/wen-zhengming_peach-blossom-spring_11.png","","",""
"","training","1927","data/CLP_dataset/clp2k/annotations_overlay/training/wen-zhengming_peach-blossom-spring_12.jpg","data/CLP_dataset/clp2k/images/training/wen-zhengming_peach-blossom-spring_12.jpg","data/CLP_dataset/clp2k/annotations/training/wen-zhengming_peach-blossom-spring_12.png","","",""
"","training","1928","data/CLP_dataset/clp2k/annotations_overlay/training/wen-zhengming_peach-blossom-spring_13.jpg","data/CLP_dataset/clp2k/images/training/wen-zhengming_peach-blossom-spring_13.jpg","data/CLP_dataset/clp2k/annotations/training/wen-zhengming_peach-blossom-spring_13.png","","",""
"","training","1929","data/CLP_dataset/clp2k/annotations_overlay/training/wen-zhengming_peach-blossom-spring_14.jpg","data/CLP_dataset/clp2k/images/training/wen-zhengming_peach-blossom-spring_14.jpg","data/CLP_dataset/clp2k/annotations/training/wen-zhengming_peach-blossom-spring_14.png","","",""
"","training","1930","data/CLP_dataset/clp2k/annotations_overlay/training/wen-zhengming_peach-blossom-spring_16.jpg","data/CLP_dataset/clp2k/images/training/wen-zhengming_peach-blossom-spring_16.jpg","data/CLP_dataset/clp2k/annotations/training/wen-zhengming_peach-blossom-spring_16.png","","",""
"","training","1931","data/CLP_dataset/clp2k/annotations_overlay/training/wen-zhengming_peach-blossom-spring_17.jpg","data/CLP_dataset/clp2k/images/training/wen-zhengming_peach-blossom-spring_17.jpg","data/CLP_dataset/clp2k/annotations/training/wen-zhengming_peach-blossom-spring_17.png","","",""
"","training","1932","data/CLP_dataset/clp2k/annotations_overlay/training/wen-zhengming_peach-blossom-spring_4.jpg","data/CLP_dataset/clp2k/images/training/wen-zhengming_peach-blossom-spring_4.jpg","data/CLP_dataset/clp2k/annotations/training/wen-zhengming_peach-blossom-spring_4.png","","",""
"","training","1933","data/CLP_dataset/clp2k/annotations_overlay/training/wen-zhengming_peach-blossom-spring_5.jpg","data/CLP_dataset/clp2k/images/training/wen-zhengming_peach-blossom-spring_5.jpg","data/CLP_dataset/clp2k/annotations/training/wen-zhengming_peach-blossom-spring_5.png","","",""
"","training","1934","data/CLP_dataset/clp2k/annotations_overlay/training/wen-zhengming_peach-blossom-spring_6.jpg","data/CLP_dataset/clp2k/images/training/wen-zhengming_peach-blossom-spring_6.jpg","data/CLP_dataset/clp2k/annotations/training/wen-zhengming_peach-blossom-spring_6.png","","",""
"","training","1935","data/CLP_dataset/clp2k/annotations_overlay/training/wen-zhengming_peach-blossom-spring_7.jpg","data/CLP_dataset/clp2k/images/training/wen-zhengming_peach-blossom-spring_7.jpg","data/CLP_dataset/clp2k/annotations/training/wen-zhengming_peach-blossom-spring_7.png","","",""
"","training","1936","data/CLP_dataset/clp2k/annotations_overlay/training/wen-zhengming_peach-blossom-spring_8.jpg","data/CLP_dataset/clp2k/images/training/wen-zhengming_peach-blossom-spring_8.jpg","data/CLP_dataset/clp2k/annotations/training/wen-zhengming_peach-blossom-spring_8.png","","",""
"","training","1937","data/CLP_dataset/clp2k/annotations_overlay/training/where-truth-lies_10.jpg","data/CLP_dataset/clp2k/images/training/where-truth-lies_10.jpg","data/CLP_dataset/clp2k/annotations/training/where-truth-lies_10.png","","",""
"","training","1938","data/CLP_dataset/clp2k/annotations_overlay/training/where-truth-lies_11.jpg","data/CLP_dataset/clp2k/images/training/where-truth-lies_11.jpg","data/CLP_dataset/clp2k/annotations/training/where-truth-lies_11.png","","",""
"","training","1939","data/CLP_dataset/clp2k/annotations_overlay/training/where-truth-lies_3.jpg","data/CLP_dataset/clp2k/images/training/where-truth-lies_3.jpg","data/CLP_dataset/clp2k/annotations/training/where-truth-lies_3.png","","",""
"","training","1940","data/CLP_dataset/clp2k/annotations_overlay/training/where-truth-lies_4.jpg","data/CLP_dataset/clp2k/images/training/where-truth-lies_4.jpg","data/CLP_dataset/clp2k/annotations/training/where-truth-lies_4.png","","",""
"","training","1941","data/CLP_dataset/clp2k/annotations_overlay/training/where-truth-lies_5.jpg","data/CLP_dataset/clp2k/images/training/where-truth-lies_5.jpg","data/CLP_dataset/clp2k/annotations/training/where-truth-lies_5.png","","",""
"","training","1942","data/CLP_dataset/clp2k/annotations_overlay/training/where-truth-lies_7.jpg","data/CLP_dataset/clp2k/images/training/where-truth-lies_7.jpg","data/CLP_dataset/clp2k/annotations/training/where-truth-lies_7.png","","",""
"","training","1943","data/CLP_dataset/clp2k/annotations_overlay/training/where-truth-lies_8.jpg","data/CLP_dataset/clp2k/images/training/where-truth-lies_8.jpg","data/CLP_dataset/clp2k/annotations/training/where-truth-lies_8.png","","",""
"","training","1944","data/CLP_dataset/clp2k/annotations_overlay/training/where-truth-lies_9.jpg","data/CLP_dataset/clp2k/images/training/where-truth-lies_9.jpg","data/CLP_dataset/clp2k/annotations/training/where-truth-lies_9.png","","",""
"","training","1945","data/CLP_dataset/clp2k/annotations_overlay/training/wu-yuanzhi_red-cliff_2.jpg","data/CLP_dataset/clp2k/images/training/wu-yuanzhi_red-cliff_2.jpg","data/CLP_dataset/clp2k/annotations/training/wu-yuanzhi_red-cliff_2.png","","",""
"","training","1946","data/CLP_dataset/clp2k/annotations_overlay/training/wu-yuanzhi_red-cliff_3.jpg","data/CLP_dataset/clp2k/images/training/wu-yuanzhi_red-cliff_3.jpg","data/CLP_dataset/clp2k/annotations/training/wu-yuanzhi_red-cliff_3.png","","",""
"","training","1947","data/CLP_dataset/clp2k/annotations_overlay/training/wu-yuanzhi_red-cliff_5.jpg","data/CLP_dataset/clp2k/images/training/wu-yuanzhi_red-cliff_5.jpg","data/CLP_dataset/clp2k/annotations/training/wu-yuanzhi_red-cliff_5.png","","",""
"","training","1948","data/CLP_dataset/clp2k/annotations_overlay/training/wu-yuanzhi_red-cliff_6.jpg","data/CLP_dataset/clp2k/images/training/wu-yuanzhi_red-cliff_6.jpg","data/CLP_dataset/clp2k/annotations/training/wu-yuanzhi_red-cliff_6.png","","",""
"","training","1949","data/CLP_dataset/clp2k/annotations_overlay/training/wu-yuanzhi_red-cliff_8.jpg","data/CLP_dataset/clp2k/images/training/wu-yuanzhi_red-cliff_8.jpg","data/CLP_dataset/clp2k/annotations/training/wu-yuanzhi_red-cliff_8.png","","",""
"","training","1950","data/CLP_dataset/clp2k/annotations_overlay/training/xia-gui_mountain-market-clearing-mist_4.jpg","data/CLP_dataset/clp2k/images/training/xia-gui_mountain-market-clearing-mist_4.jpg","data/CLP_dataset/clp2k/annotations/training/xia-gui_mountain-market-clearing-mist_4.png","","",""
"","training","1951","data/CLP_dataset/clp2k/annotations_overlay/training/xia-gui_mountain-market-clearing-mist_5.jpg","data/CLP_dataset/clp2k/images/training/xia-gui_mountain-market-clearing-mist_5.jpg","data/CLP_dataset/clp2k/annotations/training/xia-gui_mountain-market-clearing-mist_5.png","","",""
"","training","1952","data/CLP_dataset/clp2k/annotations_overlay/training/xia-gui_streams-mountains_part_1.jpg","data/CLP_dataset/clp2k/images/training/xia-gui_streams-mountains_part_1.jpg","data/CLP_dataset/clp2k/annotations/training/xia-gui_streams-mountains_part_1.png","","",""
"","training","1953","data/CLP_dataset/clp2k/annotations_overlay/training/xia-gui_streams-mountains_part_2.jpg","data/CLP_dataset/clp2k/images/training/xia-gui_streams-mountains_part_2.jpg","data/CLP_dataset/clp2k/annotations/training/xia-gui_streams-mountains_part_2.png","","",""
"","training","1954","data/CLP_dataset/clp2k/annotations_overlay/training/xiaoyuncun_qiushanxinglvtu_16.jpg","data/CLP_dataset/clp2k/images/training/xiaoyuncun_qiushanxinglvtu_16.jpg","data/CLP_dataset/clp2k/annotations/training/xiaoyuncun_qiushanxinglvtu_16.png","","",""
"","training","1955","data/CLP_dataset/clp2k/annotations_overlay/training/xiaoyuncun_qiushanxinglvtu_28.jpg","data/CLP_dataset/clp2k/images/training/xiaoyuncun_qiushanxinglvtu_28.jpg","data/CLP_dataset/clp2k/annotations/training/xiaoyuncun_qiushanxinglvtu_28.png","","",""
"","training","1956","data/CLP_dataset/clp2k/annotations_overlay/training/xiaoyuncun_qiushanxinglvtu_31.jpg","data/CLP_dataset/clp2k/images/training/xiaoyuncun_qiushanxinglvtu_31.jpg","data/CLP_dataset/clp2k/annotations/training/xiaoyuncun_qiushanxinglvtu_31.png","","",""
"","training","1957","data/CLP_dataset/clp2k/annotations_overlay/training/xiaoyuncun_qiushanxinglvtu_33.jpg","data/CLP_dataset/clp2k/images/training/xiaoyuncun_qiushanxinglvtu_33.jpg","data/CLP_dataset/clp2k/annotations/training/xiaoyuncun_qiushanxinglvtu_33.png","","",""
"","training","1958","data/CLP_dataset/clp2k/annotations_overlay/training/xiaoyuncun_qiushanxinglvtu_36.jpg","data/CLP_dataset/clp2k/images/training/xiaoyuncun_qiushanxinglvtu_36.jpg","data/CLP_dataset/clp2k/annotations/training/xiaoyuncun_qiushanxinglvtu_36.png","","",""
"","training","1959","data/CLP_dataset/clp2k/annotations_overlay/training/xiaoyuncun_qiushanxinglvtu_37.jpg","data/CLP_dataset/clp2k/images/training/xiaoyuncun_qiushanxinglvtu_37.jpg","data/CLP_dataset/clp2k/annotations/training/xiaoyuncun_qiushanxinglvtu_37.png","","",""
"","training","1960","data/CLP_dataset/clp2k/annotations_overlay/training/xiaoyuncun_qiushanxinglvtu_38.jpg","data/CLP_dataset/clp2k/images/training/xiaoyuncun_qiushanxinglvtu_38.jpg","data/CLP_dataset/clp2k/annotations/training/xiaoyuncun_qiushanxinglvtu_38.png","","",""
"","training","1961","data/CLP_dataset/clp2k/annotations_overlay/training/xiaoyuncun_qiushanxinglvtu_40.jpg","data/CLP_dataset/clp2k/images/training/xiaoyuncun_qiushanxinglvtu_40.jpg","data/CLP_dataset/clp2k/annotations/training/xiaoyuncun_qiushanxinglvtu_40.png","","",""
"","training","1962","data/CLP_dataset/clp2k/annotations_overlay/training/xiaoyuncun_qiushanxinglvtu_41.jpg","data/CLP_dataset/clp2k/images/training/xiaoyuncun_qiushanxinglvtu_41.jpg","data/CLP_dataset/clp2k/annotations/training/xiaoyuncun_qiushanxinglvtu_41.png","","",""
"","training","1963","data/CLP_dataset/clp2k/annotations_overlay/training/xiaoyuncun_qiushanxinglvtu_42.jpg","data/CLP_dataset/clp2k/images/training/xiaoyuncun_qiushanxinglvtu_42.jpg","data/CLP_dataset/clp2k/annotations/training/xiaoyuncun_qiushanxinglvtu_42.png","","",""
"","training","1964","data/CLP_dataset/clp2k/annotations_overlay/training/xiaoyuncun_qiushanxinglvtu_43.jpg","data/CLP_dataset/clp2k/images/training/xiaoyuncun_qiushanxinglvtu_43.jpg","data/CLP_dataset/clp2k/annotations/training/xiaoyuncun_qiushanxinglvtu_43.png","","",""
"","training","1965","data/CLP_dataset/clp2k/annotations_overlay/training/xiaoyuncun_qiushanxinglvtu_46.jpg","data/CLP_dataset/clp2k/images/training/xiaoyuncun_qiushanxinglvtu_46.jpg","data/CLP_dataset/clp2k/annotations/training/xiaoyuncun_qiushanxinglvtu_46.png","","",""
"","training","1966","data/CLP_dataset/clp2k/annotations_overlay/training/xiaoyuncun_qiushanxinglvtu_47.jpg","data/CLP_dataset/clp2k/images/training/xiaoyuncun_qiushanxinglvtu_47.jpg","data/CLP_dataset/clp2k/annotations/training/xiaoyuncun_qiushanxinglvtu_47.png","","",""
"","training","1967","data/CLP_dataset/clp2k/annotations_overlay/training/xiaoyuncun_qiushanxinglvtu_50.jpg","data/CLP_dataset/clp2k/images/training/xiaoyuncun_qiushanxinglvtu_50.jpg","data/CLP_dataset/clp2k/annotations/training/xiaoyuncun_qiushanxinglvtu_50.png","","",""
"","training","1968","data/CLP_dataset/clp2k/annotations_overlay/training/xiaoyuncun_qiushanxinglvtu_52.jpg","data/CLP_dataset/clp2k/images/training/xiaoyuncun_qiushanxinglvtu_52.jpg","data/CLP_dataset/clp2k/annotations/training/xiaoyuncun_qiushanxinglvtu_52.png","","",""
"","training","1969","data/CLP_dataset/clp2k/annotations_overlay/training/xiaoyuncun_qiushanxinglvtu_53.jpg","data/CLP_dataset/clp2k/images/training/xiaoyuncun_qiushanxinglvtu_53.jpg","data/CLP_dataset/clp2k/annotations/training/xiaoyuncun_qiushanxinglvtu_53.png","","",""
"","training","1970","data/CLP_dataset/clp2k/annotations_overlay/training/xiaoyuncun_qiushanxinglvtu_54.jpg","data/CLP_dataset/clp2k/images/training/xiaoyuncun_qiushanxinglvtu_54.jpg","data/CLP_dataset/clp2k/annotations/training/xiaoyuncun_qiushanxinglvtu_54.png","","",""
"","training","1971","data/CLP_dataset/clp2k/annotations_overlay/training/xiaoyuncun_qiushanxinglvtu_59.jpg","data/CLP_dataset/clp2k/images/training/xiaoyuncun_qiushanxinglvtu_59.jpg","data/CLP_dataset/clp2k/annotations/training/xiaoyuncun_qiushanxinglvtu_59.png","","",""
"","training","1972","data/CLP_dataset/clp2k/annotations_overlay/training/xiaoyuncun_qiushanxinglvtu_62.jpg","data/CLP_dataset/clp2k/images/training/xiaoyuncun_qiushanxinglvtu_62.jpg","data/CLP_dataset/clp2k/annotations/training/xiaoyuncun_qiushanxinglvtu_62.png","","",""
"","training","1973","data/CLP_dataset/clp2k/annotations_overlay/training/xiaoyuncun_qiushanxinglvtu_64.jpg","data/CLP_dataset/clp2k/images/training/xiaoyuncun_qiushanxinglvtu_64.jpg","data/CLP_dataset/clp2k/annotations/training/xiaoyuncun_qiushanxinglvtu_64.png","","",""
"","training","1974","data/CLP_dataset/clp2k/annotations_overlay/training/xiaoyuncun_qiushanxinglvtu_66.jpg","data/CLP_dataset/clp2k/images/training/xiaoyuncun_qiushanxinglvtu_66.jpg","data/CLP_dataset/clp2k/annotations/training/xiaoyuncun_qiushanxinglvtu_66.png","","",""
"","training","1975","data/CLP_dataset/clp2k/annotations_overlay/training/xiaoyuncun_qiushanxinglvtu_67.jpg","data/CLP_dataset/clp2k/images/training/xiaoyuncun_qiushanxinglvtu_67.jpg","data/CLP_dataset/clp2k/annotations/training/xiaoyuncun_qiushanxinglvtu_67.png","","",""
"","training","1976","data/CLP_dataset/clp2k/annotations_overlay/training/xiaoyuncun_qiushanxinglvtu_71.jpg","data/CLP_dataset/clp2k/images/training/xiaoyuncun_qiushanxinglvtu_71.jpg","data/CLP_dataset/clp2k/annotations/training/xiaoyuncun_qiushanxinglvtu_71.png","","",""
"","training","1977","data/CLP_dataset/clp2k/annotations_overlay/training/xiaoyuncun_qiushanxinglvtu_72.jpg","data/CLP_dataset/clp2k/images/training/xiaoyuncun_qiushanxinglvtu_72.jpg","data/CLP_dataset/clp2k/annotations/training/xiaoyuncun_qiushanxinglvtu_72.png","","",""
"","training","1978","data/CLP_dataset/clp2k/annotations_overlay/training/yun-shouping_sunset-along-the-floral-embankment_part_1.jpg","data/CLP_dataset/clp2k/images/training/yun-shouping_sunset-along-the-floral-embankment_part_1.jpg","data/CLP_dataset/clp2k/annotations/training/yun-shouping_sunset-along-the-floral-embankment_part_1.png","","",""
"","training","1979","data/CLP_dataset/clp2k/annotations_overlay/training/yun-shouping_sunset-along-the-floral-embankment_part_4.jpg","data/CLP_dataset/clp2k/images/training/yun-shouping_sunset-along-the-floral-embankment_part_4.jpg","data/CLP_dataset/clp2k/annotations/training/yun-shouping_sunset-along-the-floral-embankment_part_4.png","","",""
"","training","1980","data/CLP_dataset/clp2k/annotations_overlay/training/zeng-gang_charm-of-an-old-town_1.jpg","data/CLP_dataset/clp2k/images/training/zeng-gang_charm-of-an-old-town_1.jpg","data/CLP_dataset/clp2k/annotations/training/zeng-gang_charm-of-an-old-town_1.png","","",""
"","training","1981","data/CLP_dataset/clp2k/annotations_overlay/training/zeng-gang_charm-of-an-old-town_4.jpg","data/CLP_dataset/clp2k/images/training/zeng-gang_charm-of-an-old-town_4.jpg","data/CLP_dataset/clp2k/annotations/training/zeng-gang_charm-of-an-old-town_4.png","","",""
"","training","1982","data/CLP_dataset/clp2k/annotations_overlay/training/zhangzeduan_Along_the_River_During_the_Qingming_Festival_142.jpg","data/CLP_dataset/clp2k/images/training/zhangzeduan_Along_the_River_During_the_Qingming_Festival_142.jpg","data/CLP_dataset/clp2k/annotations/training/zhangzeduan_Along_the_River_During_the_Qingming_Festival_142.png","","",""
"","training","1983","data/CLP_dataset/clp2k/annotations_overlay/training/zhangzeduan_Along_the_River_During_the_Qingming_Festival_96.jpg","data/CLP_dataset/clp2k/images/training/zhangzeduan_Along_the_River_During_the_Qingming_Festival_96.jpg","data/CLP_dataset/clp2k/annotations/training/zhangzeduan_Along_the_River_During_the_Qingming_Festival_96.png","","",""
"","training","1984","data/CLP_dataset/clp2k/annotations_overlay/training/zhao-gan_early-snow-on-the-river_26.jpg","data/CLP_dataset/clp2k/images/training/zhao-gan_early-snow-on-the-river_26.jpg","data/CLP_dataset/clp2k/annotations/training/zhao-gan_early-snow-on-the-river_26.png","","",""
"","training","1985","data/CLP_dataset/clp2k/annotations_overlay/training/zhao-ji_autumn-colors_2.jpg","data/CLP_dataset/clp2k/images/training/zhao-ji_autumn-colors_2.jpg","data/CLP_dataset/clp2k/annotations/training/zhao-ji_autumn-colors_2.png","","",""
"","training","1986","data/CLP_dataset/clp2k/annotations_overlay/training/zhao-ji_autumn-colors_3.jpg","data/CLP_dataset/clp2k/images/training/zhao-ji_autumn-colors_3.jpg","data/CLP_dataset/clp2k/annotations/training/zhao-ji_autumn-colors_3.png","","",""
"","training","1987","data/CLP_dataset/clp2k/annotations_overlay/training/zhao-ji_autumn-colors_4.jpg","data/CLP_dataset/clp2k/images/training/zhao-ji_autumn-colors_4.jpg","data/CLP_dataset/clp2k/annotations/training/zhao-ji_autumn-colors_4.png","","",""
"","training","1988","data/CLP_dataset/clp2k/annotations_overlay/training/zhao-ji_autumn-colors_7.jpg","data/CLP_dataset/clp2k/images/training/zhao-ji_autumn-colors_7.jpg","data/CLP_dataset/clp2k/annotations/training/zhao-ji_autumn-colors_7.png","","",""
"","training","1989","data/CLP_dataset/clp2k/annotations_overlay/training/zouzhe_xiangjiaoqiuwutu_10.jpg","data/CLP_dataset/clp2k/images/training/zouzhe_xiangjiaoqiuwutu_10.jpg","data/CLP_dataset/clp2k/annotations/training/zouzhe_xiangjiaoqiuwutu_10.png","","",""
"","training","1990","data/CLP_dataset/clp2k/annotations_overlay/training/zouzhe_xiangjiaoqiuwutu_17.jpg","data/CLP_dataset/clp2k/images/training/zouzhe_xiangjiaoqiuwutu_17.jpg","data/CLP_dataset/clp2k/annotations/training/zouzhe_xiangjiaoqiuwutu_17.png","","",""
"","training","1991","data/CLP_dataset/clp2k/annotations_overlay/training/zouzhe_xiangjiaoqiuwutu_19.jpg","data/CLP_dataset/clp2k/images/training/zouzhe_xiangjiaoqiuwutu_19.jpg","data/CLP_dataset/clp2k/annotations/training/zouzhe_xiangjiaoqiuwutu_19.png","","",""
"","training","1992","data/CLP_dataset/clp2k/annotations_overlay/training/zouzhe_xiangjiaoqiuwutu_20.jpg","data/CLP_dataset/clp2k/images/training/zouzhe_xiangjiaoqiuwutu_20.jpg","data/CLP_dataset/clp2k/annotations/training/zouzhe_xiangjiaoqiuwutu_20.png","","",""
"","training","1993","data/CLP_dataset/clp2k/annotations_overlay/training/zouzhe_xiangjiaoqiuwutu_37.jpg","data/CLP_dataset/clp2k/images/training/zouzhe_xiangjiaoqiuwutu_37.jpg","data/CLP_dataset/clp2k/annotations/training/zouzhe_xiangjiaoqiuwutu_37.png","","",""
"","training","1994","data/CLP_dataset/clp2k/annotations_overlay/training/zouzhe_xiangjiaoqiuwutu_38.jpg","data/CLP_dataset/clp2k/images/training/zouzhe_xiangjiaoqiuwutu_38.jpg","data/CLP_dataset/clp2k/annotations/training/zouzhe_xiangjiaoqiuwutu_38.png","","",""
"","training","1995","data/CLP_dataset/clp2k/annotations_overlay/training/zouzhe_xiangjiaoqiuwutu_40.jpg","data/CLP_dataset/clp2k/images/training/zouzhe_xiangjiaoqiuwutu_40.jpg","data/CLP_dataset/clp2k/annotations/training/zouzhe_xiangjiaoqiuwutu_40.png","","",""
"","training","1996","data/CLP_dataset/clp2k/annotations_overlay/training/zouzhe_xiangjiaoqiuwutu_42.jpg","data/CLP_dataset/clp2k/images/training/zouzhe_xiangjiaoqiuwutu_42.jpg","data/CLP_dataset/clp2k/annotations/training/zouzhe_xiangjiaoqiuwutu_42.png","","",""
"","training","1997","data/CLP_dataset/clp2k/annotations_overlay/training/zouzhe_xiangjiaoqiuwutu_43.jpg","data/CLP_dataset/clp2k/images/training/zouzhe_xiangjiaoqiuwutu_43.jpg","data/CLP_dataset/clp2k/annotations/training/zouzhe_xiangjiaoqiuwutu_43.png","","",""
"","training","1998","data/CLP_dataset/clp2k/annotations_overlay/training/zouzhe_xiangjiaoqiuwutu_53.jpg","data/CLP_dataset/clp2k/images/training/zouzhe_xiangjiaoqiuwutu_53.jpg","data/CLP_dataset/clp2k/annotations/training/zouzhe_xiangjiaoqiuwutu_53.png","","",""
"","training","1999","data/CLP_dataset/clp2k/annotations_overlay/training/zouzhe_xiangjiaoqiuwutu_55.jpg","data/CLP_dataset/clp2k/images/training/zouzhe_xiangjiaoqiuwutu_55.jpg","data/CLP_dataset/clp2k/annotations/training/zouzhe_xiangjiaoqiuwutu_55.png","","",""
"","training","2000","data/CLP_dataset/clp2k/annotations_overlay/training/zouzhe_xiangjiaoqiuwutu_8.jpg","data/CLP_dataset/clp2k/images/training/zouzhe_xiangjiaoqiuwutu_8.jpg","data/CLP_dataset/clp2k/annotations/training/zouzhe_xiangjiaoqiuwutu_8.png","","",""
"","validation","1","data/CLP_dataset/clp2k/annotations_overlay/validation/harvard_12.jpg","data/CLP_dataset/clp2k/images/validation/harvard_12.jpg","data/CLP_dataset/clp2k/annotations/validation/harvard_12.png","","",""
"","validation","2","data/CLP_dataset/clp2k/annotations_overlay/validation/harvard_16.jpg","data/CLP_dataset/clp2k/images/validation/harvard_16.jpg","data/CLP_dataset/clp2k/annotations/validation/harvard_16.png","","",""
"","validation","3","data/CLP_dataset/clp2k/annotations_overlay/validation/harvard_21.jpg","data/CLP_dataset/clp2k/images/validation/harvard_21.jpg","data/CLP_dataset/clp2k/annotations/validation/harvard_21.png","","",""
"","validation","4","data/CLP_dataset/clp2k/annotations_overlay/validation/harvard_22.jpg","data/CLP_dataset/clp2k/images/validation/harvard_22.jpg","data/CLP_dataset/clp2k/annotations/validation/harvard_22.png","","",""
"","validation","5","data/CLP_dataset/clp2k/annotations_overlay/validation/harvard_27.jpg","data/CLP_dataset/clp2k/images/validation/harvard_27.jpg","data/CLP_dataset/clp2k/annotations/validation/harvard_27.png","","",""
"","validation","6","data/CLP_dataset/clp2k/annotations_overlay/validation/harvard_35.jpg","data/CLP_dataset/clp2k/images/validation/harvard_35.jpg","data/CLP_dataset/clp2k/annotations/validation/harvard_35.png","","",""
"","validation","7","data/CLP_dataset/clp2k/annotations_overlay/validation/harvard_39.jpg","data/CLP_dataset/clp2k/images/validation/harvard_39.jpg","data/CLP_dataset/clp2k/annotations/validation/harvard_39.png","","",""
"","validation","8","data/CLP_dataset/clp2k/annotations_overlay/validation/harvard_44.jpg","data/CLP_dataset/clp2k/images/validation/harvard_44.jpg","data/CLP_dataset/clp2k/annotations/validation/harvard_44.png","","",""
"","validation","9","data/CLP_dataset/clp2k/annotations_overlay/validation/harvard_54.jpg","data/CLP_dataset/clp2k/images/validation/harvard_54.jpg","data/CLP_dataset/clp2k/annotations/validation/harvard_54.png","","",""
"","validation","10","data/CLP_dataset/clp2k/annotations_overlay/validation/harvard_63.jpg","data/CLP_dataset/clp2k/images/validation/harvard_63.jpg","data/CLP_dataset/clp2k/annotations/validation/harvard_63.png","","",""
"","validation","11","data/CLP_dataset/clp2k/annotations_overlay/validation/harvard_78.jpg","data/CLP_dataset/clp2k/images/validation/harvard_78.jpg","data/CLP_dataset/clp2k/annotations/validation/harvard_78.png","","",""
"","validation","12","data/CLP_dataset/clp2k/annotations_overlay/validation/harvard_89.jpg","data/CLP_dataset/clp2k/images/validation/harvard_89.jpg","data/CLP_dataset/clp2k/annotations/validation/harvard_89.png","","",""
"","validation","13","data/CLP_dataset/clp2k/annotations_overlay/validation/harvard_9.jpg","data/CLP_dataset/clp2k/images/validation/harvard_9.jpg","data/CLP_dataset/clp2k/annotations/validation/harvard_9.png","","",""
"","validation","14","data/CLP_dataset/clp2k/annotations_overlay/validation/harvard_97.jpg","data/CLP_dataset/clp2k/images/validation/harvard_97.jpg","data/CLP_dataset/clp2k/annotations/validation/harvard_97.png","","",""
"","validation","15","data/CLP_dataset/clp2k/annotations_overlay/validation/harvard_99.jpg","data/CLP_dataset/clp2k/images/validation/harvard_99.jpg","data/CLP_dataset/clp2k/annotations/validation/harvard_99.png","","",""
"","validation","16","data/CLP_dataset/clp2k/annotations_overlay/validation/met_100.jpg","data/CLP_dataset/clp2k/images/validation/met_100.jpg","data/CLP_dataset/clp2k/annotations/validation/met_100.png","","",""
"","validation","17","data/CLP_dataset/clp2k/annotations_overlay/validation/met_110.jpg","data/CLP_dataset/clp2k/images/validation/met_110.jpg","data/CLP_dataset/clp2k/annotations/validation/met_110.png","","",""
"","validation","18","data/CLP_dataset/clp2k/annotations_overlay/validation/met_1108.jpg","data/CLP_dataset/clp2k/images/validation/met_1108.jpg","data/CLP_dataset/clp2k/annotations/validation/met_1108.png","","",""
"","validation","19","data/CLP_dataset/clp2k/annotations_overlay/validation/met_1113.jpg","data/CLP_dataset/clp2k/images/validation/met_1113.jpg","data/CLP_dataset/clp2k/annotations/validation/met_1113.png","","",""
"","validation","20","data/CLP_dataset/clp2k/annotations_overlay/validation/met_1123.jpg","data/CLP_dataset/clp2k/images/validation/met_1123.jpg","data/CLP_dataset/clp2k/annotations/validation/met_1123.png","","",""
"","validation","21","data/CLP_dataset/clp2k/annotations_overlay/validation/met_1129.jpg","data/CLP_dataset/clp2k/images/validation/met_1129.jpg","data/CLP_dataset/clp2k/annotations/validation/met_1129.png","","",""
"","validation","22","data/CLP_dataset/clp2k/annotations_overlay/validation/met_1138.jpg","data/CLP_dataset/clp2k/images/validation/met_1138.jpg","data/CLP_dataset/clp2k/annotations/validation/met_1138.png","","",""
"","validation","23","data/CLP_dataset/clp2k/annotations_overlay/validation/met_1139.jpg","data/CLP_dataset/clp2k/images/validation/met_1139.jpg","data/CLP_dataset/clp2k/annotations/validation/met_1139.png","","",""
"","validation","24","data/CLP_dataset/clp2k/annotations_overlay/validation/met_1145.jpg","data/CLP_dataset/clp2k/images/validation/met_1145.jpg","data/CLP_dataset/clp2k/annotations/validation/met_1145.png","","",""
"","validation","25","data/CLP_dataset/clp2k/annotations_overlay/validation/met_115.jpg","data/CLP_dataset/clp2k/images/validation/met_115.jpg","data/CLP_dataset/clp2k/annotations/validation/met_115.png","","",""
"","validation","26","data/CLP_dataset/clp2k/annotations_overlay/validation/met_1154.jpg","data/CLP_dataset/clp2k/images/validation/met_1154.jpg","data/CLP_dataset/clp2k/annotations/validation/met_1154.png","","",""
"","validation","27","data/CLP_dataset/clp2k/annotations_overlay/validation/met_1155.jpg","data/CLP_dataset/clp2k/images/validation/met_1155.jpg","data/CLP_dataset/clp2k/annotations/validation/met_1155.png","","",""
"","validation","28","data/CLP_dataset/clp2k/annotations_overlay/validation/met_1164.jpg","data/CLP_dataset/clp2k/images/validation/met_1164.jpg","data/CLP_dataset/clp2k/annotations/validation/met_1164.png","","",""
"","validation","29","data/CLP_dataset/clp2k/annotations_overlay/validation/met_1174.jpg","data/CLP_dataset/clp2k/images/validation/met_1174.jpg","data/CLP_dataset/clp2k/annotations/validation/met_1174.png","","",""
"","validation","30","data/CLP_dataset/clp2k/annotations_overlay/validation/met_1181.jpg","data/CLP_dataset/clp2k/images/validation/met_1181.jpg","data/CLP_dataset/clp2k/annotations/validation/met_1181.png","","",""
"","validation","31","data/CLP_dataset/clp2k/annotations_overlay/validation/met_1195.jpg","data/CLP_dataset/clp2k/images/validation/met_1195.jpg","data/CLP_dataset/clp2k/annotations/validation/met_1195.png","","",""
"","validation","32","data/CLP_dataset/clp2k/annotations_overlay/validation/met_1205.jpg","data/CLP_dataset/clp2k/images/validation/met_1205.jpg","data/CLP_dataset/clp2k/annotations/validation/met_1205.png","","",""
"","validation","33","data/CLP_dataset/clp2k/annotations_overlay/validation/met_1236.jpg","data/CLP_dataset/clp2k/images/validation/met_1236.jpg","data/CLP_dataset/clp2k/annotations/validation/met_1236.png","","",""
"","validation","34","data/CLP_dataset/clp2k/annotations_overlay/validation/met_1250.jpg","data/CLP_dataset/clp2k/images/validation/met_1250.jpg","data/CLP_dataset/clp2k/annotations/validation/met_1250.png","","",""
"","validation","35","data/CLP_dataset/clp2k/annotations_overlay/validation/met_1266.jpg","data/CLP_dataset/clp2k/images/validation/met_1266.jpg","data/CLP_dataset/clp2k/annotations/validation/met_1266.png","","",""
"","validation","36","data/CLP_dataset/clp2k/annotations_overlay/validation/met_1268.jpg","data/CLP_dataset/clp2k/images/validation/met_1268.jpg","data/CLP_dataset/clp2k/annotations/validation/met_1268.png","","",""
"","validation","37","data/CLP_dataset/clp2k/annotations_overlay/validation/met_1277.jpg","data/CLP_dataset/clp2k/images/validation/met_1277.jpg","data/CLP_dataset/clp2k/annotations/validation/met_1277.png","","",""
"","validation","38","data/CLP_dataset/clp2k/annotations_overlay/validation/met_1280.jpg","data/CLP_dataset/clp2k/images/validation/met_1280.jpg","data/CLP_dataset/clp2k/annotations/validation/met_1280.png","","",""
"","validation","39","data/CLP_dataset/clp2k/annotations_overlay/validation/met_1285.jpg","data/CLP_dataset/clp2k/images/validation/met_1285.jpg","data/CLP_dataset/clp2k/annotations/validation/met_1285.png","","",""
"","validation","40","data/CLP_dataset/clp2k/annotations_overlay/validation/met_1293.jpg","data/CLP_dataset/clp2k/images/validation/met_1293.jpg","data/CLP_dataset/clp2k/annotations/validation/met_1293.png","","",""
"","validation","41","data/CLP_dataset/clp2k/annotations_overlay/validation/met_1294.jpg","data/CLP_dataset/clp2k/images/validation/met_1294.jpg","data/CLP_dataset/clp2k/annotations/validation/met_1294.png","","",""
"","validation","42","data/CLP_dataset/clp2k/annotations_overlay/validation/met_14.jpg","data/CLP_dataset/clp2k/images/validation/met_14.jpg","data/CLP_dataset/clp2k/annotations/validation/met_14.png","","",""
"","validation","43","data/CLP_dataset/clp2k/annotations_overlay/validation/met_142.jpg","data/CLP_dataset/clp2k/images/validation/met_142.jpg","data/CLP_dataset/clp2k/annotations/validation/met_142.png","","",""
"","validation","44","data/CLP_dataset/clp2k/annotations_overlay/validation/met_145.jpg","data/CLP_dataset/clp2k/images/validation/met_145.jpg","data/CLP_dataset/clp2k/annotations/validation/met_145.png","","",""
"","validation","45","data/CLP_dataset/clp2k/annotations_overlay/validation/met_149.jpg","data/CLP_dataset/clp2k/images/validation/met_149.jpg","data/CLP_dataset/clp2k/annotations/validation/met_149.png","","",""
"","validation","46","data/CLP_dataset/clp2k/annotations_overlay/validation/met_153.jpg","data/CLP_dataset/clp2k/images/validation/met_153.jpg","data/CLP_dataset/clp2k/annotations/validation/met_153.png","","",""
"","validation","47","data/CLP_dataset/clp2k/annotations_overlay/validation/met_154.jpg","data/CLP_dataset/clp2k/images/validation/met_154.jpg","data/CLP_dataset/clp2k/annotations/validation/met_154.png","","",""
"","validation","48","data/CLP_dataset/clp2k/annotations_overlay/validation/met_171.jpg","data/CLP_dataset/clp2k/images/validation/met_171.jpg","data/CLP_dataset/clp2k/annotations/validation/met_171.png","","",""
"","validation","49","data/CLP_dataset/clp2k/annotations_overlay/validation/met_172.jpg","data/CLP_dataset/clp2k/images/validation/met_172.jpg","data/CLP_dataset/clp2k/annotations/validation/met_172.png","","",""
"","validation","50","data/CLP_dataset/clp2k/annotations_overlay/validation/met_178.jpg","data/CLP_dataset/clp2k/images/validation/met_178.jpg","data/CLP_dataset/clp2k/annotations/validation/met_178.png","","",""
"","validation","51","data/CLP_dataset/clp2k/annotations_overlay/validation/met_180.jpg","data/CLP_dataset/clp2k/images/validation/met_180.jpg","data/CLP_dataset/clp2k/annotations/validation/met_180.png","","",""
"","validation","52","data/CLP_dataset/clp2k/annotations_overlay/validation/met_182.jpg","data/CLP_dataset/clp2k/images/validation/met_182.jpg","data/CLP_dataset/clp2k/annotations/validation/met_182.png","","",""
"","validation","53","data/CLP_dataset/clp2k/annotations_overlay/validation/met_190.jpg","data/CLP_dataset/clp2k/images/validation/met_190.jpg","data/CLP_dataset/clp2k/annotations/validation/met_190.png","","",""
"","validation","54","data/CLP_dataset/clp2k/annotations_overlay/validation/met_199.jpg","data/CLP_dataset/clp2k/images/validation/met_199.jpg","data/CLP_dataset/clp2k/annotations/validation/met_199.png","","",""
"","validation","55","data/CLP_dataset/clp2k/annotations_overlay/validation/met_20.jpg","data/CLP_dataset/clp2k/images/validation/met_20.jpg","data/CLP_dataset/clp2k/annotations/validation/met_20.png","","",""
"","validation","56","data/CLP_dataset/clp2k/annotations_overlay/validation/met_221.jpg","data/CLP_dataset/clp2k/images/validation/met_221.jpg","data/CLP_dataset/clp2k/annotations/validation/met_221.png","","",""
"","validation","57","data/CLP_dataset/clp2k/annotations_overlay/validation/met_222.jpg","data/CLP_dataset/clp2k/images/validation/met_222.jpg","data/CLP_dataset/clp2k/annotations/validation/met_222.png","","",""
"","validation","58","data/CLP_dataset/clp2k/annotations_overlay/validation/met_225.jpg","data/CLP_dataset/clp2k/images/validation/met_225.jpg","data/CLP_dataset/clp2k/annotations/validation/met_225.png","","",""
"","validation","59","data/CLP_dataset/clp2k/annotations_overlay/validation/met_230.jpg","data/CLP_dataset/clp2k/images/validation/met_230.jpg","data/CLP_dataset/clp2k/annotations/validation/met_230.png","","",""
"","validation","60","data/CLP_dataset/clp2k/annotations_overlay/validation/met_253.jpg","data/CLP_dataset/clp2k/images/validation/met_253.jpg","data/CLP_dataset/clp2k/annotations/validation/met_253.png","","",""
"","validation","61","data/CLP_dataset/clp2k/annotations_overlay/validation/met_28.jpg","data/CLP_dataset/clp2k/images/validation/met_28.jpg","data/CLP_dataset/clp2k/annotations/validation/met_28.png","","",""
"","validation","62","data/CLP_dataset/clp2k/annotations_overlay/validation/met_32.jpg","data/CLP_dataset/clp2k/images/validation/met_32.jpg","data/CLP_dataset/clp2k/annotations/validation/met_32.png","","",""
"","validation","63","data/CLP_dataset/clp2k/annotations_overlay/validation/met_325.jpg","data/CLP_dataset/clp2k/images/validation/met_325.jpg","data/CLP_dataset/clp2k/annotations/validation/met_325.png","","",""
"","validation","64","data/CLP_dataset/clp2k/annotations_overlay/validation/met_331.jpg","data/CLP_dataset/clp2k/images/validation/met_331.jpg","data/CLP_dataset/clp2k/annotations/validation/met_331.png","","",""
"","validation","65","data/CLP_dataset/clp2k/annotations_overlay/validation/met_342.jpg","data/CLP_dataset/clp2k/images/validation/met_342.jpg","data/CLP_dataset/clp2k/annotations/validation/met_342.png","","",""
"","validation","66","data/CLP_dataset/clp2k/annotations_overlay/validation/met_36.jpg","data/CLP_dataset/clp2k/images/validation/met_36.jpg","data/CLP_dataset/clp2k/annotations/validation/met_36.png","","",""
"","validation","67","data/CLP_dataset/clp2k/annotations_overlay/validation/met_363.jpg","data/CLP_dataset/clp2k/images/validation/met_363.jpg","data/CLP_dataset/clp2k/annotations/validation/met_363.png","","",""
"","validation","68","data/CLP_dataset/clp2k/annotations_overlay/validation/met_365.jpg","data/CLP_dataset/clp2k/images/validation/met_365.jpg","data/CLP_dataset/clp2k/annotations/validation/met_365.png","","",""
"","validation","69","data/CLP_dataset/clp2k/annotations_overlay/validation/met_43.jpg","data/CLP_dataset/clp2k/images/validation/met_43.jpg","data/CLP_dataset/clp2k/annotations/validation/met_43.png","","",""
"","validation","70","data/CLP_dataset/clp2k/annotations_overlay/validation/met_47.jpg","data/CLP_dataset/clp2k/images/validation/met_47.jpg","data/CLP_dataset/clp2k/annotations/validation/met_47.png","","",""
"","validation","71","data/CLP_dataset/clp2k/annotations_overlay/validation/met_54.jpg","data/CLP_dataset/clp2k/images/validation/met_54.jpg","data/CLP_dataset/clp2k/annotations/validation/met_54.png","","",""
"","validation","72","data/CLP_dataset/clp2k/annotations_overlay/validation/met_58.jpg","data/CLP_dataset/clp2k/images/validation/met_58.jpg","data/CLP_dataset/clp2k/annotations/validation/met_58.png","","",""
"","validation","73","data/CLP_dataset/clp2k/annotations_overlay/validation/met_59.jpg","data/CLP_dataset/clp2k/images/validation/met_59.jpg","data/CLP_dataset/clp2k/annotations/validation/met_59.png","","",""
"","validation","74","data/CLP_dataset/clp2k/annotations_overlay/validation/met_7.jpg","data/CLP_dataset/clp2k/images/validation/met_7.jpg","data/CLP_dataset/clp2k/annotations/validation/met_7.png","","",""
"","validation","75","data/CLP_dataset/clp2k/annotations_overlay/validation/met_85.jpg","data/CLP_dataset/clp2k/images/validation/met_85.jpg","data/CLP_dataset/clp2k/annotations/validation/met_85.png","","",""
"","validation","76","data/CLP_dataset/clp2k/annotations_overlay/validation/met_90.jpg","data/CLP_dataset/clp2k/images/validation/met_90.jpg","data/CLP_dataset/clp2k/annotations/validation/met_90.png","","",""
"","validation","77","data/CLP_dataset/clp2k/annotations_overlay/validation/Princeton_127.jpg","data/CLP_dataset/clp2k/images/validation/Princeton_127.jpg","data/CLP_dataset/clp2k/annotations/validation/Princeton_127.png","","",""
"","validation","78","data/CLP_dataset/clp2k/annotations_overlay/validation/Princeton_134.jpg","data/CLP_dataset/clp2k/images/validation/Princeton_134.jpg","data/CLP_dataset/clp2k/annotations/validation/Princeton_134.png","","",""
"","validation","79","data/CLP_dataset/clp2k/annotations_overlay/validation/Princeton_138.jpg","data/CLP_dataset/clp2k/images/validation/Princeton_138.jpg","data/CLP_dataset/clp2k/annotations/validation/Princeton_138.png","","",""
"","validation","80","data/CLP_dataset/clp2k/annotations_overlay/validation/Princeton_144.jpg","data/CLP_dataset/clp2k/images/validation/Princeton_144.jpg","data/CLP_dataset/clp2k/annotations/validation/Princeton_144.png","","",""
"","validation","81","data/CLP_dataset/clp2k/annotations_overlay/validation/Princeton_157.jpg","data/CLP_dataset/clp2k/images/validation/Princeton_157.jpg","data/CLP_dataset/clp2k/annotations/validation/Princeton_157.png","","",""
"","validation","82","data/CLP_dataset/clp2k/annotations_overlay/validation/Princeton_16.jpg","data/CLP_dataset/clp2k/images/validation/Princeton_16.jpg","data/CLP_dataset/clp2k/annotations/validation/Princeton_16.png","","",""
"","validation","83","data/CLP_dataset/clp2k/annotations_overlay/validation/Princeton_161.jpg","data/CLP_dataset/clp2k/images/validation/Princeton_161.jpg","data/CLP_dataset/clp2k/annotations/validation/Princeton_161.png","","",""
"","validation","84","data/CLP_dataset/clp2k/annotations_overlay/validation/Princeton_18.jpg","data/CLP_dataset/clp2k/images/validation/Princeton_18.jpg","data/CLP_dataset/clp2k/annotations/validation/Princeton_18.png","","",""
"","validation","85","data/CLP_dataset/clp2k/annotations_overlay/validation/Princeton_181.jpg","data/CLP_dataset/clp2k/images/validation/Princeton_181.jpg","data/CLP_dataset/clp2k/annotations/validation/Princeton_181.png","","",""
"","validation","86","data/CLP_dataset/clp2k/annotations_overlay/validation/Princeton_183.jpg","data/CLP_dataset/clp2k/images/validation/Princeton_183.jpg","data/CLP_dataset/clp2k/annotations/validation/Princeton_183.png","","",""
"","validation","87","data/CLP_dataset/clp2k/annotations_overlay/validation/Princeton_19.jpg","data/CLP_dataset/clp2k/images/validation/Princeton_19.jpg","data/CLP_dataset/clp2k/annotations/validation/Princeton_19.png","","",""
"","validation","88","data/CLP_dataset/clp2k/annotations_overlay/validation/Princeton_198.jpg","data/CLP_dataset/clp2k/images/validation/Princeton_198.jpg","data/CLP_dataset/clp2k/annotations/validation/Princeton_198.png","","",""
"","validation","89","data/CLP_dataset/clp2k/annotations_overlay/validation/Princeton_200.jpg","data/CLP_dataset/clp2k/images/validation/Princeton_200.jpg","data/CLP_dataset/clp2k/annotations/validation/Princeton_200.png","","",""
"","validation","90","data/CLP_dataset/clp2k/annotations_overlay/validation/Princeton_223.jpg","data/CLP_dataset/clp2k/images/validation/Princeton_223.jpg","data/CLP_dataset/clp2k/annotations/validation/Princeton_223.png","","",""
"","validation","91","data/CLP_dataset/clp2k/annotations_overlay/validation/Princeton_227.jpg","data/CLP_dataset/clp2k/images/validation/Princeton_227.jpg","data/CLP_dataset/clp2k/annotations/validation/Princeton_227.png","","",""
"","validation","92","data/CLP_dataset/clp2k/annotations_overlay/validation/Princeton_245.jpg","data/CLP_dataset/clp2k/images/validation/Princeton_245.jpg","data/CLP_dataset/clp2k/annotations/validation/Princeton_245.png","","",""
"","validation","93","data/CLP_dataset/clp2k/annotations_overlay/validation/Princeton_247.jpg","data/CLP_dataset/clp2k/images/validation/Princeton_247.jpg","data/CLP_dataset/clp2k/annotations/validation/Princeton_247.png","","",""
"","validation","94","data/CLP_dataset/clp2k/annotations_overlay/validation/Princeton_262.jpg","data/CLP_dataset/clp2k/images/validation/Princeton_262.jpg","data/CLP_dataset/clp2k/annotations/validation/Princeton_262.png","","",""
"","validation","95","data/CLP_dataset/clp2k/annotations_overlay/validation/Princeton_264.jpg","data/CLP_dataset/clp2k/images/validation/Princeton_264.jpg","data/CLP_dataset/clp2k/annotations/validation/Princeton_264.png","","",""
"","validation","96","data/CLP_dataset/clp2k/annotations_overlay/validation/Princeton_269.jpg","data/CLP_dataset/clp2k/images/validation/Princeton_269.jpg","data/CLP_dataset/clp2k/annotations/validation/Princeton_269.png","","",""
"","validation","97","data/CLP_dataset/clp2k/annotations_overlay/validation/Princeton_28.jpg","data/CLP_dataset/clp2k/images/validation/Princeton_28.jpg","data/CLP_dataset/clp2k/annotations/validation/Princeton_28.png","","",""
"","validation","98","data/CLP_dataset/clp2k/annotations_overlay/validation/Princeton_286.jpg","data/CLP_dataset/clp2k/images/validation/Princeton_286.jpg","data/CLP_dataset/clp2k/annotations/validation/Princeton_286.png","","",""
"","validation","99","data/CLP_dataset/clp2k/annotations_overlay/validation/Princeton_293.jpg","data/CLP_dataset/clp2k/images/validation/Princeton_293.jpg","data/CLP_dataset/clp2k/annotations/validation/Princeton_293.png","","",""
"","validation","100","data/CLP_dataset/clp2k/annotations_overlay/validation/Princeton_295.jpg","data/CLP_dataset/clp2k/images/validation/Princeton_295.jpg","data/CLP_dataset/clp2k/annotations/validation/Princeton_295.png","","",""
"","validation","101","data/CLP_dataset/clp2k/annotations_overlay/validation/Princeton_300.jpg","data/CLP_dataset/clp2k/images/validation/Princeton_300.jpg","data/CLP_dataset/clp2k/annotations/validation/Princeton_300.png","","",""
"","validation","102","data/CLP_dataset/clp2k/annotations_overlay/validation/Princeton_311.jpg","data/CLP_dataset/clp2k/images/validation/Princeton_311.jpg","data/CLP_dataset/clp2k/annotations/validation/Princeton_311.png","","",""
"","validation","103","data/CLP_dataset/clp2k/annotations_overlay/validation/Princeton_34.jpg","data/CLP_dataset/clp2k/images/validation/Princeton_34.jpg","data/CLP_dataset/clp2k/annotations/validation/Princeton_34.png","","",""
"","validation","104","data/CLP_dataset/clp2k/annotations_overlay/validation/Princeton_44.jpg","data/CLP_dataset/clp2k/images/validation/Princeton_44.jpg","data/CLP_dataset/clp2k/annotations/validation/Princeton_44.png","","",""
"","validation","105","data/CLP_dataset/clp2k/annotations_overlay/validation/Princeton_52.jpg","data/CLP_dataset/clp2k/images/validation/Princeton_52.jpg","data/CLP_dataset/clp2k/annotations/validation/Princeton_52.png","","",""
"","validation","106","data/CLP_dataset/clp2k/annotations_overlay/validation/Princeton_56.jpg","data/CLP_dataset/clp2k/images/validation/Princeton_56.jpg","data/CLP_dataset/clp2k/annotations/validation/Princeton_56.png","","",""
"","validation","107","data/CLP_dataset/clp2k/annotations_overlay/validation/Princeton_69.jpg","data/CLP_dataset/clp2k/images/validation/Princeton_69.jpg","data/CLP_dataset/clp2k/annotations/validation/Princeton_69.png","","",""
"","validation","108","data/CLP_dataset/clp2k/annotations_overlay/validation/Princeton_85.jpg","data/CLP_dataset/clp2k/images/validation/Princeton_85.jpg","data/CLP_dataset/clp2k/annotations/validation/Princeton_85.png","","",""
"","validation","109","data/CLP_dataset/clp2k/annotations_overlay/validation/Princeton_86.jpg","data/CLP_dataset/clp2k/images/validation/Princeton_86.jpg","data/CLP_dataset/clp2k/annotations/validation/Princeton_86.png","","",""
"","validation","110","data/CLP_dataset/clp2k/annotations_overlay/validation/Princeton_89.jpg","data/CLP_dataset/clp2k/images/validation/Princeton_89.jpg","data/CLP_dataset/clp2k/annotations/validation/Princeton_89.png","","",""
"","validation","111","data/CLP_dataset/clp2k/annotations_overlay/validation/Princeton_96.jpg","data/CLP_dataset/clp2k/images/validation/Princeton_96.jpg","data/CLP_dataset/clp2k/annotations/validation/Princeton_96.png","","",""
"","validation","112","data/CLP_dataset/clp2k/annotations_overlay/validation/qiuying_wangchuanshijingtu_24.jpg","data/CLP_dataset/clp2k/images/validation/qiuying_wangchuanshijingtu_24.jpg","data/CLP_dataset/clp2k/annotations/validation/qiuying_wangchuanshijingtu_24.png","","",""
"","validation","113","data/CLP_dataset/clp2k/annotations_overlay/validation/qiuying_wangchuanshijingtu_76.jpg","data/CLP_dataset/clp2k/images/validation/qiuying_wangchuanshijingtu_76.jpg","data/CLP_dataset/clp2k/annotations/validation/qiuying_wangchuanshijingtu_76.png","","",""
"","validation","114","data/CLP_dataset/clp2k/annotations_overlay/validation/qiuying_wangchuanshijingtu_95.jpg","data/CLP_dataset/clp2k/images/validation/qiuying_wangchuanshijingtu_95.jpg","data/CLP_dataset/clp2k/annotations/validation/qiuying_wangchuanshijingtu_95.png","","",""
"","validation","115","data/CLP_dataset/clp2k/annotations_overlay/validation/smithsonian_118.jpg","data/CLP_dataset/clp2k/images/validation/smithsonian_118.jpg","data/CLP_dataset/clp2k/annotations/validation/smithsonian_118.png","","",""
"","validation","116","data/CLP_dataset/clp2k/annotations_overlay/validation/smithsonian_12.jpg","data/CLP_dataset/clp2k/images/validation/smithsonian_12.jpg","data/CLP_dataset/clp2k/annotations/validation/smithsonian_12.png","","",""
"","validation","117","data/CLP_dataset/clp2k/annotations_overlay/validation/smithsonian_128.jpg","data/CLP_dataset/clp2k/images/validation/smithsonian_128.jpg","data/CLP_dataset/clp2k/annotations/validation/smithsonian_128.png","","",""
"","validation","118","data/CLP_dataset/clp2k/annotations_overlay/validation/smithsonian_129.jpg","data/CLP_dataset/clp2k/images/validation/smithsonian_129.jpg","data/CLP_dataset/clp2k/annotations/validation/smithsonian_129.png","","",""
"","validation","119","data/CLP_dataset/clp2k/annotations_overlay/validation/smithsonian_206.jpg","data/CLP_dataset/clp2k/images/validation/smithsonian_206.jpg","data/CLP_dataset/clp2k/annotations/validation/smithsonian_206.png","","",""
"","validation","120","data/CLP_dataset/clp2k/annotations_overlay/validation/smithsonian_218.jpg","data/CLP_dataset/clp2k/images/validation/smithsonian_218.jpg","data/CLP_dataset/clp2k/annotations/validation/smithsonian_218.png","","",""
"","validation","121","data/CLP_dataset/clp2k/annotations_overlay/validation/smithsonian_22.jpg","data/CLP_dataset/clp2k/images/validation/smithsonian_22.jpg","data/CLP_dataset/clp2k/annotations/validation/smithsonian_22.png","","",""
"","validation","122","data/CLP_dataset/clp2k/annotations_overlay/validation/smithsonian_226.jpg","data/CLP_dataset/clp2k/images/validation/smithsonian_226.jpg","data/CLP_dataset/clp2k/annotations/validation/smithsonian_226.png","","",""
"","validation","123","data/CLP_dataset/clp2k/annotations_overlay/validation/smithsonian_239.jpg","data/CLP_dataset/clp2k/images/validation/smithsonian_239.jpg","data/CLP_dataset/clp2k/annotations/validation/smithsonian_239.png","","",""
"","validation","124","data/CLP_dataset/clp2k/annotations_overlay/validation/smithsonian_247.jpg","data/CLP_dataset/clp2k/images/validation/smithsonian_247.jpg","data/CLP_dataset/clp2k/annotations/validation/smithsonian_247.png","","",""
"","validation","125","data/CLP_dataset/clp2k/annotations_overlay/validation/smithsonian_256.jpg","data/CLP_dataset/clp2k/images/validation/smithsonian_256.jpg","data/CLP_dataset/clp2k/annotations/validation/smithsonian_256.png","","",""
"","validation","126","data/CLP_dataset/clp2k/annotations_overlay/validation/smithsonian_257.jpg","data/CLP_dataset/clp2k/images/validation/smithsonian_257.jpg","data/CLP_dataset/clp2k/annotations/validation/smithsonian_257.png","","",""
"","validation","127","data/CLP_dataset/clp2k/annotations_overlay/validation/smithsonian_265.jpg","data/CLP_dataset/clp2k/images/validation/smithsonian_265.jpg","data/CLP_dataset/clp2k/annotations/validation/smithsonian_265.png","","",""
"","validation","128","data/CLP_dataset/clp2k/annotations_overlay/validation/smithsonian_309.jpg","data/CLP_dataset/clp2k/images/validation/smithsonian_309.jpg","data/CLP_dataset/clp2k/annotations/validation/smithsonian_309.png","","",""
"","validation","129","data/CLP_dataset/clp2k/annotations_overlay/validation/smithsonian_335.jpg","data/CLP_dataset/clp2k/images/validation/smithsonian_335.jpg","data/CLP_dataset/clp2k/annotations/validation/smithsonian_335.png","","",""
"","validation","130","data/CLP_dataset/clp2k/annotations_overlay/validation/smithsonian_354.jpg","data/CLP_dataset/clp2k/images/validation/smithsonian_354.jpg","data/CLP_dataset/clp2k/annotations/validation/smithsonian_354.png","","",""
"","validation","131","data/CLP_dataset/clp2k/annotations_overlay/validation/smithsonian_358.jpg","data/CLP_dataset/clp2k/images/validation/smithsonian_358.jpg","data/CLP_dataset/clp2k/annotations/validation/smithsonian_358.png","","",""
"","validation","132","data/CLP_dataset/clp2k/annotations_overlay/validation/smithsonian_362.jpg","data/CLP_dataset/clp2k/images/validation/smithsonian_362.jpg","data/CLP_dataset/clp2k/annotations/validation/smithsonian_362.png","","",""
"","validation","133","data/CLP_dataset/clp2k/annotations_overlay/validation/smithsonian_377.jpg","data/CLP_dataset/clp2k/images/validation/smithsonian_377.jpg","data/CLP_dataset/clp2k/annotations/validation/smithsonian_377.png","","",""
"","validation","134","data/CLP_dataset/clp2k/annotations_overlay/validation/smithsonian_383.jpg","data/CLP_dataset/clp2k/images/validation/smithsonian_383.jpg","data/CLP_dataset/clp2k/annotations/validation/smithsonian_383.png","","",""
"","validation","135","data/CLP_dataset/clp2k/annotations_overlay/validation/smithsonian_404.jpg","data/CLP_dataset/clp2k/images/validation/smithsonian_404.jpg","data/CLP_dataset/clp2k/annotations/validation/smithsonian_404.png","","",""
"","validation","136","data/CLP_dataset/clp2k/annotations_overlay/validation/smithsonian_405.jpg","data/CLP_dataset/clp2k/images/validation/smithsonian_405.jpg","data/CLP_dataset/clp2k/annotations/validation/smithsonian_405.png","","",""
"","validation","137","data/CLP_dataset/clp2k/annotations_overlay/validation/smithsonian_420.jpg","data/CLP_dataset/clp2k/images/validation/smithsonian_420.jpg","data/CLP_dataset/clp2k/annotations/validation/smithsonian_420.png","","",""
"","validation","138","data/CLP_dataset/clp2k/annotations_overlay/validation/smithsonian_428.jpg","data/CLP_dataset/clp2k/images/validation/smithsonian_428.jpg","data/CLP_dataset/clp2k/annotations/validation/smithsonian_428.png","","",""
"","validation","139","data/CLP_dataset/clp2k/annotations_overlay/validation/smithsonian_43.jpg","data/CLP_dataset/clp2k/images/validation/smithsonian_43.jpg","data/CLP_dataset/clp2k/annotations/validation/smithsonian_43.png","","",""
"","validation","140","data/CLP_dataset/clp2k/annotations_overlay/validation/smithsonian_444.jpg","data/CLP_dataset/clp2k/images/validation/smithsonian_444.jpg","data/CLP_dataset/clp2k/annotations/validation/smithsonian_444.png","","",""
"","validation","141","data/CLP_dataset/clp2k/annotations_overlay/validation/smithsonian_446.jpg","data/CLP_dataset/clp2k/images/validation/smithsonian_446.jpg","data/CLP_dataset/clp2k/annotations/validation/smithsonian_446.png","","",""
"","validation","142","data/CLP_dataset/clp2k/annotations_overlay/validation/smithsonian_45.jpg","data/CLP_dataset/clp2k/images/validation/smithsonian_45.jpg","data/CLP_dataset/clp2k/annotations/validation/smithsonian_45.png","","",""
"","validation","143","data/CLP_dataset/clp2k/annotations_overlay/validation/smithsonian_466.jpg","data/CLP_dataset/clp2k/images/validation/smithsonian_466.jpg","data/CLP_dataset/clp2k/annotations/validation/smithsonian_466.png","","",""
"","validation","144","data/CLP_dataset/clp2k/annotations_overlay/validation/smithsonian_473.jpg","data/CLP_dataset/clp2k/images/validation/smithsonian_473.jpg","data/CLP_dataset/clp2k/annotations/validation/smithsonian_473.png","","",""
"","validation","145","data/CLP_dataset/clp2k/annotations_overlay/validation/smithsonian_480.jpg","data/CLP_dataset/clp2k/images/validation/smithsonian_480.jpg","data/CLP_dataset/clp2k/annotations/validation/smithsonian_480.png","","",""
"","validation","146","data/CLP_dataset/clp2k/annotations_overlay/validation/smithsonian_483.jpg","data/CLP_dataset/clp2k/images/validation/smithsonian_483.jpg","data/CLP_dataset/clp2k/annotations/validation/smithsonian_483.png","","",""
"","validation","147","data/CLP_dataset/clp2k/annotations_overlay/validation/smithsonian_492.jpg","data/CLP_dataset/clp2k/images/validation/smithsonian_492.jpg","data/CLP_dataset/clp2k/annotations/validation/smithsonian_492.png","","",""
"","validation","148","data/CLP_dataset/clp2k/annotations_overlay/validation/smithsonian_513.jpg","data/CLP_dataset/clp2k/images/validation/smithsonian_513.jpg","data/CLP_dataset/clp2k/annotations/validation/smithsonian_513.png","","",""
"","validation","149","data/CLP_dataset/clp2k/annotations_overlay/validation/smithsonian_523.jpg","data/CLP_dataset/clp2k/images/validation/smithsonian_523.jpg","data/CLP_dataset/clp2k/annotations/validation/smithsonian_523.png","","",""
"","validation","150","data/CLP_dataset/clp2k/annotations_overlay/validation/smithsonian_534.jpg","data/CLP_dataset/clp2k/images/validation/smithsonian_534.jpg","data/CLP_dataset/clp2k/annotations/validation/smithsonian_534.png","","",""
"","validation","151","data/CLP_dataset/clp2k/annotations_overlay/validation/smithsonian_552.jpg","data/CLP_dataset/clp2k/images/validation/smithsonian_552.jpg","data/CLP_dataset/clp2k/annotations/validation/smithsonian_552.png","","",""
"","validation","152","data/CLP_dataset/clp2k/annotations_overlay/validation/smithsonian_573.jpg","data/CLP_dataset/clp2k/images/validation/smithsonian_573.jpg","data/CLP_dataset/clp2k/annotations/validation/smithsonian_573.png","","",""
"","validation","153","data/CLP_dataset/clp2k/annotations_overlay/validation/smithsonian_577.jpg","data/CLP_dataset/clp2k/images/validation/smithsonian_577.jpg","data/CLP_dataset/clp2k/annotations/validation/smithsonian_577.png","","",""
"","validation","154","data/CLP_dataset/clp2k/annotations_overlay/validation/smithsonian_578.jpg","data/CLP_dataset/clp2k/images/validation/smithsonian_578.jpg","data/CLP_dataset/clp2k/annotations/validation/smithsonian_578.png","","",""
"","validation","155","data/CLP_dataset/clp2k/annotations_overlay/validation/smithsonian_584.jpg","data/CLP_dataset/clp2k/images/validation/smithsonian_584.jpg","data/CLP_dataset/clp2k/annotations/validation/smithsonian_584.png","","",""
"","validation","156","data/CLP_dataset/clp2k/annotations_overlay/validation/smithsonian_629.jpg","data/CLP_dataset/clp2k/images/validation/smithsonian_629.jpg","data/CLP_dataset/clp2k/annotations/validation/smithsonian_629.png","","",""
"","validation","157","data/CLP_dataset/clp2k/annotations_overlay/validation/smithsonian_636.jpg","data/CLP_dataset/clp2k/images/validation/smithsonian_636.jpg","data/CLP_dataset/clp2k/annotations/validation/smithsonian_636.png","","",""
"","validation","158","data/CLP_dataset/clp2k/annotations_overlay/validation/smithsonian_638.jpg","data/CLP_dataset/clp2k/images/validation/smithsonian_638.jpg","data/CLP_dataset/clp2k/annotations/validation/smithsonian_638.png","","",""
"","validation","159","data/CLP_dataset/clp2k/annotations_overlay/validation/smithsonian_643.jpg","data/CLP_dataset/clp2k/images/validation/smithsonian_643.jpg","data/CLP_dataset/clp2k/annotations/validation/smithsonian_643.png","","",""
"","validation","160","data/CLP_dataset/clp2k/annotations_overlay/validation/smithsonian_653.jpg","data/CLP_dataset/clp2k/images/validation/smithsonian_653.jpg","data/CLP_dataset/clp2k/annotations/validation/smithsonian_653.png","","",""
"","validation","161","data/CLP_dataset/clp2k/annotations_overlay/validation/smithsonian_673.jpg","data/CLP_dataset/clp2k/images/validation/smithsonian_673.jpg","data/CLP_dataset/clp2k/annotations/validation/smithsonian_673.png","","",""
"","validation","162","data/CLP_dataset/clp2k/annotations_overlay/validation/smithsonian_675.jpg","data/CLP_dataset/clp2k/images/validation/smithsonian_675.jpg","data/CLP_dataset/clp2k/annotations/validation/smithsonian_675.png","","",""
"","validation","163","data/CLP_dataset/clp2k/annotations_overlay/validation/smithsonian_694.jpg","data/CLP_dataset/clp2k/images/validation/smithsonian_694.jpg","data/CLP_dataset/clp2k/annotations/validation/smithsonian_694.png","","",""
"","validation","164","data/CLP_dataset/clp2k/annotations_overlay/validation/smithsonian_700.jpg","data/CLP_dataset/clp2k/images/validation/smithsonian_700.jpg","data/CLP_dataset/clp2k/annotations/validation/smithsonian_700.png","","",""
"","validation","165","data/CLP_dataset/clp2k/annotations_overlay/validation/smithsonian_701.jpg","data/CLP_dataset/clp2k/images/validation/smithsonian_701.jpg","data/CLP_dataset/clp2k/annotations/validation/smithsonian_701.png","","",""
"","validation","166","data/CLP_dataset/clp2k/annotations_overlay/validation/smithsonian_709.jpg","data/CLP_dataset/clp2k/images/validation/smithsonian_709.jpg","data/CLP_dataset/clp2k/annotations/validation/smithsonian_709.png","","",""
"","validation","167","data/CLP_dataset/clp2k/annotations_overlay/validation/smithsonian_72.jpg","data/CLP_dataset/clp2k/images/validation/smithsonian_72.jpg","data/CLP_dataset/clp2k/annotations/validation/smithsonian_72.png","","",""
"","validation","168","data/CLP_dataset/clp2k/annotations_overlay/validation/smithsonian_727.jpg","data/CLP_dataset/clp2k/images/validation/smithsonian_727.jpg","data/CLP_dataset/clp2k/annotations/validation/smithsonian_727.png","","",""
"","validation","169","data/CLP_dataset/clp2k/annotations_overlay/validation/smithsonian_75.jpg","data/CLP_dataset/clp2k/images/validation/smithsonian_75.jpg","data/CLP_dataset/clp2k/annotations/validation/smithsonian_75.png","","",""
"","validation","170","data/CLP_dataset/clp2k/annotations_overlay/validation/smithsonian_750.jpg","data/CLP_dataset/clp2k/images/validation/smithsonian_750.jpg","data/CLP_dataset/clp2k/annotations/validation/smithsonian_750.png","","",""
"","validation","171","data/CLP_dataset/clp2k/annotations_overlay/validation/smithsonian_751.jpg","data/CLP_dataset/clp2k/images/validation/smithsonian_751.jpg","data/CLP_dataset/clp2k/annotations/validation/smithsonian_751.png","","",""
"","validation","172","data/CLP_dataset/clp2k/annotations_overlay/validation/smithsonian_758.jpg","data/CLP_dataset/clp2k/images/validation/smithsonian_758.jpg","data/CLP_dataset/clp2k/annotations/validation/smithsonian_758.png","","",""
"","validation","173","data/CLP_dataset/clp2k/annotations_overlay/validation/smithsonian_769.jpg","data/CLP_dataset/clp2k/images/validation/smithsonian_769.jpg","data/CLP_dataset/clp2k/annotations/validation/smithsonian_769.png","","",""
"","validation","174","data/CLP_dataset/clp2k/annotations_overlay/validation/smithsonian_776.jpg","data/CLP_dataset/clp2k/images/validation/smithsonian_776.jpg","data/CLP_dataset/clp2k/annotations/validation/smithsonian_776.png","","",""
"","validation","175","data/CLP_dataset/clp2k/annotations_overlay/validation/smithsonian_777.jpg","data/CLP_dataset/clp2k/images/validation/smithsonian_777.jpg","data/CLP_dataset/clp2k/annotations/validation/smithsonian_777.png","","",""
"","validation","176","data/CLP_dataset/clp2k/annotations_overlay/validation/smithsonian_783.jpg","data/CLP_dataset/clp2k/images/validation/smithsonian_783.jpg","data/CLP_dataset/clp2k/annotations/validation/smithsonian_783.png","","",""
"","validation","177","data/CLP_dataset/clp2k/annotations_overlay/validation/smithsonian_792.jpg","data/CLP_dataset/clp2k/images/validation/smithsonian_792.jpg","data/CLP_dataset/clp2k/annotations/validation/smithsonian_792.png","","",""
"","validation","178","data/CLP_dataset/clp2k/annotations_overlay/validation/smithsonian_793.jpg","data/CLP_dataset/clp2k/images/validation/smithsonian_793.jpg","data/CLP_dataset/clp2k/annotations/validation/smithsonian_793.png","","",""
"","validation","179","data/CLP_dataset/clp2k/annotations_overlay/validation/smithsonian_804.jpg","data/CLP_dataset/clp2k/images/validation/smithsonian_804.jpg","data/CLP_dataset/clp2k/annotations/validation/smithsonian_804.png","","",""
"","validation","180","data/CLP_dataset/clp2k/annotations_overlay/validation/smithsonian_806.jpg","data/CLP_dataset/clp2k/images/validation/smithsonian_806.jpg","data/CLP_dataset/clp2k/annotations/validation/smithsonian_806.png","","",""
"","validation","181","data/CLP_dataset/clp2k/annotations_overlay/validation/smithsonian_807.jpg","data/CLP_dataset/clp2k/images/validation/smithsonian_807.jpg","data/CLP_dataset/clp2k/annotations/validation/smithsonian_807.png","","",""
"","validation","182","data/CLP_dataset/clp2k/annotations_overlay/validation/smithsonian_815.jpg","data/CLP_dataset/clp2k/images/validation/smithsonian_815.jpg","data/CLP_dataset/clp2k/annotations/validation/smithsonian_815.png","","",""
"","validation","183","data/CLP_dataset/clp2k/annotations_overlay/validation/smithsonian_820.jpg","data/CLP_dataset/clp2k/images/validation/smithsonian_820.jpg","data/CLP_dataset/clp2k/annotations/validation/smithsonian_820.png","","",""
"","validation","184","data/CLP_dataset/clp2k/annotations_overlay/validation/smithsonian_824.jpg","data/CLP_dataset/clp2k/images/validation/smithsonian_824.jpg","data/CLP_dataset/clp2k/annotations/validation/smithsonian_824.png","","",""
"","validation","185","data/CLP_dataset/clp2k/annotations_overlay/validation/smithsonian_834.jpg","data/CLP_dataset/clp2k/images/validation/smithsonian_834.jpg","data/CLP_dataset/clp2k/annotations/validation/smithsonian_834.png","","",""
"","validation","186","data/CLP_dataset/clp2k/annotations_overlay/validation/smithsonian_84.jpg","data/CLP_dataset/clp2k/images/validation/smithsonian_84.jpg","data/CLP_dataset/clp2k/annotations/validation/smithsonian_84.png","","",""
"","validation","187","data/CLP_dataset/clp2k/annotations_overlay/validation/smithsonian_845.jpg","data/CLP_dataset/clp2k/images/validation/smithsonian_845.jpg","data/CLP_dataset/clp2k/annotations/validation/smithsonian_845.png","","",""
"","validation","188","data/CLP_dataset/clp2k/annotations_overlay/validation/smithsonian_860.jpg","data/CLP_dataset/clp2k/images/validation/smithsonian_860.jpg","data/CLP_dataset/clp2k/annotations/validation/smithsonian_860.png","","",""
"","validation","189","data/CLP_dataset/clp2k/annotations_overlay/validation/smithsonian_876.jpg","data/CLP_dataset/clp2k/images/validation/smithsonian_876.jpg","data/CLP_dataset/clp2k/annotations/validation/smithsonian_876.png","","",""
"","validation","190","data/CLP_dataset/clp2k/annotations_overlay/validation/smithsonian_878.jpg","data/CLP_dataset/clp2k/images/validation/smithsonian_878.jpg","data/CLP_dataset/clp2k/annotations/validation/smithsonian_878.png","","",""
"","validation","191","data/CLP_dataset/clp2k/annotations_overlay/validation/smithsonian_89.jpg","data/CLP_dataset/clp2k/images/validation/smithsonian_89.jpg","data/CLP_dataset/clp2k/annotations/validation/smithsonian_89.png","","",""
"","validation","192","data/CLP_dataset/clp2k/annotations_overlay/validation/taiguyiminjiangshanxinglvtu_37.jpg","data/CLP_dataset/clp2k/images/validation/taiguyiminjiangshanxinglvtu_37.jpg","data/CLP_dataset/clp2k/annotations/validation/taiguyiminjiangshanxinglvtu_37.png","","",""
"","validation","193","data/CLP_dataset/clp2k/annotations_overlay/validation/wangximen_107.jpg","data/CLP_dataset/clp2k/images/validation/wangximen_107.jpg","data/CLP_dataset/clp2k/annotations/validation/wangximen_107.png","","",""
"","validation","194","data/CLP_dataset/clp2k/annotations_overlay/validation/wangximen_159.jpg","data/CLP_dataset/clp2k/images/validation/wangximen_159.jpg","data/CLP_dataset/clp2k/annotations/validation/wangximen_159.png","","",""
"","validation","195","data/CLP_dataset/clp2k/annotations_overlay/validation/wangximen_168.jpg","data/CLP_dataset/clp2k/images/validation/wangximen_168.jpg","data/CLP_dataset/clp2k/annotations/validation/wangximen_168.png","","",""
"","validation","196","data/CLP_dataset/clp2k/annotations_overlay/validation/wangximen_171.jpg","data/CLP_dataset/clp2k/images/validation/wangximen_171.jpg","data/CLP_dataset/clp2k/annotations/validation/wangximen_171.png","","",""
"","validation","197","data/CLP_dataset/clp2k/annotations_overlay/validation/wangximen_23.jpg","data/CLP_dataset/clp2k/images/validation/wangximen_23.jpg","data/CLP_dataset/clp2k/annotations/validation/wangximen_23.png","","",""
"","validation","198","data/CLP_dataset/clp2k/annotations_overlay/validation/wangximen_35.jpg","data/CLP_dataset/clp2k/images/validation/wangximen_35.jpg","data/CLP_dataset/clp2k/annotations/validation/wangximen_35.png","","",""
"","validation","199","data/CLP_dataset/clp2k/annotations_overlay/validation/wangximen_56.jpg","data/CLP_dataset/clp2k/images/validation/wangximen_56.jpg","data/CLP_dataset/clp2k/annotations/validation/wangximen_56.png","","",""
"","validation","200","data/CLP_dataset/clp2k/annotations_overlay/validation/wangximen_65.jpg","data/CLP_dataset/clp2k/images/validation/wangximen_65.jpg","data/CLP_dataset/clp2k/annotations/validation/wangximen_65.png","","",""
"","validation","201","data/CLP_dataset/clp2k/annotations_overlay/validation/wen-zhengming_peach-blossom-spring_9.jpg","data/CLP_dataset/clp2k/images/validation/wen-zhengming_peach-blossom-spring_9.jpg","data/CLP_dataset/clp2k/annotations/validation/wen-zhengming_peach-blossom-spring_9.png","","",""
"","validation","202","data/CLP_dataset/clp2k/annotations_overlay/validation/wu-yuanzhi_red-cliff_4.jpg","data/CLP_dataset/clp2k/images/validation/wu-yuanzhi_red-cliff_4.jpg","data/CLP_dataset/clp2k/annotations/validation/wu-yuanzhi_red-cliff_4.png","","",""
"","validation","203","data/CLP_dataset/clp2k/annotations_overlay/validation/xiaoyuncun_qiushanxinglvtu_45.jpg","data/CLP_dataset/clp2k/images/validation/xiaoyuncun_qiushanxinglvtu_45.jpg","data/CLP_dataset/clp2k/annotations/validation/xiaoyuncun_qiushanxinglvtu_45.png","","",""
"","validation","204","data/CLP_dataset/clp2k/annotations_overlay/validation/xiaoyuncun_qiushanxinglvtu_51.jpg","data/CLP_dataset/clp2k/images/validation/xiaoyuncun_qiushanxinglvtu_51.jpg","data/CLP_dataset/clp2k/annotations/validation/xiaoyuncun_qiushanxinglvtu_51.png","","",""
"","validation","205","data/CLP_dataset/clp2k/annotations_overlay/validation/xiaoyuncun_qiushanxinglvtu_57.jpg","data/CLP_dataset/clp2k/images/validation/xiaoyuncun_qiushanxinglvtu_57.jpg","data/CLP_dataset/clp2k/annotations/validation/xiaoyuncun_qiushanxinglvtu_57.png","","",""
"","validation","206","data/CLP_dataset/clp2k/annotations_overlay/validation/zhao-gan_early-snow-on-the-river_28.jpg","data/CLP_dataset/clp2k/images/validation/zhao-gan_early-snow-on-the-river_28.jpg","data/CLP_dataset/clp2k/annotations/validation/zhao-gan_early-snow-on-the-river_28.png","","",""
"","validation","207","data/CLP_dataset/clp2k/annotations_overlay/validation/zouzhe_xiangjiaoqiuwutu_11.jpg","data/CLP_dataset/clp2k/images/validation/zouzhe_xiangjiaoqiuwutu_11.jpg","data/CLP_dataset/clp2k/annotations/validation/zouzhe_xiangjiaoqiuwutu_11.png","","",""